datetime,open,high,low,close,volume
2026-08-03T09:05:00+0530,143706.0,143732.0,143678.0,143701.0,47
2026-08-03T09:10:00+0530,143701.0,143740.0,143651.0,143651.0,63
2026-08-03T09:15:00+0530,143689.0,143721.0,143650.0,143715.0,49
2026-08-03T09:20:00+0530,143715.0,143785.0,143700.0,143768.0,41
2026-08-03T09:25:00+0530,143768.0,143818.0,143768.0,143818.0,29
2026-08-03T09:30:00+0530,143818.0,143922.0,143805.0,143897.0,70
2026-08-03T09:35:00+0530,143897.0,143970.0,143841.0,143841.0,64
2026-08-03T09:40:00+0530,143834.0,143834.0,143809.0,143827.0,17
2026-08-03T09:45:00+0530,143827.0,143940.0,143827.0,143940.0,13
2026-08-03T09:50:00+0530,143940.0,143966.0,143910.0,143935.0,41
2026-08-03T09:55:00+0530,143935.0,143960.0,143893.0,143910.0,57
2026-08-03T10:00:00+0530,143910.0,143990.0,143910.0,143990.0,36
2026-08-03T10:05:00+0530,143990.0,144039.0,143967.0,144031.0,100
2026-08-03T10:10:00+0530,144031.0,144053.0,143982.0,144011.0,75
2026-08-03T10:15:00+0530,144011.0,144020.0,143910.0,143975.0,38
2026-08-03T10:20:00+0530,143975.0,143975.0,143847.0,143879.0,31
2026-08-03T10:25:00+0530,143879.0,143885.0,143798.0,143798.0,35
2026-08-03T10:30:00+0530,143798.0,143820.0,143750.0,143784.0,35
2026-08-03T10:35:00+0530,143784.0,143806.0,143750.0,143770.0,12
2026-08-03T10:40:00+0530,143770.0,143770.0,143680.0,143699.0,38
2026-08-03T10:45:00+0530,143699.0,143717.0,143647.0,143707.0,42
2026-08-03T10:50:00+0530,143707.0,143786.0,143707.0,143761.0,47
2026-08-03T10:55:00+0530,143761.0,143844.0,143761.0,143785.0,43
2026-08-03T11:00:00+0530,143785.0,143840.0,143761.0,143784.0,26
2026-08-03T11:05:00+0530,143784.0,143830.0,143736.0,143794.0,18
2026-08-03T11:10:00+0530,143794.0,143930.0,143783.0,143906.0,41
2026-08-03T11:15:00+0530,143906.0,143906.0,143735.0,143735.0,19
2026-08-03T11:20:00+0530,143735.0,143835.0,143735.0,143795.0,52
2026-08-03T11:25:00+0530,143795.0,143959.0,143795.0,143905.0,34
2026-08-03T11:30:00+0530,143905.0,143972.0,143872.0,143937.0,44
2026-08-03T11:35:00+0530,143937.0,143980.0,143881.0,143928.0,63
2026-08-03T11:40:00+0530,143928.0,143928.0,143875.0,143875.0,52
2026-08-03T11:45:00+0530,143875.0,143966.0,143871.0,143897.0,121
2026-08-03T11:50:00+0530,143897.0,143960.0,143890.0,143914.0,44
2026-08-03T11:55:00+0530,143914.0,144000.0,143910.0,143971.0,97
2026-08-03T12:00:00+0530,143971.0,144006.0,143890.0,143927.0,188
2026-08-03T12:05:00+0530,143866.0,143956.0,143866.0,143875.0,39
2026-08-03T12:10:00+0530,143875.0,143910.0,143875.0,143882.0,6
2026-08-03T12:15:00+0530,143882.0,143932.0,143882.0,143932.0,10
2026-08-03T12:20:00+0530,143932.0,143932.0,143912.0,143919.0,4
2026-08-03T12:25:00+0530,143919.0,143968.0,143880.0,143968.0,56
2026-08-03T12:30:00+0530,143968.0,144100.0,143887.0,143925.0,234
2026-08-03T12:35:00+0530,143925.0,143986.0,143889.0,143933.0,22
2026-08-03T12:40:00+0530,143933.0,143933.0,143897.0,143897.0,5
2026-08-03T12:45:00+0530,143875.0,143879.0,143773.0,143843.0,94
2026-08-03T12:50:00+0530,143843.0,143843.0,143751.0,143805.0,34
2026-08-03T12:55:00+0530,143805.0,143946.0,143805.0,143946.0,96
2026-08-03T13:00:00+0530,143946.0,144009.0,143873.0,143951.0,275
2026-08-03T13:05:00+0530,143951.0,143959.0,143903.0,143909.0,35
2026-08-03T13:10:00+0530,143909.0,143946.0,143901.0,143901.0,8
2026-08-03T13:15:00+0530,143901.0,144001.0,143901.0,143950.0,132
2026-08-03T13:20:00+0530,143950.0,143950.0,143901.0,143941.0,33
2026-08-03T13:25:00+0530,143941.0,143987.0,143925.0,143939.0,36
2026-08-03T13:30:00+0530,143939.0,143955.0,143925.0,143925.0,14
2026-08-03T13:35:00+0530,143925.0,143925.0,143848.0,143856.0,13
2026-08-03T13:40:00+0530,143856.0,143924.0,143856.0,143924.0,10
2026-08-03T13:45:00+0530,143924.0,143924.0,143818.0,143818.0,19
2026-08-03T13:50:00+0530,143818.0,143819.0,143794.0,143794.0,12
2026-08-03T13:55:00+0530,143794.0,143804.0,143742.0,143742.0,19
2026-08-03T14:00:00+0530,143742.0,143772.0,143700.0,143750.0,57
2026-08-03T14:05:00+0530,143750.0,143818.0,143724.0,143802.0,44
2026-08-03T14:10:00+0530,143802.0,143802.0,143764.0,143764.0,2
2026-08-03T14:15:00+0530,143764.0,143771.0,143764.0,143771.0,5
2026-08-03T14:20:00+0530,143771.0,143817.0,143746.0,143766.0,12
2026-08-03T14:25:00+0530,143766.0,143814.0,143729.0,143801.0,19
2026-08-03T14:30:00+0530,143801.0,143880.0,143801.0,143834.0,63
2026-08-03T14:35:00+0530,143834.0,143868.0,143834.0,143850.0,8
2026-08-03T14:40:00+0530,143850.0,143975.0,143850.0,143931.0,82
2026-08-03T14:45:00+0530,143930.0,143968.0,143885.0,143900.0,45
2026-08-03T14:50:00+0530,143900.0,143900.0,143761.0,143804.0,30
2026-08-03T14:55:00+0530,143804.0,143870.0,143800.0,143841.0,39
2026-08-03T15:00:00+0530,143841.0,143841.0,143637.0,143676.0,166
2026-08-03T15:05:00+0530,143676.0,143730.0,143640.0,143718.0,26
2026-08-03T15:10:00+0530,143718.0,143767.0,143669.0,143669.0,52
2026-08-03T15:15:00+0530,143669.0,143772.0,143669.0,143772.0,34
2026-08-03T15:20:00+0530,143772.0,143820.0,143772.0,143820.0,17
2026-08-03T15:25:00+0530,143820.0,143868.0,143746.0,143780.0,63
2026-08-03T15:30:00+0530,143780.0,143780.0,143762.0,143778.0,5
2026-08-03T15:35:00+0530,143778.0,143778.0,143731.0,143731.0,2
2026-08-03T15:40:00+0530,143731.0,143867.0,143731.0,143776.0,17
2026-08-03T15:45:00+0530,143776.0,143793.0,143755.0,143787.0,17
2026-08-03T15:50:00+0530,143788.0,143800.0,143746.0,143767.0,8
2026-08-03T15:55:00+0530,143767.0,143795.0,143767.0,143795.0,6
2026-08-03T16:00:00+0530,143795.0,143795.0,143687.0,143735.0,21
2026-08-03T16:05:00+0530,143735.0,143800.0,143729.0,143746.0,53
2026-08-03T16:10:00+0530,143746.0,143747.0,143677.0,143687.0,18
2026-08-03T16:15:00+0530,143687.0,143717.0,143672.0,143717.0,13
2026-08-03T16:20:00+0530,143717.0,143717.0,143631.0,143666.0,58
2026-08-03T16:25:00+0530,143666.0,143672.0,143637.0,143665.0,7
2026-08-03T16:30:00+0530,143665.0,143700.0,143648.0,143690.0,7
2026-08-03T16:35:00+0530,143690.0,143747.0,143653.0,143653.0,21
2026-08-03T16:40:00+0530,143653.0,143653.0,143448.0,143470.0,281
2026-08-03T16:45:00+0530,143470.0,143591.0,143470.0,143531.0,64
2026-08-03T16:50:00+0530,143531.0,143580.0,143530.0,143530.0,31
2026-08-03T16:55:00+0530,143530.0,143580.0,143530.0,143530.0,17
2026-08-03T17:00:00+0530,143530.0,143598.0,143530.0,143588.0,11
2026-08-03T17:05:00+0530,143588.0,143598.0,143559.0,143598.0,11
2026-08-03T17:10:00+0530,143598.0,143693.0,143576.0,143680.0,24
2026-08-03T17:15:00+0530,143680.0,143789.0,143680.0,143789.0,31
2026-08-03T17:20:00+0530,143789.0,143940.0,143771.0,143915.0,166
2026-08-03T17:25:00+0530,143915.0,143932.0,143867.0,143930.0,33
2026-08-03T17:30:00+0530,143930.0,143955.0,143860.0,143872.0,38
2026-08-03T17:35:00+0530,143872.0,143872.0,143801.0,143866.0,23
2026-08-03T17:40:00+0530,143866.0,143866.0,143727.0,143760.0,14
2026-08-03T17:45:00+0530,143760.0,143785.0,143680.0,143680.0,13
2026-08-03T17:50:00+0530,143680.0,143698.0,143630.0,143674.0,51
2026-08-03T17:55:00+0530,143674.0,143674.0,143600.0,143602.0,23
2026-08-03T18:00:00+0530,143602.0,143644.0,143507.0,143620.0,70
2026-08-03T18:05:00+0530,143620.0,143620.0,143450.0,143500.0,100
2026-08-03T18:10:00+0530,143500.0,143500.0,143277.0,143364.0,266
2026-08-03T18:15:00+0530,143364.0,143430.0,143335.0,143352.0,63
2026-08-03T18:20:00+0530,143352.0,143500.0,143352.0,143500.0,74
2026-08-03T18:25:00+0530,143500.0,143550.0,143400.0,143422.0,73
2026-08-03T18:30:00+0530,143422.0,143573.0,143231.0,143291.0,166
2026-08-03T18:35:00+0530,143291.0,143369.0,143201.0,143201.0,152
2026-08-03T18:40:00+0530,143201.0,143300.0,143136.0,143187.0,109
2026-08-03T18:45:00+0530,143187.0,143187.0,143004.0,143006.0,231
2026-08-03T18:50:00+0530,143006.0,143046.0,142973.0,142974.0,111
2026-08-03T18:55:00+0530,142974.0,143074.0,142877.0,143025.0,132
2026-08-03T19:00:00+0530,143025.0,143095.0,142923.0,142947.0,58
2026-08-03T19:05:00+0530,142947.0,142947.0,142662.0,142936.0,145
2026-08-03T19:10:00+0530,142936.0,143144.0,142936.0,143050.0,89
2026-08-03T19:15:00+0530,143050.0,143124.0,142989.0,143100.0,50
2026-08-03T19:20:00+0530,143100.0,143122.0,143030.0,143086.0,29
2026-08-03T19:25:00+0530,143086.0,143125.0,143068.0,143106.0,32
2026-08-03T19:30:00+0530,143106.0,143115.0,142911.0,143015.0,126
2026-08-03T19:35:00+0530,143015.0,143113.0,142990.0,142990.0,20
2026-08-03T19:40:00+0530,142990.0,143053.0,142931.0,143053.0,63
2026-08-03T19:45:00+0530,143053.0,143087.0,143019.0,143060.0,22
2026-08-03T19:50:00+0530,143060.0,143088.0,143000.0,143022.0,32
2026-08-03T19:55:00+0530,143022.0,143051.0,143003.0,143003.0,41
2026-08-03T20:00:00+0530,143003.0,143073.0,142952.0,143073.0,22
2026-08-03T20:05:00+0530,143073.0,143155.0,143030.0,143030.0,39
2026-08-03T20:10:00+0530,143030.0,143122.0,143027.0,143120.0,7
2026-08-03T20:15:00+0530,143120.0,143120.0,142975.0,142975.0,42
2026-08-03T20:20:00+0530,142975.0,143060.0,142960.0,142971.0,74
2026-08-03T20:25:00+0530,142971.0,143100.0,142971.0,143014.0,26
2026-08-03T20:30:00+0530,143014.0,143050.0,142962.0,142962.0,9
2026-08-03T20:35:00+0530,142962.0,143069.0,142890.0,143039.0,98
2026-08-03T20:40:00+0530,143039.0,143053.0,142950.0,142970.0,35
2026-08-03T20:45:00+0530,142970.0,143149.0,142970.0,143100.0,36
2026-08-03T20:50:00+0530,143100.0,143100.0,143036.0,143086.0,44
2026-08-03T20:55:00+0530,143086.0,143086.0,142944.0,142960.0,119
2026-08-03T21:00:00+0530,142960.0,142985.0,142927.0,142935.0,15
2026-08-03T21:05:00+0530,142935.0,143080.0,142935.0,143070.0,31
2026-08-03T21:10:00+0530,143070.0,143086.0,143053.0,143075.0,8
2026-08-03T21:15:00+0530,143075.0,143148.0,143075.0,143120.0,29
2026-08-03T21:20:00+0530,143120.0,143149.0,143120.0,143140.0,19
2026-08-03T21:25:00+0530,143140.0,143140.0,143045.0,143099.0,20
2026-08-03T21:30:00+0530,143099.0,143142.0,143010.0,143014.0,82
2026-08-03T21:35:00+0530,143014.0,143062.0,142960.0,143022.0,42
2026-08-03T21:40:00+0530,143022.0,143058.0,142991.0,143046.0,17
2026-08-03T21:45:00+0530,143046.0,143111.0,143043.0,143111.0,21
2026-08-03T21:50:00+0530,143111.0,143111.0,143048.0,143048.0,3
2026-08-03T21:55:00+0530,143048.0,143111.0,143048.0,143100.0,7
2026-08-03T22:00:00+0530,143100.0,143128.0,143100.0,143128.0,8
2026-08-03T22:05:00+0530,143128.0,143128.0,143101.0,143122.0,6
2026-08-03T22:10:00+0530,143122.0,143148.0,143122.0,143148.0,11
2026-08-03T22:15:00+0530,143148.0,143149.0,143140.0,143149.0,7
2026-08-03T22:20:00+0530,143149.0,143150.0,143120.0,143120.0,9
2026-08-03T22:25:00+0530,143120.0,143130.0,143100.0,143130.0,4
2026-08-03T22:30:00+0530,143130.0,143130.0,143075.0,143075.0,27
2026-08-03T22:35:00+0530,143075.0,143090.0,143050.0,143061.0,21
2026-08-03T22:40:00+0530,143061.0,143061.0,143009.0,143009.0,12
2026-08-03T22:45:00+0530,143009.0,143130.0,143009.0,143130.0,11
2026-08-03T22:50:00+0530,143130.0,143130.0,143029.0,143074.0,27
2026-08-03T22:55:00+0530,143074.0,143074.0,143015.0,143062.0,34
2026-08-03T23:00:00+0530,143062.0,143074.0,143000.0,143074.0,16
2026-08-03T23:05:00+0530,143074.0,143074.0,143000.0,143059.0,33
2026-08-03T23:10:00+0530,143059.0,143059.0,143000.0,143051.0,34
2026-08-03T23:15:00+0530,143051.0,143079.0,143011.0,143058.0,26
2026-08-03T23:20:00+0530,143063.0,143093.0,143002.0,143015.0,23
2026-08-03T23:25:00+0530,143015.0,143101.0,142961.0,143000.0,106
2026-08-04T09:00:00+0530,143615.0,143934.0,143055.0,143680.0,305
2026-08-04T09:05:00+0530,143680.0,143680.0,143531.0,143550.0,106
2026-08-04T09:10:00+0530,143550.0,143552.0,143440.0,143500.0,75
2026-08-04T09:15:00+0530,143500.0,143521.0,143447.0,143503.0,25
2026-08-04T09:20:00+0530,143503.0,143580.0,143503.0,143564.0,7
2026-08-04T09:25:00+0530,143564.0,143564.0,143394.0,143417.0,25
2026-08-04T09:30:00+0530,143417.0,143457.0,143417.0,143444.0,14
2026-08-04T09:35:00+0530,143444.0,143474.0,143427.0,143445.0,28
2026-08-04T09:40:00+0530,143445.0,143569.0,143426.0,143525.0,31
2026-08-04T09:45:00+0530,143525.0,143654.0,143525.0,143560.0,71
2026-08-04T09:50:00+0530,143560.0,143560.0,143525.0,143525.0,5
2026-08-04T09:55:00+0530,143525.0,143699.0,143525.0,143699.0,56
2026-08-04T10:00:00+0530,143699.0,143800.0,143677.0,143792.0,82
2026-08-04T10:05:00+0530,143792.0,143844.0,143747.0,143829.0,100
2026-08-04T10:10:00+0530,143829.0,143829.0,143742.0,143742.0,31
2026-08-04T10:15:00+0530,143742.0,143848.0,143741.0,143799.0,60
2026-08-04T10:20:00+0530,143799.0,143858.0,143781.0,143801.0,67
2026-08-04T10:25:00+0530,143801.0,143817.0,143767.0,143807.0,52
2026-08-04T10:30:00+0530,143807.0,143820.0,143746.0,143746.0,32
2026-08-04T10:35:00+0530,143746.0,143765.0,143601.0,143601.0,31
2026-08-04T10:40:00+0530,143601.0,143700.0,143601.0,143682.0,16
2026-08-04T10:45:00+0530,143682.0,143728.0,143681.0,143691.0,8
2026-08-04T10:50:00+0530,143691.0,143715.0,143691.0,143698.0,5
2026-08-04T10:55:00+0530,143698.0,143750.0,143698.0,143750.0,8
2026-08-04T11:00:00+0530,143750.0,143890.0,143750.0,143821.0,186
2026-08-04T11:05:00+0530,143821.0,143864.0,143785.0,143825.0,20
2026-08-04T11:10:00+0530,143825.0,143825.0,143775.0,143783.0,4
2026-08-04T11:15:00+0530,143783.0,143839.0,143783.0,143839.0,5
2026-08-04T11:20:00+0530,143839.0,143928.0,143806.0,143822.0,179
2026-08-04T11:25:00+0530,143822.0,143849.0,143792.0,143811.0,83
2026-08-04T11:30:00+0530,143811.0,143900.0,143811.0,143892.0,16
2026-08-04T11:35:00+0530,143892.0,143892.0,143855.0,143860.0,18
2026-08-04T11:40:00+0530,143855.0,143920.0,143842.0,143885.0,56
2026-08-04T11:45:00+0530,143885.0,143909.0,143823.0,143853.0,19
2026-08-04T11:50:00+0530,143853.0,143861.0,143831.0,143850.0,12
2026-08-04T11:55:00+0530,143850.0,143885.0,143836.0,143836.0,15
2026-08-04T12:00:00+0530,143836.0,143836.0,143750.0,143750.0,15
2026-08-04T12:05:00+0530,143750.0,143755.0,143713.0,143727.0,10
2026-08-04T12:10:00+0530,143727.0,143794.0,143724.0,143749.0,19
2026-08-04T12:15:00+0530,143749.0,143794.0,143749.0,143794.0,1
2026-08-04T12:20:00+0530,143794.0,143794.0,143782.0,143783.0,3
2026-08-04T12:25:00+0530,143783.0,143941.0,143783.0,143917.0,312
2026-08-04T12:30:00+0530,143917.0,143944.0,143887.0,143934.0,124
2026-08-04T12:35:00+0530,143934.0,143934.0,143843.0,143856.0,18
2026-08-04T12:40:00+0530,143856.0,143945.0,143846.0,143846.0,57
2026-08-04T12:45:00+0530,143846.0,143921.0,143846.0,143921.0,23
2026-08-04T12:50:00+0530,143921.0,143921.0,143839.0,143861.0,22
2026-08-04T12:55:00+0530,143861.0,143885.0,143840.0,143860.0,13
2026-08-04T13:00:00+0530,143860.0,143938.0,143860.0,143931.0,92
2026-08-04T13:05:00+0530,143870.0,143941.0,143856.0,143856.0,52
2026-08-04T13:10:00+0530,143856.0,143895.0,143856.0,143862.0,8
2026-08-04T13:15:00+0530,143862.0,143910.0,143840.0,143886.0,63
2026-08-04T13:20:00+0530,143886.0,143889.0,143833.0,143833.0,32
2026-08-04T13:25:00+0530,143833.0,143924.0,143833.0,143878.0,26
2026-08-04T13:30:00+0530,143878.0,144049.0,143857.0,144025.0,200
2026-08-04T13:35:00+0530,144025.0,144090.0,144011.0,144015.0,71
2026-08-04T13:40:00+0530,144015.0,144098.0,144010.0,144096.0,63
2026-08-04T13:45:00+0530,144096.0,144096.0,143950.0,143950.0,26
2026-08-04T13:50:00+0530,143950.0,143978.0,143851.0,143860.0,23
2026-08-04T13:55:00+0530,143860.0,143875.0,143853.0,143861.0,5
2026-08-04T14:00:00+0530,143861.0,143914.0,143853.0,143900.0,27
2026-08-04T14:05:00+0530,143900.0,143900.0,143800.0,143800.0,18
2026-08-04T14:10:00+0530,143800.0,143803.0,143755.0,143760.0,12
2026-08-04T14:15:00+0530,143760.0,143770.0,143677.0,143684.0,48
2026-08-04T14:20:00+0530,143684.0,143737.0,143675.0,143737.0,36
2026-08-04T14:25:00+0530,143737.0,143737.0,143650.0,143650.0,83
2026-08-04T14:30:00+0530,143650.0,143683.0,143650.0,143674.0,9
2026-08-04T14:35:00+0530,143674.0,143678.0,143605.0,143629.0,21
2026-08-04T14:40:00+0530,143629.0,143629.0,143531.0,143557.0,115
2026-08-04T14:45:00+0530,143557.0,143616.0,143540.0,143615.0,27
2026-08-04T14:50:00+0530,143617.0,143642.0,143600.0,143624.0,11
2026-08-04T14:55:00+0530,143624.0,143624.0,143601.0,143610.0,7
2026-08-04T15:00:00+0530,143610.0,143634.0,143600.0,143603.0,11
2026-08-04T15:05:00+0530,143603.0,143603.0,143516.0,143516.0,31
2026-08-04T15:10:00+0530,143516.0,143598.0,143516.0,143598.0,5
2026-08-04T15:15:00+0530,143598.0,143650.0,143560.0,143650.0,35
2026-08-04T15:20:00+0530,143650.0,143650.0,143562.0,143562.0,31
2026-08-04T15:25:00+0530,143562.0,143598.0,143558.0,143558.0,20
2026-08-04T15:30:00+0530,143558.0,143627.0,143552.0,143627.0,4
2026-08-04T15:35:00+0530,143627.0,143639.0,143552.0,143580.0,11
2026-08-04T15:40:00+0530,143580.0,143612.0,143580.0,143589.0,4
2026-08-04T15:45:00+0530,143589.0,143589.0,143544.0,143552.0,14
2026-08-04T15:50:00+0530,143552.0,143583.0,143500.0,143504.0,103
2026-08-04T15:55:00+0530,143504.0,143549.0,143491.0,143549.0,23
2026-08-04T16:00:00+0530,143549.0,143600.0,143549.0,143590.0,9
2026-08-04T16:05:00+0530,143590.0,143621.0,143566.0,143591.0,9
2026-08-04T16:10:00+0530,143591.0,143629.0,143517.0,143629.0,47
2026-08-04T16:15:00+0530,143629.0,143846.0,143618.0,143780.0,73
2026-08-04T16:20:00+0530,143780.0,143836.0,143737.0,143804.0,62
2026-08-04T16:25:00+0530,143804.0,143804.0,143750.0,143768.0,13
2026-08-04T16:30:00+0530,143768.0,143768.0,143711.0,143744.0,10
2026-08-04T16:35:00+0530,143744.0,143765.0,143731.0,143750.0,10
2026-08-04T16:40:00+0530,143750.0,143820.0,143750.0,143800.0,21
2026-08-04T16:45:00+0530,143800.0,143849.0,143774.0,143830.0,35
2026-08-04T16:50:00+0530,143830.0,143889.0,143830.0,143881.0,25
2026-08-04T16:55:00+0530,143881.0,143890.0,143850.0,143863.0,30
2026-08-04T17:00:00+0530,143863.0,143955.0,143863.0,143936.0,45
2026-08-04T17:05:00+0530,143936.0,143936.0,143865.0,143865.0,14
2026-08-04T17:10:00+0530,143865.0,143950.0,143815.0,143950.0,32
2026-08-04T17:15:00+0530,143950.0,144210.0,143950.0,144173.0,180
2026-08-04T17:20:00+0530,144173.0,144425.0,144158.0,144210.0,267
2026-08-04T17:25:00+0530,144210.0,144252.0,144072.0,144220.0,109
2026-08-04T17:30:00+0530,144191.0,144191.0,144000.0,144029.0,48
2026-08-04T17:35:00+0530,144029.0,144072.0,143912.0,143970.0,97
2026-08-04T17:40:00+0530,143970.0,143970.0,143895.0,143920.0,166
2026-08-04T17:45:00+0530,143920.0,143974.0,143911.0,143960.0,54
2026-08-04T17:50:00+0530,143976.0,144084.0,143966.0,144044.0,77
2026-08-04T17:55:00+0530,144044.0,144099.0,144031.0,144048.0,29
2026-08-04T18:00:00+0530,144048.0,144231.0,144048.0,144195.0,69
2026-08-04T18:05:00+0530,144195.0,144350.0,144195.0,144299.0,186
2026-08-04T18:10:00+0530,144299.0,144350.0,144205.0,144205.0,62
2026-08-04T18:15:00+0530,144205.0,144221.0,144161.0,144221.0,30
2026-08-04T18:20:00+0530,144221.0,144221.0,144115.0,144145.0,37
2026-08-04T18:25:00+0530,144145.0,144145.0,144015.0,144015.0,61
2026-08-04T18:30:00+0530,144015.0,144055.0,143880.0,143900.0,89
2026-08-04T18:35:00+0530,143900.0,143936.0,143852.0,143919.0,34
2026-08-04T18:40:00+0530,143919.0,143993.0,143893.0,143939.0,22
2026-08-04T18:45:00+0530,143939.0,144000.0,143861.0,143943.0,53
2026-08-04T18:50:00+0530,143943.0,144456.0,143943.0,144300.0,221
2026-08-04T18:55:00+0530,144300.0,144300.0,144137.0,144152.0,80
2026-08-04T19:00:00+0530,144152.0,144282.0,144092.0,144233.0,61
2026-08-04T19:05:00+0530,144233.0,144300.0,144200.0,144216.0,33
2026-08-04T19:10:00+0530,144216.0,144320.0,144216.0,144253.0,24
2026-08-04T19:15:00+0530,144253.0,144388.0,144136.0,144388.0,98
2026-08-04T19:20:00+0530,144388.0,144391.0,144211.0,144226.0,44
2026-08-04T19:25:00+0530,144226.0,144268.0,144184.0,144184.0,45
2026-08-04T19:30:00+0530,144184.0,144330.0,144178.0,144292.0,67
2026-08-04T19:35:00+0530,144292.0,144340.0,144228.0,144316.0,58
2026-08-04T19:40:00+0530,144316.0,144354.0,144283.0,144311.0,56
2026-08-04T19:45:00+0530,144311.0,144364.0,144194.0,144194.0,15
2026-08-04T19:50:00+0530,144194.0,144228.0,144157.0,144176.0,20
2026-08-04T19:55:00+0530,144176.0,144278.0,144151.0,144243.0,71
2026-08-04T20:00:00+0530,144243.0,144293.0,144144.0,144144.0,47
2026-08-04T20:05:00+0530,144173.0,144200.0,144056.0,144122.0,103
2026-08-04T20:10:00+0530,144122.0,144190.0,144076.0,144132.0,61
2026-08-04T20:15:00+0530,144132.0,144220.0,144105.0,144193.0,61
2026-08-04T20:20:00+0530,144193.0,144259.0,144180.0,144252.0,24
2026-08-04T20:25:00+0530,144252.0,144252.0,144205.0,144250.0,24
2026-08-04T20:30:00+0530,144250.0,144250.0,144179.0,144240.0,19
2026-08-04T20:35:00+0530,144240.0,144240.0,144162.0,144219.0,31
2026-08-04T20:40:00+0530,144219.0,144269.0,144219.0,144225.0,52
2026-08-04T20:45:00+0530,144225.0,144271.0,144100.0,144120.0,67
2026-08-04T20:50:00+0530,144120.0,144134.0,144100.0,144118.0,28
2026-08-04T20:55:00+0530,144118.0,144150.0,144100.0,144149.0,21
2026-08-04T21:00:00+0530,144149.0,144157.0,144088.0,144088.0,29
2026-08-04T21:05:00+0530,144088.0,144316.0,144077.0,144206.0,81
2026-08-04T21:10:00+0530,144206.0,144260.0,144206.0,144219.0,8
2026-08-04T21:15:00+0530,144219.0,144247.0,144182.0,144222.0,21
2026-08-04T21:20:00+0530,144222.0,144283.0,144216.0,144283.0,16
2026-08-04T21:25:00+0530,144283.0,144303.0,144250.0,144285.0,14
2026-08-04T21:30:00+0530,144285.0,144285.0,144202.0,144253.0,46
2026-08-04T21:35:00+0530,144253.0,144259.0,144215.0,144259.0,19
2026-08-04T21:40:00+0530,144259.0,144285.0,144218.0,144218.0,24
2026-08-04T21:45:00+0530,144218.0,144247.0,144183.0,144222.0,18
2026-08-04T21:50:00+0530,144222.0,144250.0,144180.0,144250.0,18
2026-08-04T21:55:00+0530,144250.0,144344.0,144231.0,144300.0,75
2026-08-04T22:00:00+0530,144300.0,144325.0,144281.0,144289.0,29
2026-08-04T22:05:00+0530,144289.0,144296.0,144247.0,144254.0,10
2026-08-04T22:10:00+0530,144254.0,144300.0,144254.0,144300.0,7
2026-08-04T22:15:00+0530,144300.0,144350.0,144287.0,144343.0,47
2026-08-04T22:20:00+0530,144343.0,144355.0,144310.0,144325.0,20
2026-08-04T22:25:00+0530,144320.0,144346.0,144300.0,144346.0,25
2026-08-04T22:30:00+0530,144346.0,144533.0,144321.0,144525.0,316
2026-08-04T22:35:00+0530,144525.0,144686.0,144450.0,144450.0,197
2026-08-04T22:40:00+0530,144450.0,144532.0,144450.0,144532.0,82
2026-08-04T22:45:00+0530,144532.0,144532.0,144482.0,144517.0,37
2026-08-04T22:50:00+0530,144517.0,144542.0,144480.0,144542.0,25
2026-08-04T22:55:00+0530,144542.0,144542.0,144460.0,144460.0,33
2026-08-04T23:00:00+0530,144460.0,144460.0,144337.0,144357.0,41
2026-08-04T23:05:00+0530,144357.0,144422.0,144354.0,144372.0,34
2026-08-04T23:10:00+0530,144372.0,144423.0,144370.0,144400.0,16
2026-08-04T23:15:00+0530,144400.0,144433.0,144371.0,144371.0,30
2026-08-04T23:20:00+0530,144371.0,144393.0,144305.0,144342.0,71
2026-08-04T23:25:00+0530,144342.0,144345.0,144231.0,144296.0,106
2026-08-05T09:00:00+0530,145021.0,146500.0,144628.0,145159.0,359
2026-08-05T09:05:00+0530,145159.0,145200.0,145108.0,145162.0,180
2026-08-05T09:10:00+0530,145162.0,145172.0,145100.0,145172.0,226
2026-08-05T09:15:00+0530,145172.0,145229.0,145132.0,145167.0,89
2026-08-05T09:20:00+0530,145167.0,145240.0,145131.0,145212.0,109
2026-08-05T09:25:00+0530,145212.0,145272.0,145210.0,145221.0,84
2026-08-05T09:30:00+0530,145221.0,145344.0,145144.0,145337.0,307
2026-08-05T09:35:00+0530,145337.0,145493.0,145318.0,145464.0,231
2026-08-05T09:40:00+0530,145464.0,145537.0,145424.0,145440.0,117
2026-08-05T09:45:00+0530,145440.0,145485.0,145410.0,145446.0,44
2026-08-05T09:50:00+0530,145446.0,145489.0,145417.0,145467.0,24
2026-08-05T09:55:00+0530,145467.0,145467.0,145340.0,145341.0,54
2026-08-05T10:00:00+0530,145341.0,145399.0,145314.0,145382.0,33
2026-08-05T10:05:00+0530,145382.0,145382.0,145328.0,145358.0,27
2026-08-05T10:10:00+0530,145358.0,145378.0,145328.0,145338.0,36
2026-08-05T10:15:00+0530,145338.0,145364.0,145316.0,145316.0,27
2026-08-05T10:20:00+0530,145342.0,145423.0,145342.0,145423.0,67
2026-08-05T10:25:00+0530,145423.0,145445.0,145395.0,145407.0,17
2026-08-05T10:30:00+0530,145407.0,145481.0,145407.0,145481.0,27
2026-08-05T10:35:00+0530,145481.0,145481.0,145430.0,145430.0,16
2026-08-05T10:40:00+0530,145430.0,145473.0,145424.0,145468.0,15
2026-08-05T10:45:00+0530,145468.0,145479.0,145438.0,145460.0,15
2026-08-05T10:50:00+0530,145460.0,145549.0,145460.0,145549.0,48
2026-08-05T10:55:00+0530,145549.0,145550.0,145450.0,145484.0,29
2026-08-05T11:00:00+0530,145484.0,145730.0,145484.0,145700.0,174
2026-08-05T11:05:00+0530,145700.0,145974.0,145691.0,145948.0,247
2026-08-05T11:10:00+0530,145948.0,146156.0,145863.0,146103.0,356
2026-08-05T11:15:00+0530,146103.0,146483.0,146103.0,146365.0,774
2026-08-05T11:20:00+0530,146341.0,146528.0,146310.0,146331.0,355
2026-08-05T11:25:00+0530,146331.0,146499.0,146206.0,146206.0,253
2026-08-05T11:30:00+0530,146206.0,146277.0,146111.0,146150.0,131
2026-08-05T11:35:00+0530,146150.0,146380.0,146150.0,146380.0,86
2026-08-05T11:40:00+0530,146380.0,146489.0,146352.0,146464.0,241
2026-08-05T11:45:00+0530,146464.0,146472.0,146334.0,146352.0,143
2026-08-05T11:50:00+0530,146352.0,146392.0,146256.0,146360.0,89
2026-08-05T11:55:00+0530,146360.0,146450.0,146327.0,146399.0,157
2026-08-05T12:00:00+0530,146399.0,146499.0,146350.0,146499.0,98
2026-08-05T12:05:00+0530,146499.0,146671.0,146499.0,146555.0,188
2026-08-05T12:10:00+0530,146555.0,146578.0,146480.0,146517.0,101
2026-08-05T12:15:00+0530,146517.0,146559.0,146440.0,146500.0,39
2026-08-05T12:20:00+0530,146500.0,146536.0,146460.0,146492.0,94
2026-08-05T12:25:00+0530,146492.0,146551.0,146481.0,146551.0,51
2026-08-05T12:30:00+0530,146551.0,146570.0,146361.0,146375.0,41
2026-08-05T12:35:00+0530,146375.0,146424.0,146305.0,146320.0,86
2026-08-05T12:40:00+0530,146320.0,146448.0,146275.0,146352.0,155
2026-08-05T12:45:00+0530,146352.0,146400.0,146302.0,146376.0,105
2026-08-05T12:50:00+0530,146376.0,146430.0,146306.0,146430.0,66
2026-08-05T12:55:00+0530,146430.0,146444.0,146252.0,146254.0,59
2026-08-05T13:00:00+0530,146254.0,146295.0,146211.0,146211.0,54
2026-08-05T13:05:00+0530,146215.0,146301.0,146210.0,146284.0,69
2026-08-05T13:10:00+0530,146284.0,146321.0,146278.0,146301.0,11
2026-08-05T13:15:00+0530,146301.0,146400.0,146280.0,146325.0,55
2026-08-05T13:20:00+0530,146325.0,146342.0,146272.0,146300.0,8
2026-08-05T13:25:00+0530,146300.0,146455.0,146266.0,146441.0,90
2026-08-05T13:30:00+0530,146441.0,146455.0,146400.0,146401.0,15
2026-08-05T13:35:00+0530,146401.0,146401.0,146400.0,146401.0,21
2026-08-05T13:40:00+0530,146401.0,146401.0,146300.0,146300.0,17
2026-08-05T13:45:00+0530,146300.0,146307.0,146270.0,146300.0,12
2026-08-05T13:50:00+0530,146300.0,146300.0,146143.0,146148.0,44
2026-08-05T13:55:00+0530,146148.0,146203.0,146123.0,146155.0,52
2026-08-05T14:00:00+0530,146155.0,146187.0,146130.0,146180.0,55
2026-08-05T14:05:00+0530,146180.0,146224.0,146180.0,146200.0,37
2026-08-05T14:10:00+0530,146200.0,146326.0,146140.0,146254.0,35
2026-08-05T14:15:00+0530,146254.0,146304.0,146154.0,146200.0,19
2026-08-05T14:20:00+0530,146200.0,146200.0,146140.0,146183.0,32
2026-08-05T14:25:00+0530,146183.0,146338.0,146183.0,146250.0,88
2026-08-05T14:30:00+0530,146250.0,146287.0,146237.0,146280.0,33
2026-08-05T14:35:00+0530,146280.0,146437.0,146280.0,146376.0,52
2026-08-05T14:40:00+0530,146376.0,146378.0,146328.0,146330.0,13
2026-08-05T14:45:00+0530,146330.0,146330.0,146230.0,146230.0,13
2026-08-05T14:50:00+0530,146230.0,146260.0,146149.0,146160.0,42
2026-08-05T14:55:00+0530,146160.0,146205.0,146155.0,146199.0,14
2026-08-05T15:00:00+0530,146199.0,146267.0,146150.0,146202.0,61
2026-08-05T15:05:00+0530,146202.0,146275.0,146156.0,146249.0,38
2026-08-05T15:10:00+0530,146249.0,146249.0,146164.0,146244.0,11
2026-08-05T15:15:00+0530,146244.0,146283.0,146219.0,146225.0,23
2026-08-05T15:20:00+0530,146225.0,146266.0,146221.0,146230.0,18
2026-08-05T15:25:00+0530,146230.0,146281.0,146149.0,146267.0,54
2026-08-05T15:30:00+0530,146267.0,146267.0,146100.0,146113.0,24
2026-08-05T15:35:00+0530,146113.0,146139.0,146044.0,146050.0,33
2026-08-05T15:40:00+0530,146050.0,146050.0,145834.0,145898.0,169
2026-08-05T15:45:00+0530,145898.0,146080.0,145861.0,146075.0,106
2026-08-05T15:50:00+0530,146075.0,146142.0,146052.0,146056.0,34
2026-08-05T15:55:00+0530,146056.0,146192.0,146022.0,146111.0,37
2026-08-05T16:00:00+0530,146111.0,146166.0,146102.0,146102.0,21
2026-08-05T16:05:00+0530,146102.0,146130.0,146081.0,146130.0,18
2026-08-05T16:10:00+0530,146130.0,146130.0,146103.0,146114.0,16
2026-08-05T16:15:00+0530,146114.0,146163.0,146034.0,146078.0,33
2026-08-05T16:20:00+0530,146078.0,146097.0,146056.0,146097.0,15
2026-08-05T16:25:00+0530,146097.0,146250.0,146097.0,146249.0,31
2026-08-05T16:30:00+0530,146249.0,146302.0,146249.0,146288.0,48
2026-08-05T16:35:00+0530,146288.0,146361.0,146275.0,146361.0,20
2026-08-05T16:40:00+0530,146361.0,146521.0,146353.0,146521.0,101
2026-08-05T16:45:00+0530,146521.0,146591.0,146508.0,146540.0,104
2026-08-05T16:50:00+0530,146560.0,146584.0,146438.0,146469.0,46
2026-08-05T16:55:00+0530,146469.0,146739.0,146436.0,146613.0,194
2026-08-05T17:00:00+0530,146613.0,146688.0,146550.0,146660.0,77
2026-08-05T17:05:00+0530,146660.0,146899.0,146652.0,146766.0,173
2026-08-05T17:10:00+0530,146766.0,146900.0,146662.0,146775.0,189
2026-08-05T17:15:00+0530,146810.0,146881.0,146750.0,146828.0,66
2026-08-05T17:20:00+0530,146828.0,146952.0,146828.0,146930.0,91
2026-08-05T17:25:00+0530,146913.0,147047.0,146900.0,146915.0,222
2026-08-05T17:30:00+0530,146915.0,147032.0,146901.0,147016.0,131
2026-08-05T17:35:00+0530,147016.0,147147.0,146991.0,147090.0,226
2026-08-05T17:40:00+0530,147090.0,147151.0,147040.0,147077.0,152
2026-08-05T17:45:00+0530,147077.0,147355.0,147077.0,147218.0,311
2026-08-05T17:50:00+0530,147218.0,147539.0,147218.0,147445.0,358
2026-08-05T17:55:00+0530,147445.0,147469.0,147243.0,147250.0,164
2026-08-05T18:00:00+0530,147250.0,147355.0,147089.0,147200.0,294
2026-08-05T18:05:00+0530,147200.0,147275.0,147121.0,147158.0,114
2026-08-05T18:10:00+0530,147158.0,147160.0,147000.0,147053.0,109
2026-08-05T18:15:00+0530,147053.0,147100.0,146952.0,147069.0,80
2026-08-05T18:20:00+0530,147069.0,147069.0,146800.0,146810.0,66
2026-08-05T18:25:00+0530,146810.0,146900.0,146778.0,146850.0,69
2026-08-05T18:30:00+0530,146850.0,147068.0,146850.0,147002.0,92
2026-08-05T18:35:00+0530,147002.0,147100.0,146982.0,147095.0,49
2026-08-05T18:40:00+0530,147095.0,147095.0,146801.0,146922.0,65
2026-08-05T18:45:00+0530,146922.0,146950.0,146881.0,146949.0,15
2026-08-05T18:50:00+0530,146949.0,147178.0,146949.0,147103.0,56
2026-08-05T18:55:00+0530,147103.0,147170.0,147084.0,147150.0,18
2026-08-05T19:00:00+0530,147144.0,147211.0,147006.0,147178.0,103
2026-08-05T19:05:00+0530,147178.0,147193.0,146993.0,147193.0,94
2026-08-05T19:10:00+0530,147193.0,147200.0,147111.0,147111.0,21
2026-08-05T19:15:00+0530,147111.0,147148.0,146933.0,146933.0,58
2026-08-05T19:20:00+0530,146933.0,147192.0,146850.0,147128.0,49
2026-08-05T19:25:00+0530,147128.0,147255.0,147118.0,147242.0,108
2026-08-05T19:30:00+0530,147238.0,147355.0,147206.0,147333.0,138
2026-08-05T19:35:00+0530,147333.0,147850.0,147333.0,147810.0,533
2026-08-05T19:40:00+0530,147810.0,148051.0,147732.0,147897.0,346
2026-08-05T19:45:00+0530,147897.0,148144.0,147803.0,148100.0,273
2026-08-05T19:50:00+0530,148100.0,148150.0,147950.0,147989.0,202
2026-08-05T19:55:00+0530,147989.0,148200.0,147969.0,148099.0,226
2026-08-05T20:00:00+0530,148099.0,148190.0,147940.0,147945.0,141
2026-08-05T20:05:00+0530,147945.0,148000.0,147909.0,147933.0,79
2026-08-05T20:10:00+0530,147933.0,148253.0,147913.0,148249.0,204
2026-08-05T20:15:00+0530,148249.0,148350.0,148212.0,148341.0,291
2026-08-05T20:20:00+0530,148341.0,148367.0,148049.0,148166.0,131
2026-08-05T20:25:00+0530,148166.0,148350.0,148130.0,148260.0,126
2026-08-05T20:30:00+0530,148260.0,148550.0,148229.0,148527.0,256
2026-08-05T20:35:00+0530,148527.0,148629.0,148400.0,148629.0,190
2026-08-05T20:40:00+0530,148629.0,148742.0,148569.0,148658.0,174
2026-08-05T20:45:00+0530,148658.0,148658.0,148392.0,148551.0,138
2026-08-05T20:50:00+0530,148551.0,148699.0,148531.0,148648.0,70
2026-08-05T20:55:00+0530,148648.0,148792.0,148513.0,148513.0,119
2026-08-05T21:00:00+0530,148513.0,148602.0,148449.0,148463.0,78
2026-08-05T21:05:00+0530,148463.0,148573.0,148452.0,148551.0,86
2026-08-05T21:10:00+0530,148551.0,148551.0,148391.0,148452.0,60
2026-08-05T21:15:00+0530,148452.0,148452.0,148251.0,148268.0,80
2026-08-05T21:20:00+0530,148268.0,148285.0,148045.0,148051.0,110
2026-08-05T21:25:00+0530,148051.0,148100.0,147945.0,147972.0,181
2026-08-05T21:30:00+0530,147972.0,148000.0,147800.0,147880.0,103
2026-08-05T21:35:00+0530,147880.0,148130.0,147840.0,148124.0,110
2026-08-05T21:40:00+0530,148124.0,148148.0,148071.0,148080.0,34
2026-08-05T21:45:00+0530,148080.0,148198.0,148080.0,148175.0,69
2026-08-05T21:50:00+0530,148175.0,148300.0,148138.0,148300.0,43
2026-08-05T21:55:00+0530,148300.0,148387.0,148233.0,148258.0,60
2026-08-05T22:00:00+0530,148258.0,148300.0,148131.0,148245.0,44
2026-08-05T22:05:00+0530,148245.0,148361.0,148222.0,148310.0,41
2026-08-05T22:10:00+0530,148310.0,148395.0,148234.0,148275.0,42
2026-08-05T22:15:00+0530,148275.0,148330.0,148200.0,148220.0,46
2026-08-05T22:20:00+0530,148220.0,148352.0,148220.0,148305.0,31
2026-08-05T22:25:00+0530,148305.0,148305.0,148160.0,148200.0,28
2026-08-05T22:30:00+0530,148220.0,148253.0,148168.0,148200.0,12
2026-08-05T22:35:00+0530,148185.0,148295.0,148185.0,148258.0,23
2026-08-05T22:40:00+0530,148258.0,148280.0,148202.0,148228.0,35
2026-08-05T22:45:00+0530,148228.0,148228.0,148171.0,148172.0,23
2026-08-05T22:50:00+0530,148172.0,148190.0,148124.0,148178.0,39
2026-08-05T22:55:00+0530,148178.0,148228.0,148112.0,148206.0,33
2026-08-05T23:00:00+0530,148206.0,148271.0,148192.0,148271.0,40
2026-08-05T23:05:00+0530,148271.0,148384.0,148271.0,148380.0,41
2026-08-05T23:10:00+0530,148380.0,148400.0,148327.0,148338.0,70
2026-08-05T23:15:00+0530,148338.0,148397.0,148315.0,148363.0,118
2026-08-05T23:20:00+0530,148363.0,148469.0,148363.0,148400.0,67
2026-08-05T23:25:00+0530,148400.0,148575.0,148357.0,148555.0,210
2026-08-05T23:30:00+0530,148555.0,148555.0,148555.0,148555.0,0
2026-08-06T09:00:00+0530,148847.0,149050.0,148808.0,148870.0,313
2026-08-06T09:05:00+0530,148870.0,149153.0,148830.0,149067.0,246
2026-08-06T09:10:00+0530,149067.0,149114.0,148955.0,148966.0,140
2026-08-06T09:15:00+0530,148966.0,148998.0,148881.0,148980.0,157
2026-08-06T09:20:00+0530,148980.0,149083.0,148939.0,149070.0,60
2026-08-06T09:25:00+0530,149070.0,149298.0,149070.0,149291.0,275
2026-08-06T09:30:00+0530,149299.0,149400.0,149150.0,149256.0,191
2026-08-06T09:35:00+0530,149256.0,149426.0,149239.0,149399.0,88
2026-08-06T09:40:00+0530,149399.0,149442.0,149265.0,149288.0,129
2026-08-06T09:45:00+0530,149288.0,149345.0,149242.0,149242.0,75
2026-08-06T09:50:00+0530,149242.0,149265.0,149179.0,149199.0,66
2026-08-06T09:55:00+0530,149199.0,149219.0,149043.0,149047.0,150
2026-08-06T10:00:00+0530,149082.0,149230.0,149082.0,149100.0,122
2026-08-06T10:05:00+0530,149100.0,149221.0,149100.0,149166.0,53
2026-08-06T10:10:00+0530,149165.0,149269.0,149165.0,149186.0,40
2026-08-06T10:15:00+0530,149186.0,149274.0,149145.0,149220.0,39
2026-08-06T10:20:00+0530,149220.0,149380.0,149220.0,149350.0,116
2026-08-06T10:25:00+0530,149350.0,149390.0,149327.0,149370.0,37
2026-08-06T10:30:00+0530,149370.0,149430.0,149339.0,149354.0,81
2026-08-06T10:35:00+0530,149357.0,149370.0,149325.0,149345.0,39
2026-08-06T10:40:00+0530,149345.0,149354.0,149301.0,149321.0,39
2026-08-06T10:45:00+0530,149321.0,149353.0,149280.0,149280.0,57
2026-08-06T10:50:00+0530,149280.0,149283.0,149118.0,149125.0,60
2026-08-06T10:55:00+0530,149125.0,149157.0,149092.0,149120.0,35
2026-08-06T11:00:00+0530,149092.0,149092.0,148843.0,149087.0,215
2026-08-06T11:05:00+0530,149087.0,149244.0,149063.0,149244.0,193
2026-08-06T11:10:00+0530,149244.0,149397.0,149200.0,149353.0,130
2026-08-06T11:15:00+0530,149353.0,149414.0,149340.0,149340.0,54
2026-08-06T11:20:00+0530,149340.0,149592.0,149338.0,149528.0,113
2026-08-06T11:25:00+0530,149528.0,149549.0,149391.0,149549.0,38
2026-08-06T11:30:00+0530,149549.0,149549.0,149444.0,149471.0,34
2026-08-06T11:35:00+0530,149471.0,149489.0,149324.0,149324.0,59
2026-08-06T11:40:00+0530,149324.0,149348.0,149155.0,149237.0,60
2026-08-06T11:45:00+0530,149237.0,149258.0,149150.0,149258.0,27
2026-08-06T11:50:00+0530,149258.0,149304.0,149172.0,149186.0,46
2026-08-06T11:55:00+0530,149186.0,149200.0,149150.0,149200.0,31
2026-08-06T12:00:00+0530,149200.0,149241.0,149100.0,149105.0,19
2026-08-06T12:05:00+0530,149105.0,149105.0,149009.0,149009.0,52
2026-08-06T12:10:00+0530,149009.0,149144.0,148949.0,149144.0,50
2026-08-06T12:15:00+0530,149144.0,149157.0,149050.0,149055.0,21
2026-08-06T12:20:00+0530,149055.0,149116.0,149005.0,149012.0,25
2026-08-06T12:25:00+0530,149012.0,149125.0,149012.0,149125.0,27
2026-08-06T12:30:00+0530,149125.0,149133.0,149057.0,149133.0,15
2026-08-06T12:35:00+0530,149133.0,149199.0,149133.0,149199.0,24
2026-08-06T12:40:00+0530,149199.0,149320.0,149199.0,149311.0,37
2026-08-06T12:45:00+0530,149311.0,149361.0,149242.0,149361.0,47
2026-08-06T12:50:00+0530,149361.0,149361.0,149205.0,149323.0,18
2026-08-06T12:55:00+0530,149323.0,149323.0,149275.0,149300.0,23
2026-08-06T13:00:00+0530,149300.0,149300.0,149210.0,149237.0,55
2026-08-06T13:05:00+0530,149241.0,149241.0,149144.0,149150.0,23
2026-08-06T13:10:00+0530,149150.0,149163.0,149080.0,149080.0,39
2026-08-06T13:15:00+0530,149080.0,149170.0,149030.0,149107.0,49
2026-08-06T13:20:00+0530,149107.0,149170.0,149050.0,149165.0,26
2026-08-06T13:25:00+0530,149165.0,149249.0,149165.0,149200.0,48
2026-08-06T13:30:00+0530,149200.0,149347.0,149181.0,149216.0,34
2026-08-06T13:35:00+0530,149216.0,149300.0,149201.0,149300.0,19
2026-08-06T13:40:00+0530,149300.0,149430.0,149299.0,149425.0,87
2026-08-06T13:45:00+0530,149425.0,149520.0,149415.0,149500.0,64
2026-08-06T13:50:00+0530,149500.0,149500.0,149302.0,149350.0,35
2026-08-06T13:55:00+0530,149350.0,149400.0,149301.0,149400.0,12
2026-08-06T14:00:00+0530,149400.0,149539.0,149300.0,149487.0,69
2026-08-06T14:05:00+0530,149487.0,149514.0,149400.0,149442.0,47
2026-08-06T14:10:00+0530,149442.0,149507.0,149424.0,149424.0,18
2026-08-06T14:15:00+0530,149424.0,149515.0,149421.0,149421.0,16
2026-08-06T14:20:00+0530,149421.0,149519.0,149409.0,149519.0,23
2026-08-06T14:25:00+0530,149519.0,149698.0,149500.0,149698.0,100
2026-08-06T14:30:00+0530,149698.0,149900.0,149656.0,149790.0,171
2026-08-06T14:35:00+0530,149790.0,149824.0,149650.0,149700.0,85
2026-08-06T14:40:00+0530,149700.0,149740.0,149671.0,149740.0,45
2026-08-06T14:45:00+0530,149740.0,149867.0,149740.0,149828.0,72
2026-08-06T14:50:00+0530,149828.0,149920.0,149806.0,149910.0,61
2026-08-06T14:55:00+0530,149910.0,149924.0,149744.0,149880.0,91
2026-08-06T15:00:00+0530,149880.0,149890.0,149744.0,149761.0,34
2026-08-06T15:05:00+0530,149761.0,149801.0,149744.0,149801.0,35
2026-08-06T15:10:00+0530,149801.0,149801.0,149644.0,149644.0,52
2026-08-06T15:15:00+0530,149644.0,149759.0,149644.0,149759.0,23
2026-08-06T15:20:00+0530,149759.0,149776.0,149700.0,149701.0,50
2026-08-06T15:25:00+0530,149701.0,149756.0,149673.0,149750.0,28
2026-08-06T15:30:00+0530,149750.0,149766.0,149670.0,149693.0,26
2026-08-06T15:35:00+0530,149693.0,149693.0,149604.0,149614.0,23
2026-08-06T15:40:00+0530,149614.0,149614.0,149509.0,149520.0,56
2026-08-06T15:45:00+0530,149520.0,149529.0,149450.0,149460.0,57
2026-08-06T15:50:00+0530,149460.0,149620.0,149460.0,149619.0,20
2026-08-06T15:55:00+0530,149619.0,149620.0,149561.0,149594.0,21
2026-08-06T16:00:00+0530,149594.0,149594.0,149463.0,149551.0,41
2026-08-06T16:05:00+0530,149551.0,149583.0,149517.0,149551.0,5
2026-08-06T16:10:00+0530,149551.0,149551.0,149400.0,149400.0,28
2026-08-06T16:15:00+0530,149400.0,149579.0,149380.0,149579.0,24
2026-08-06T16:20:00+0530,149579.0,149579.0,149543.0,149550.0,15
2026-08-06T16:25:00+0530,149550.0,149570.0,149539.0,149551.0,27
2026-08-06T16:30:00+0530,149551.0,149594.0,149491.0,149491.0,16
2026-08-06T16:35:00+0530,149491.0,149558.0,149491.0,149525.0,21
2026-08-06T16:40:00+0530,149525.0,149579.0,149525.0,149579.0,6
2026-08-06T16:45:00+0530,149579.0,149600.0,149500.0,149500.0,35
2026-08-06T16:50:00+0530,149500.0,149500.0,149312.0,149338.0,48
2026-08-06T16:55:00+0530,149338.0,149458.0,149330.0,149413.0,41
2026-08-06T17:00:00+0530,149413.0,149478.0,149413.0,149426.0,17
2026-08-06T17:05:00+0530,149426.0,149449.0,149343.0,149343.0,32
2026-08-06T17:10:00+0530,149343.0,149343.0,149218.0,149218.0,35
2026-08-06T17:15:00+0530,149218.0,149218.0,149050.0,149072.0,59
2026-08-06T17:20:00+0530,149072.0,149149.0,149051.0,149142.0,43
2026-08-06T17:25:00+0530,149142.0,149413.0,149142.0,149413.0,69
2026-08-06T17:30:00+0530,149413.0,149471.0,149265.0,149400.0,40
2026-08-06T17:35:00+0530,149400.0,149400.0,149179.0,149179.0,22
2026-08-06T17:40:00+0530,149179.0,149258.0,149145.0,149145.0,63
2026-08-06T17:45:00+0530,149145.0,149199.0,149060.0,149199.0,60
2026-08-06T17:50:00+0530,149199.0,149292.0,149177.0,149229.0,24
2026-08-06T17:55:00+0530,149229.0,149250.0,149121.0,149222.0,43
2026-08-06T18:00:00+0530,149222.0,149492.0,149200.0,149379.0,106
2026-08-06T18:05:00+0530,149379.0,149470.0,149371.0,149405.0,42
2026-08-06T18:10:00+0530,149405.0,149410.0,149351.0,149351.0,44
2026-08-06T18:15:00+0530,149351.0,149357.0,149070.0,149073.0,60
2026-08-06T18:20:00+0530,149073.0,149116.0,148950.0,148960.0,120
2026-08-06T18:25:00+0530,148960.0,149013.0,148782.0,148782.0,119
2026-08-06T18:30:00+0530,148782.0,148966.0,148782.0,148905.0,105
2026-08-06T18:35:00+0530,148905.0,148905.0,148084.0,148091.0,259
2026-08-06T18:40:00+0530,148058.0,148389.0,148056.0,148375.0,260
2026-08-06T18:45:00+0530,148375.0,148499.0,148248.0,148499.0,95
2026-08-06T18:50:00+0530,148499.0,148682.0,148399.0,148415.0,99
2026-08-06T18:55:00+0530,148415.0,148637.0,148335.0,148526.0,99
2026-08-06T19:00:00+0530,148526.0,148753.0,148526.0,148734.0,120
2026-08-06T19:05:00+0530,148734.0,149184.0,148734.0,148989.0,190
2026-08-06T19:10:00+0530,148989.0,149393.0,148962.0,149298.0,162
2026-08-06T19:15:00+0530,149205.0,149250.0,149057.0,149097.0,136
2026-08-06T19:20:00+0530,149097.0,149150.0,149070.0,149130.0,39
2026-08-06T19:25:00+0530,149130.0,149245.0,149125.0,149240.0,47
2026-08-06T19:30:00+0530,149226.0,149358.0,149191.0,149246.0,115
2026-08-06T19:35:00+0530,149246.0,149429.0,149173.0,149289.0,164
2026-08-06T19:40:00+0530,149289.0,149572.0,149271.0,149320.0,198
2026-08-06T19:45:00+0530,149341.0,149393.0,149200.0,149288.0,69
2026-08-06T19:50:00+0530,149288.0,149339.0,149150.0,149151.0,42
2026-08-06T19:55:00+0530,149151.0,149318.0,149027.0,149318.0,131
2026-08-06T20:00:00+0530,149318.0,149468.0,149279.0,149459.0,57
2026-08-06T20:05:00+0530,149459.0,149480.0,149400.0,149445.0,41
2026-08-06T20:10:00+0530,149445.0,149500.0,149345.0,149425.0,63
2026-08-06T20:15:00+0530,149425.0,149460.0,149220.0,149220.0,43
2026-08-06T20:20:00+0530,149220.0,149388.0,149175.0,149388.0,36
2026-08-06T20:25:00+0530,149388.0,149420.0,149289.0,149400.0,29
2026-08-06T20:30:00+0530,149400.0,149421.0,149330.0,149338.0,45
2026-08-06T20:35:00+0530,149338.0,149352.0,149210.0,149263.0,35
2026-08-06T20:40:00+0530,149263.0,149287.0,149176.0,149220.0,49
2026-08-06T20:45:00+0530,149220.0,149220.0,149025.0,149100.0,58
2026-08-06T20:50:00+0530,149100.0,149100.0,148846.0,148903.0,92
2026-08-06T20:55:00+0530,148903.0,149067.0,148882.0,149007.0,35
2026-08-06T21:00:00+0530,149007.0,149007.0,148810.0,148810.0,57
2026-08-06T21:05:00+0530,148810.0,148868.0,148683.0,148806.0,118
2026-08-06T21:10:00+0530,148840.0,148867.0,148750.0,148854.0,39
2026-08-06T21:15:00+0530,148854.0,148854.0,148752.0,148834.0,34
2026-08-06T21:20:00+0530,148779.0,148802.0,148438.0,148463.0,93
2026-08-06T21:25:00+0530,148463.0,148558.0,148273.0,148362.0,232
2026-08-06T21:30:00+0530,148362.0,148514.0,148326.0,148411.0,164
2026-08-06T21:35:00+0530,148411.0,148600.0,148350.0,148600.0,129
2026-08-06T21:40:00+0530,148600.0,148600.0,148350.0,148405.0,54
2026-08-06T21:45:00+0530,148405.0,148426.0,148111.0,148191.0,216
2026-08-06T21:50:00+0530,148191.0,148244.0,148150.0,148200.0,86
2026-08-06T21:55:00+0530,148200.0,148415.0,148160.0,148370.0,108
2026-08-06T22:00:00+0530,148370.0,148471.0,148368.0,148401.0,48
2026-08-06T22:05:00+0530,148401.0,148590.0,148401.0,148550.0,64
2026-08-06T22:10:00+0530,148550.0,148562.0,148480.0,148480.0,20
2026-08-06T22:15:00+0530,148480.0,148518.0,148430.0,148509.0,34
2026-08-06T22:20:00+0530,148509.0,148577.0,148509.0,148577.0,39
2026-08-06T22:25:00+0530,148577.0,148763.0,148577.0,148690.0,82
2026-08-06T22:30:00+0530,148690.0,148727.0,148668.0,148700.0,25
2026-08-06T22:35:00+0530,148700.0,148741.0,148674.0,148736.0,16
2026-08-06T22:40:00+0530,148750.0,148750.0,148627.0,148677.0,32
2026-08-06T22:45:00+0530,148677.0,148677.0,148535.0,148562.0,78
2026-08-06T22:50:00+0530,148562.0,148615.0,148500.0,148558.0,39
2026-08-06T22:55:00+0530,148558.0,148606.0,148536.0,148536.0,16
2026-08-06T23:00:00+0530,148536.0,148554.0,148445.0,148511.0,165
2026-08-06T23:05:00+0530,148511.0,148626.0,148492.0,148556.0,32
2026-08-06T23:10:00+0530,148556.0,148600.0,148529.0,148589.0,23
2026-08-06T23:15:00+0530,148589.0,148646.0,148589.0,148629.0,54
2026-08-06T23:20:00+0530,148629.0,148850.0,148599.0,148793.0,153
2026-08-06T23:25:00+0530,148793.0,148864.0,148793.0,148793.0,158
2026-08-07T09:00:00+0530,148958.0,149400.0,148958.0,149100.0,231
2026-08-07T09:05:00+0530,149150.0,149273.0,149146.0,149273.0,37
2026-08-07T09:10:00+0530,149273.0,149350.0,149250.0,149347.0,44
2026-08-07T09:15:00+0530,149347.0,149451.0,149331.0,149411.0,103
2026-08-07T09:20:00+0530,149411.0,149429.0,149306.0,149337.0,59
2026-08-07T09:25:00+0530,149337.0,149469.0,149337.0,149451.0,68
2026-08-07T09:30:00+0530,149451.0,149581.0,149450.0,149515.0,117
2026-08-07T09:35:00+0530,149515.0,149606.0,149467.0,149561.0,210
2026-08-07T09:40:00+0530,149561.0,149588.0,149444.0,149500.0,58
2026-08-07T09:45:00+0530,149500.0,149545.0,149401.0,149401.0,65
2026-08-07T09:50:00+0530,149401.0,149550.0,149401.0,149513.0,59
2026-08-07T09:55:00+0530,149513.0,149559.0,149468.0,149506.0,22
2026-08-07T10:00:00+0530,149506.0,149635.0,149506.0,149598.0,135
2026-08-07T10:05:00+0530,149598.0,149630.0,149509.0,149509.0,42
2026-08-07T10:10:00+0530,149509.0,149545.0,149452.0,149454.0,61
2026-08-07T10:15:00+0530,149454.0,149489.0,149424.0,149474.0,26
2026-08-07T10:20:00+0530,149474.0,149494.0,149404.0,149449.0,25
2026-08-07T10:25:00+0530,149449.0,149474.0,149440.0,149450.0,13
2026-08-07T10:30:00+0530,149450.0,149450.0,149390.0,149403.0,19
2026-08-07T10:35:00+0530,149403.0,149440.0,149359.0,149440.0,21
2026-08-07T10:40:00+0530,149440.0,149601.0,149440.0,149600.0,76
2026-08-07T10:45:00+0530,149600.0,149600.0,149505.0,149540.0,11
2026-08-07T10:50:00+0530,149540.0,149577.0,149500.0,149533.0,12
2026-08-07T10:55:00+0530,149533.0,149540.0,149472.0,149472.0,22
2026-08-07T11:00:00+0530,149472.0,149680.0,149472.0,149664.0,82
2026-08-07T11:05:00+0530,149664.0,149700.0,149569.0,149591.0,72
2026-08-07T11:10:00+0530,149591.0,149643.0,149548.0,149560.0,18
2026-08-07T11:15:00+0530,149560.0,149725.0,149560.0,149700.0,32
2026-08-07T11:20:00+0530,149700.0,149777.0,149601.0,149668.0,65
2026-08-07T11:25:00+0530,149668.0,149774.0,149668.0,149717.0,32
2026-08-07T11:30:00+0530,149717.0,149804.0,149717.0,149804.0,56
2026-08-07T11:35:00+0530,149804.0,149878.0,149804.0,149854.0,62
2026-08-07T11:40:00+0530,149854.0,150056.0,149840.0,150000.0,216
2026-08-07T11:45:00+0530,150000.0,150158.0,149960.0,150116.0,164
2026-08-07T11:50:00+0530,150116.0,150200.0,150063.0,150063.0,124
2026-08-07T11:55:00+0530,150063.0,150068.0,149903.0,149943.0,104
2026-08-07T12:00:00+0530,149943.0,150080.0,149841.0,150078.0,102
2026-08-07T12:05:00+0530,150078.0,150189.0,150050.0,150149.0,59
2026-08-07T12:10:00+0530,150149.0,150299.0,150149.0,150246.0,152
2026-08-07T12:15:00+0530,150246.0,150337.0,150091.0,150121.0,94
2026-08-07T12:20:00+0530,150121.0,150296.0,150061.0,150246.0,90
2026-08-07T12:25:00+0530,150246.0,150349.0,150206.0,150331.0,71
2026-08-07T12:30:00+0530,150320.0,150320.0,150207.0,150269.0,38
2026-08-07T12:35:00+0530,150269.0,150269.0,150107.0,150113.0,55
2026-08-07T12:40:00+0530,150113.0,150234.0,150111.0,150151.0,31
2026-08-07T12:45:00+0530,150151.0,150217.0,150151.0,150215.0,42
2026-08-07T12:50:00+0530,150215.0,150215.0,150086.0,150100.0,28
2026-08-07T12:55:00+0530,150100.0,150100.0,150000.0,150050.0,51
2026-08-07T13:00:00+0530,150050.0,150124.0,150018.0,150124.0,32
2026-08-07T13:05:00+0530,150124.0,150200.0,150124.0,150138.0,25
2026-08-07T13:10:00+0530,150138.0,150144.0,150086.0,150139.0,23
2026-08-07T13:15:00+0530,150139.0,150149.0,150042.0,150068.0,35
2026-08-07T13:20:00+0530,150068.0,150160.0,150068.0,150121.0,26
2026-08-07T13:25:00+0530,150121.0,150215.0,150121.0,150200.0,40
2026-08-07T13:30:00+0530,150200.0,150400.0,150188.0,150388.0,129
2026-08-07T13:35:00+0530,150388.0,150485.0,150355.0,150465.0,75
2026-08-07T13:40:00+0530,150465.0,150641.0,150425.0,150557.0,185
2026-08-07T13:45:00+0530,150557.0,150581.0,150440.0,150496.0,112
2026-08-07T13:50:00+0530,150496.0,150496.0,150361.0,150410.0,75
2026-08-07T13:55:00+0530,150410.0,150468.0,150363.0,150450.0,41
2026-08-07T14:00:00+0530,150450.0,150859.0,150406.0,150836.0,200
2026-08-07T14:05:00+0530,150836.0,150945.0,150584.0,150713.0,245
2026-08-07T14:10:00+0530,150713.0,150854.0,150701.0,150795.0,121
2026-08-07T14:15:00+0530,150795.0,150878.0,150759.0,150793.0,140
2026-08-07T14:20:00+0530,150793.0,150824.0,150710.0,150760.0,108
2026-08-07T14:25:00+0530,150760.0,150853.0,150743.0,150821.0,49
2026-08-07T14:30:00+0530,150821.0,150821.0,150720.0,150790.0,41
2026-08-07T14:35:00+0530,150790.0,150807.0,150759.0,150759.0,55
2026-08-07T14:40:00+0530,150759.0,150800.0,150710.0,150710.0,40
2026-08-07T14:45:00+0530,150710.0,150741.0,150687.0,150700.0,44
2026-08-07T14:50:00+0530,150700.0,150848.0,150700.0,150844.0,49
2026-08-07T14:55:00+0530,150844.0,150844.0,150719.0,150752.0,57
2026-08-07T15:00:00+0530,150752.0,150792.0,150675.0,150713.0,73
2026-08-07T15:05:00+0530,150713.0,150878.0,150695.0,150878.0,81
2026-08-07T15:10:00+0530,150878.0,151028.0,150809.0,150971.0,130
2026-08-07T15:15:00+0530,150971.0,151119.0,150943.0,151022.0,111
2026-08-07T15:20:00+0530,151022.0,151093.0,150993.0,151046.0,71
2026-08-07T15:25:00+0530,151046.0,151071.0,150925.0,150965.0,49
2026-08-07T15:30:00+0530,150965.0,151050.0,150920.0,151000.0,74
2026-08-07T15:35:00+0530,151000.0,151000.0,150800.0,150800.0,77
2026-08-07T15:40:00+0530,150800.0,150843.0,150705.0,150730.0,61
2026-08-07T15:45:00+0530,150730.0,150823.0,150701.0,150813.0,103
2026-08-07T15:50:00+0530,150813.0,150936.0,150813.0,150894.0,99
2026-08-07T15:55:00+0530,150894.0,150950.0,150878.0,150918.0,82
2026-08-07T16:00:00+0530,150918.0,151000.0,150900.0,150955.0,78
2026-08-07T16:05:00+0530,150955.0,151065.0,150920.0,151019.0,74
2026-08-07T16:10:00+0530,151019.0,151019.0,150950.0,150999.0,37
2026-08-07T16:15:00+0530,150999.0,150999.0,150952.0,150960.0,39
2026-08-07T16:20:00+0530,150960.0,151049.0,150960.0,150975.0,58
2026-08-07T16:25:00+0530,150988.0,150988.0,150838.0,150869.0,35
2026-08-07T16:30:00+0530,150869.0,151000.0,150847.0,151000.0,53
2026-08-07T16:35:00+0530,151000.0,151073.0,151000.0,151073.0,52
2026-08-07T16:40:00+0530,151073.0,151075.0,150950.0,150950.0,59
2026-08-07T16:45:00+0530,150950.0,150950.0,150755.0,150876.0,144
2026-08-07T16:50:00+0530,150876.0,151052.0,150876.0,151009.0,89
2026-08-07T16:55:00+0530,151009.0,151170.0,150983.0,151014.0,106
2026-08-07T17:00:00+0530,151014.0,151098.0,151014.0,151039.0,38
2026-08-07T17:05:00+0530,151039.0,151039.0,150889.0,151000.0,86
2026-08-07T17:10:00+0530,151000.0,151050.0,150931.0,150931.0,37
2026-08-07T17:15:00+0530,150931.0,151037.0,150931.0,151019.0,44
2026-08-07T17:20:00+0530,151019.0,151037.0,150898.0,151037.0,177
2026-08-07T17:25:00+0530,151037.0,151055.0,150881.0,150893.0,47
2026-08-07T17:30:00+0530,150893.0,150999.0,150850.0,150850.0,40
2026-08-07T17:35:00+0530,150831.0,150899.0,150808.0,150899.0,49
2026-08-07T17:40:00+0530,150915.0,150977.0,150756.0,150756.0,62
2026-08-07T17:45:00+0530,150727.0,150800.0,150666.0,150698.0,70
2026-08-07T17:50:00+0530,150735.0,150745.0,150537.0,150546.0,123
2026-08-07T17:55:00+0530,150546.0,150736.0,150463.0,150513.0,229
2026-08-07T18:00:00+0530,150513.0,152046.0,150513.0,151963.0,2181
2026-08-07T18:05:00+0530,151963.0,152152.0,151850.0,152144.0,426
2026-08-07T18:10:00+0530,152144.0,152342.0,152059.0,152250.0,459
2026-08-07T18:15:00+0530,152250.0,152350.0,152100.0,152186.0,421
2026-08-07T18:20:00+0530,152186.0,152273.0,152005.0,152104.0,295
2026-08-07T18:25:00+0530,152104.0,152104.0,151837.0,152052.0,265
2026-08-07T18:30:00+0530,152052.0,152144.0,151700.0,151700.0,264
2026-08-07T18:35:00+0530,151700.0,151909.0,151650.0,151781.0,151
2026-08-07T18:40:00+0530,151836.0,151846.0,151684.0,151735.0,108
2026-08-07T18:45:00+0530,151735.0,151790.0,151470.0,151767.0,236
2026-08-07T18:50:00+0530,151767.0,151873.0,151714.0,151813.0,79
2026-08-07T18:55:00+0530,151813.0,152076.0,151792.0,152023.0,138
2026-08-07T19:00:00+0530,152023.0,152091.0,151824.0,151837.0,130
2026-08-07T19:05:00+0530,151837.0,152199.0,151790.0,152138.0,165
2026-08-07T19:10:00+0530,152138.0,152236.0,151894.0,151990.0,204
2026-08-07T19:15:00+0530,151990.0,152033.0,151850.0,151928.0,118
2026-08-07T19:20:00+0530,151928.0,151955.0,151853.0,151871.0,42
2026-08-07T19:25:00+0530,151871.0,151941.0,151652.0,151750.0,107
2026-08-07T19:30:00+0530,151750.0,151764.0,151437.0,151450.0,173
2026-08-07T19:35:00+0530,151450.0,151555.0,151310.0,151555.0,209
2026-08-07T19:40:00+0530,151555.0,151680.0,151210.0,151450.0,171
2026-08-07T19:45:00+0530,151450.0,151754.0,151334.0,151725.0,131
2026-08-07T19:50:00+0530,151725.0,151861.0,151694.0,151861.0,118
2026-08-07T19:55:00+0530,151861.0,151879.0,151700.0,151701.0,69
2026-08-07T20:00:00+0530,151786.0,151850.0,151664.0,151787.0,98
2026-08-07T20:05:00+0530,151787.0,151787.0,151663.0,151698.0,46
2026-08-07T20:10:00+0530,151698.0,151824.0,151651.0,151651.0,69
2026-08-07T20:15:00+0530,151651.0,151757.0,151610.0,151655.0,28
2026-08-07T20:20:00+0530,151655.0,151788.0,151655.0,151702.0,24
2026-08-07T20:25:00+0530,151702.0,151702.0,151609.0,151633.0,27
2026-08-07T20:30:00+0530,151633.0,151750.0,151556.0,151660.0,46
2026-08-07T20:35:00+0530,151660.0,151881.0,151655.0,151772.0,108
2026-08-07T20:40:00+0530,151710.0,151899.0,151653.0,151899.0,64
2026-08-07T20:45:00+0530,151899.0,151988.0,151809.0,151936.0,99
2026-08-07T20:50:00+0530,151936.0,151997.0,151915.0,151975.0,64
2026-08-07T20:55:00+0530,151975.0,152006.0,151860.0,151860.0,80
2026-08-07T21:00:00+0530,151860.0,151898.0,151800.0,151849.0,38
2026-08-07T21:05:00+0530,151849.0,151977.0,151835.0,151915.0,53
2026-08-07T21:10:00+0530,151915.0,151918.0,151810.0,151851.0,29
2026-08-07T21:15:00+0530,151851.0,151871.0,151800.0,151800.0,11
2026-08-07T21:20:00+0530,151800.0,151848.0,151608.0,151627.0,56
2026-08-07T21:25:00+0530,151627.0,151729.0,151600.0,151627.0,61
2026-08-07T21:30:00+0530,151627.0,151699.0,151602.0,151699.0,32
2026-08-07T21:35:00+0530,151699.0,151818.0,151699.0,151818.0,18
2026-08-07T21:40:00+0530,151818.0,151818.0,151750.0,151793.0,13
2026-08-07T21:45:00+0530,151793.0,151800.0,151700.0,151700.0,38
2026-08-07T21:50:00+0530,151700.0,151832.0,151620.0,151646.0,85
2026-08-07T21:55:00+0530,151646.0,151652.0,151564.0,151616.0,96
2026-08-07T22:00:00+0530,151616.0,151669.0,151502.0,151669.0,44
2026-08-07T22:05:00+0530,151669.0,151726.0,151605.0,151667.0,42
2026-08-07T22:10:00+0530,151667.0,151684.0,151600.0,151664.0,10
2026-08-07T22:15:00+0530,151664.0,151745.0,151629.0,151640.0,19
2026-08-07T22:20:00+0530,151640.0,151640.0,151525.0,151560.0,22
2026-08-07T22:25:00+0530,151560.0,151560.0,151450.0,151480.0,77
2026-08-07T22:30:00+0530,151480.0,151568.0,151437.0,151568.0,61
2026-08-07T22:35:00+0530,151568.0,151665.0,151568.0,151624.0,28
2026-08-07T22:40:00+0530,151624.0,151624.0,151600.0,151600.0,14
2026-08-07T22:45:00+0530,151600.0,151650.0,151599.0,151606.0,33
2026-08-07T22:50:00+0530,151606.0,151695.0,151599.0,151690.0,24
2026-08-07T22:55:00+0530,151690.0,151725.0,151662.0,151724.0,27
2026-08-07T23:00:00+0530,151724.0,151733.0,151616.0,151715.0,39
2026-08-07T23:05:00+0530,151715.0,151715.0,151526.0,151585.0,126
2026-08-07T23:10:00+0530,151585.0,151684.0,151585.0,151675.0,59
2026-08-07T23:15:00+0530,151675.0,151704.0,151660.0,151660.0,52
2026-08-07T23:20:00+0530,151660.0,151711.0,151653.0,151698.0,115
2026-08-07T23:25:00+0530,151698.0,151849.0,151671.0,151790.0,113
2026-08-10T09:00:00+0530,151091.0,151577.0,151091.0,151577.0,223
2026-08-10T09:05:00+0530,151577.0,151865.0,151550.0,151721.0,379
2026-08-10T09:10:00+0530,151707.0,151800.0,151609.0,151649.0,164
2026-08-10T09:15:00+0530,151649.0,151827.0,151600.0,151827.0,74
2026-08-10T09:20:00+0530,151827.0,151912.0,151787.0,151818.0,154
2026-08-10T09:25:00+0530,151818.0,151845.0,151680.0,151828.0,85
2026-08-10T09:30:00+0530,151828.0,151828.0,151661.0,151724.0,117
2026-08-10T09:35:00+0530,151724.0,151800.0,151674.0,151777.0,77
2026-08-10T09:40:00+0530,151781.0,152036.0,151780.0,152036.0,187
2026-08-10T09:45:00+0530,152036.0,152071.0,151900.0,152070.0,168
2026-08-10T09:50:00+0530,152070.0,152233.0,152069.0,152200.0,203
2026-08-10T09:55:00+0530,152200.0,152232.0,152074.0,152100.0,242
2026-08-10T10:00:00+0530,152100.0,152193.0,151998.0,152160.0,210
2026-08-10T10:05:00+0530,152150.0,152209.0,152076.0,152078.0,96
2026-08-10T10:10:00+0530,152078.0,152118.0,152000.0,152085.0,87
2026-08-10T10:15:00+0530,152085.0,152240.0,152047.0,152121.0,66
2026-08-10T10:20:00+0530,152121.0,152209.0,152079.0,152180.0,48
2026-08-10T10:25:00+0530,152180.0,152222.0,152159.0,152215.0,64
2026-08-10T10:30:00+0530,152215.0,152231.0,152140.0,152200.0,44
2026-08-10T10:35:00+0530,152200.0,152250.0,152143.0,152155.0,70
2026-08-10T10:40:00+0530,152155.0,152155.0,152069.0,152109.0,39
2026-08-10T10:45:00+0530,152109.0,152152.0,152010.0,152015.0,38
2026-08-10T10:50:00+0530,152015.0,152126.0,152015.0,152126.0,45
2026-08-10T10:55:00+0530,152126.0,152126.0,152041.0,152050.0,33
2026-08-10T11:00:00+0530,152050.0,152227.0,152033.0,152220.0,52
2026-08-10T11:05:00+0530,152220.0,152334.0,152188.0,152280.0,102
2026-08-10T11:10:00+0530,152280.0,152396.0,152230.0,152335.0,77
2026-08-10T11:15:00+0530,152335.0,152500.0,152250.0,152497.0,113
2026-08-10T11:20:00+0530,152497.0,152736.0,152450.0,152616.0,219
2026-08-10T11:25:00+0530,152616.0,152699.0,152529.0,152630.0,85
2026-08-10T11:30:00+0530,152630.0,152643.0,152500.0,152514.0,75
2026-08-10T11:35:00+0530,152514.0,152626.0,152476.0,152625.0,63
2026-08-10T11:40:00+0530,152625.0,152690.0,152625.0,152690.0,52
2026-08-10T11:45:00+0530,152690.0,152749.0,152521.0,152533.0,79
2026-08-10T11:50:00+0530,152533.0,152603.0,152500.0,152544.0,48
2026-08-10T11:55:00+0530,152544.0,152650.0,152529.0,152650.0,41
2026-08-10T12:00:00+0530,152635.0,152709.0,152611.0,152669.0,39
2026-08-10T12:05:00+0530,152669.0,152700.0,152565.0,152650.0,42
2026-08-10T12:10:00+0530,152650.0,152819.0,152638.0,152808.0,98
2026-08-10T12:15:00+0530,152808.0,152913.0,152808.0,152910.0,111
2026-08-10T12:20:00+0530,152910.0,152910.0,152826.0,152860.0,58
2026-08-10T12:25:00+0530,152860.0,152960.0,152860.0,152926.0,82
2026-08-10T12:30:00+0530,152926.0,152926.0,152789.0,152846.0,42
2026-08-10T12:35:00+0530,152846.0,152896.0,152803.0,152803.0,35
2026-08-10T12:40:00+0530,152803.0,152834.0,152681.0,152699.0,88
2026-08-10T12:45:00+0530,152699.0,152879.0,152699.0,152852.0,52
2026-08-10T12:50:00+0530,152852.0,152900.0,152760.0,152900.0,77
2026-08-10T12:55:00+0530,152900.0,152900.0,152763.0,152892.0,36
2026-08-10T13:00:00+0530,152892.0,152892.0,152760.0,152760.0,22
2026-08-10T13:05:00+0530,152760.0,152889.0,152760.0,152861.0,32
2026-08-10T13:10:00+0530,152861.0,152936.0,152849.0,152902.0,48
2026-08-10T13:15:00+0530,152902.0,152950.0,152874.0,152897.0,59
2026-08-10T13:20:00+0530,152897.0,152900.0,152831.0,152847.0,38
2026-08-10T13:25:00+0530,152847.0,152847.0,152764.0,152780.0,70
2026-08-10T13:30:00+0530,152780.0,152783.0,152640.0,152670.0,93
2026-08-10T13:35:00+0530,152670.0,152753.0,152650.0,152651.0,55
2026-08-10T13:40:00+0530,152651.0,152678.0,152600.0,152657.0,49
2026-08-10T13:45:00+0530,152657.0,152714.0,152639.0,152667.0,42
2026-08-10T13:50:00+0530,152667.0,152745.0,152641.0,152720.0,20
2026-08-10T13:55:00+0530,152720.0,152783.0,152650.0,152783.0,24
2026-08-10T14:00:00+0530,152783.0,152835.0,152621.0,152630.0,31
2026-08-10T14:05:00+0530,152630.0,152630.0,152525.0,152525.0,44
2026-08-10T14:10:00+0530,152525.0,152533.0,152367.0,152380.0,111
2026-08-10T14:15:00+0530,152380.0,152482.0,152353.0,152355.0,54
2026-08-10T14:20:00+0530,152355.0,152430.0,152301.0,152382.0,58
2026-08-10T14:25:00+0530,152382.0,152400.0,152316.0,152378.0,24
2026-08-10T14:30:00+0530,152378.0,152520.0,152364.0,152515.0,39
2026-08-10T14:35:00+0530,152515.0,152567.0,152461.0,152527.0,55
2026-08-10T14:40:00+0530,152527.0,152598.0,152527.0,152561.0,42
2026-08-10T14:45:00+0530,152561.0,152590.0,152510.0,152522.0,31
2026-08-10T14:50:00+0530,152522.0,152589.0,152501.0,152501.0,26
2026-08-10T14:55:00+0530,152501.0,152540.0,152437.0,152437.0,25
2026-08-10T15:00:00+0530,152437.0,152454.0,152351.0,152421.0,40
2026-08-10T15:05:00+0530,152421.0,152421.0,152297.0,152297.0,47
2026-08-10T15:10:00+0530,152297.0,152387.0,152285.0,152356.0,18
2026-08-10T15:15:00+0530,152356.0,152403.0,152280.0,152280.0,44
2026-08-10T15:20:00+0530,152280.0,152323.0,152215.0,152218.0,33
2026-08-10T15:25:00+0530,152218.0,152289.0,152218.0,152282.0,9
2026-08-10T15:30:00+0530,152282.0,152290.0,152184.0,152191.0,55
2026-08-10T15:35:00+0530,152191.0,152283.0,152190.0,152260.0,50
2026-08-10T15:40:00+0530,152260.0,152363.0,152205.0,152363.0,43
2026-08-10T15:45:00+0530,152363.0,152395.0,152300.0,152340.0,29
2026-08-10T15:50:00+0530,152340.0,152493.0,152340.0,152470.0,50
2026-08-10T15:55:00+0530,152470.0,152495.0,152409.0,152487.0,35
2026-08-10T16:00:00+0530,152487.0,152487.0,152350.0,152350.0,30
2026-08-10T16:05:00+0530,152369.0,152399.0,152278.0,152326.0,46
2026-08-10T16:10:00+0530,152326.0,152326.0,152220.0,152223.0,54
2026-08-10T16:15:00+0530,152223.0,152263.0,152115.0,152150.0,148
2026-08-10T16:20:00+0530,152169.0,152289.0,152150.0,152213.0,49
2026-08-10T16:25:00+0530,152213.0,152251.0,152150.0,152150.0,30
2026-08-10T16:30:00+0530,152150.0,152162.0,152055.0,152055.0,105
2026-08-10T16:35:00+0530,152055.0,152110.0,152050.0,152050.0,30
2026-08-10T16:40:00+0530,152050.0,152089.0,151908.0,151910.0,94
2026-08-10T16:45:00+0530,151910.0,151936.0,151805.0,151926.0,71
2026-08-10T16:50:00+0530,151926.0,152190.0,151900.0,152170.0,53
2026-08-10T16:55:00+0530,152170.0,152260.0,152102.0,152205.0,66
2026-08-10T17:00:00+0530,152205.0,152409.0,152160.0,152304.0,75
2026-08-10T17:05:00+0530,152304.0,152326.0,152210.0,152326.0,50
2026-08-10T17:10:00+0530,152326.0,152327.0,152208.0,152260.0,31
2026-08-10T17:15:00+0530,152260.0,152280.0,152069.0,152069.0,26
2026-08-10T17:20:00+0530,152069.0,152180.0,152052.0,152147.0,26
2026-08-10T17:25:00+0530,152147.0,152147.0,152100.0,152147.0,26
2026-08-10T17:30:00+0530,152147.0,152180.0,152104.0,152160.0,41
2026-08-10T17:35:00+0530,152160.0,152267.0,152139.0,152193.0,44
2026-08-10T17:40:00+0530,152193.0,152193.0,152098.0,152129.0,35
2026-08-10T17:45:00+0530,152129.0,152150.0,151930.0,151931.0,132
2026-08-10T17:50:00+0530,151950.0,152048.0,151900.0,151933.0,49
2026-08-10T17:55:00+0530,151933.0,151971.0,151754.0,151930.0,103
2026-08-10T18:00:00+0530,151930.0,152089.0,151917.0,151939.0,126
2026-08-10T18:05:00+0530,151939.0,152070.0,151931.0,152036.0,40
2026-08-10T18:10:00+0530,152036.0,152079.0,151960.0,151960.0,55
2026-08-10T18:15:00+0530,151960.0,152087.0,151944.0,152060.0,62
2026-08-10T18:20:00+0530,152060.0,152098.0,152031.0,152066.0,23
2026-08-10T18:25:00+0530,152066.0,152229.0,152032.0,152033.0,94
2026-08-10T18:30:00+0530,152033.0,152096.0,151952.0,151975.0,67
2026-08-10T18:35:00+0530,151975.0,152152.0,151975.0,152152.0,21
2026-08-10T18:40:00+0530,152152.0,152289.0,152141.0,152260.0,74
2026-08-10T18:45:00+0530,152260.0,152289.0,152200.0,152264.0,17
2026-08-10T18:50:00+0530,152264.0,152279.0,152048.0,152069.0,84
2026-08-10T18:55:00+0530,152069.0,152190.0,152069.0,152170.0,34
2026-08-10T19:00:00+0530,152170.0,152288.0,152170.0,152274.0,50
2026-08-10T19:05:00+0530,152274.0,152380.0,152260.0,152316.0,105
2026-08-10T19:10:00+0530,152316.0,152340.0,152096.0,152096.0,47
2026-08-10T19:15:00+0530,152096.0,152147.0,151956.0,152006.0,112
2026-08-10T19:20:00+0530,152006.0,152018.0,151800.0,151825.0,115
2026-08-10T19:25:00+0530,151825.0,151882.0,151654.0,151674.0,134
2026-08-10T19:30:00+0530,151674.0,151898.0,151664.0,151810.0,141
2026-08-10T19:35:00+0530,151810.0,151920.0,151803.0,151827.0,75
2026-08-10T19:40:00+0530,151827.0,152034.0,151827.0,152000.0,48
2026-08-10T19:45:00+0530,152000.0,152168.0,151935.0,152100.0,33
2026-08-10T19:50:00+0530,152100.0,152371.0,152092.0,152371.0,131
2026-08-10T19:55:00+0530,152371.0,152600.0,152334.0,152537.0,203
2026-08-10T20:00:00+0530,152537.0,152700.0,152500.0,152609.0,175
2026-08-10T20:05:00+0530,152609.0,152652.0,152510.0,152650.0,66
2026-08-10T20:10:00+0530,152650.0,152703.0,152580.0,152631.0,72
2026-08-10T20:15:00+0530,152631.0,152730.0,152587.0,152660.0,170
2026-08-10T20:20:00+0530,152660.0,152719.0,152486.0,152487.0,99
2026-08-10T20:25:00+0530,152487.0,152605.0,152487.0,152605.0,24
2026-08-10T20:30:00+0530,152605.0,152640.0,152520.0,152618.0,33
2026-08-10T20:35:00+0530,152610.0,152692.0,152530.0,152566.0,47
2026-08-10T20:40:00+0530,152566.0,152653.0,152540.0,152562.0,36
2026-08-10T20:45:00+0530,152562.0,152683.0,152562.0,152631.0,31
2026-08-10T20:50:00+0530,152631.0,152712.0,152596.0,152625.0,29
2026-08-10T20:55:00+0530,152625.0,152640.0,152510.0,152613.0,68
2026-08-10T21:00:00+0530,152613.0,152643.0,152571.0,152574.0,18
2026-08-10T21:05:00+0530,152574.0,152695.0,152574.0,152644.0,53
2026-08-10T21:10:00+0530,152644.0,152699.0,152612.0,152636.0,19
2026-08-10T21:15:00+0530,152636.0,152719.0,152601.0,152690.0,46
2026-08-10T21:20:00+0530,152690.0,152824.0,152672.0,152824.0,98
2026-08-10T21:25:00+0530,152824.0,152956.0,152804.0,152956.0,130
2026-08-10T21:30:00+0530,152956.0,153099.0,152926.0,153021.0,246
2026-08-10T21:35:00+0530,153021.0,153042.0,152950.0,153030.0,99
2026-08-10T21:40:00+0530,153030.0,153100.0,152993.0,152993.0,99
2026-08-10T21:45:00+0530,152993.0,153049.0,152966.0,153005.0,43
2026-08-10T21:50:00+0530,153005.0,153050.0,152984.0,153050.0,60
2026-08-10T21:55:00+0530,153050.0,153055.0,152990.0,152995.0,39
2026-08-10T22:00:00+0530,152995.0,153021.0,152727.0,152816.0,249
2026-08-10T22:05:00+0530,152816.0,152901.0,152751.0,152769.0,75
2026-08-10T22:10:00+0530,152769.0,152800.0,152600.0,152605.0,104
2026-08-10T22:15:00+0530,152605.0,152780.0,152600.0,152673.0,59
2026-08-10T22:20:00+0530,152673.0,152751.0,152648.0,152750.0,72
2026-08-10T22:25:00+0530,152750.0,152800.0,152738.0,152800.0,26
2026-08-10T22:30:00+0530,152800.0,152880.0,152715.0,152715.0,60
2026-08-10T22:35:00+0530,152715.0,152805.0,152670.0,152805.0,43
2026-08-10T22:40:00+0530,152805.0,152812.0,152765.0,152812.0,17
2026-08-10T22:45:00+0530,152812.0,152834.0,152780.0,152819.0,31
2026-08-10T22:50:00+0530,152819.0,152897.0,152815.0,152897.0,22
2026-08-10T22:55:00+0530,152897.0,152971.0,152850.0,152951.0,78
2026-08-10T23:00:00+0530,152951.0,152969.0,152923.0,152950.0,33
2026-08-10T23:05:00+0530,152950.0,153001.0,152935.0,153001.0,67
2026-08-10T23:10:00+0530,153001.0,153040.0,152920.0,152924.0,75
2026-08-10T23:15:00+0530,152924.0,152976.0,152881.0,152940.0,79
2026-08-10T23:20:00+0530,152940.0,153100.0,152940.0,153003.0,166
2026-08-10T23:25:00+0530,153003.0,153050.0,152950.0,153050.0,145
2026-08-11T09:00:00+0530,154845.0,155047.0,154738.0,154988.0,858
2026-08-11T09:05:00+0530,154988.0,155012.0,154823.0,154850.0,239
2026-08-11T09:10:00+0530,154850.0,154950.0,154750.0,154760.0,239
2026-08-11T09:15:00+0530,154760.0,154806.0,154601.0,154610.0,142
2026-08-11T09:20:00+0530,154610.0,154866.0,154610.0,154839.0,117
2026-08-11T09:25:00+0530,154839.0,154937.0,154746.0,154796.0,115
2026-08-11T09:30:00+0530,154747.0,154940.0,154747.0,154940.0,89
2026-08-11T09:35:00+0530,154940.0,154989.0,154752.0,154752.0,92
2026-08-11T09:40:00+0530,154752.0,154794.0,154669.0,154700.0,53
2026-08-11T09:45:00+0530,154725.0,154894.0,154725.0,154793.0,85
2026-08-11T09:50:00+0530,154793.0,154800.0,154697.0,154740.0,56
2026-08-11T09:55:00+0530,154740.0,154876.0,154716.0,154861.0,49
2026-08-11T10:00:00+0530,154861.0,154912.0,154729.0,154792.0,66
2026-08-11T10:05:00+0530,154833.0,154833.0,154716.0,154800.0,55
2026-08-11T10:10:00+0530,154800.0,154852.0,154610.0,154638.0,104
2026-08-11T10:15:00+0530,154638.0,154698.0,154583.0,154583.0,65
2026-08-11T10:20:00+0530,154583.0,154621.0,154412.0,154520.0,212
2026-08-11T10:25:00+0530,154520.0,154570.0,154453.0,154570.0,100
2026-08-11T10:30:00+0530,154580.0,154583.0,154465.0,154465.0,63
2026-08-11T10:35:00+0530,154465.0,154490.0,154399.0,154490.0,53
2026-08-11T10:40:00+0530,154490.0,154490.0,154194.0,154240.0,361
2026-08-11T10:45:00+0530,154290.0,154295.0,154115.0,154150.0,152
2026-08-11T10:50:00+0530,154150.0,154280.0,154070.0,154191.0,136
2026-08-11T10:55:00+0530,154191.0,154201.0,153851.0,153900.0,197
2026-08-11T11:00:00+0530,153900.0,153906.0,153410.0,153850.0,478
2026-08-11T11:05:00+0530,153850.0,153867.0,153604.0,153633.0,160
2026-08-11T11:10:00+0530,153633.0,153707.0,153480.0,153670.0,153
2026-08-11T11:15:00+0530,153670.0,153695.0,153500.0,153573.0,96
2026-08-11T11:20:00+0530,153573.0,153605.0,153430.0,153528.0,113
2026-08-11T11:25:00+0530,153528.0,153800.0,153481.0,153758.0,122
2026-08-11T11:30:00+0530,153758.0,153958.0,153622.0,153851.0,176
2026-08-11T11:35:00+0530,153851.0,154006.0,153851.0,154006.0,140
2026-08-11T11:40:00+0530,154006.0,154006.0,153776.0,153776.0,110
2026-08-11T11:45:00+0530,153776.0,153800.0,153606.0,153606.0,118
2026-08-11T11:50:00+0530,153606.0,153720.0,153530.0,153674.0,75
2026-08-11T11:55:00+0530,153674.0,153683.0,153309.0,153383.0,140
2026-08-11T12:00:00+0530,153383.0,153502.0,153200.0,153322.0,178
2026-08-11T12:05:00+0530,153322.0,153490.0,153312.0,153490.0,57
2026-08-11T12:10:00+0530,153490.0,153547.0,153394.0,153394.0,54
2026-08-11T12:15:00+0530,153394.0,153541.0,153336.0,153530.0,40
2026-08-11T12:20:00+0530,153530.0,153566.0,153286.0,153378.0,112
2026-08-11T12:25:00+0530,153378.0,153507.0,153318.0,153507.0,33
2026-08-11T12:30:00+0530,153507.0,153555.0,153386.0,153461.0,51
2026-08-11T12:35:00+0530,153461.0,153461.0,153326.0,153326.0,40
2026-08-11T12:40:00+0530,153326.0,153423.0,153326.0,153418.0,50
2026-08-11T12:45:00+0530,153418.0,153418.0,153256.0,153301.0,85
2026-08-11T12:50:00+0530,153301.0,153350.0,153240.0,153302.0,50
2026-08-11T12:55:00+0530,153302.0,153413.0,153302.0,153381.0,37
2026-08-11T13:00:00+0530,153381.0,153436.0,153300.0,153350.0,54
2026-08-11T13:05:00+0530,153350.0,153432.0,153319.0,153343.0,32
2026-08-11T13:10:00+0530,153319.0,153319.0,153148.0,153215.0,107
2026-08-11T13:15:00+0530,153215.0,153257.0,153120.0,153120.0,85
2026-08-11T13:20:00+0530,153120.0,153305.0,153117.0,153280.0,70
2026-08-11T13:25:00+0530,153280.0,153280.0,153135.0,153146.0,47
2026-08-11T13:30:00+0530,153146.0,153400.0,153146.0,153351.0,50
2026-08-11T13:35:00+0530,153351.0,153541.0,153351.0,153541.0,56
2026-08-11T13:40:00+0530,153541.0,153589.0,153470.0,153498.0,47
2026-08-11T13:45:00+0530,153498.0,153525.0,153326.0,153411.0,37
2026-08-11T13:50:00+0530,153411.0,153411.0,153308.0,153400.0,27
2026-08-11T13:55:00+0530,153400.0,153625.0,153400.0,153625.0,54
2026-08-11T14:00:00+0530,153621.0,153749.0,153621.0,153717.0,160
2026-08-11T14:05:00+0530,153717.0,153888.0,153717.0,153875.0,105
2026-08-11T14:10:00+0530,153875.0,153875.0,153790.0,153815.0,77
2026-08-11T14:15:00+0530,153815.0,153831.0,153707.0,153732.0,60
2026-08-11T14:20:00+0530,153732.0,153795.0,153632.0,153649.0,37
2026-08-11T14:25:00+0530,153649.0,153673.0,153525.0,153529.0,49
2026-08-11T14:30:00+0530,153529.0,153703.0,153496.0,153699.0,45
2026-08-11T14:35:00+0530,153699.0,153781.0,153699.0,153700.0,30
2026-08-11T14:40:00+0530,153700.0,153747.0,153685.0,153701.0,12
2026-08-11T14:45:00+0530,153701.0,153850.0,153701.0,153838.0,141
2026-08-11T14:50:00+0530,153838.0,153868.0,153747.0,153786.0,51
2026-08-11T14:55:00+0530,153786.0,153854.0,153734.0,153734.0,26
2026-08-11T15:00:00+0530,153734.0,153799.0,153674.0,153799.0,23
2026-08-11T15:05:00+0530,153799.0,153799.0,153702.0,153773.0,31
2026-08-11T15:10:00+0530,153773.0,153779.0,153700.0,153712.0,8
2026-08-11T15:15:00+0530,153712.0,153736.0,153666.0,153732.0,21
2026-08-11T15:20:00+0530,153732.0,153748.0,153698.0,153704.0,24
2026-08-11T15:25:00+0530,153704.0,153748.0,153701.0,153744.0,8
2026-08-11T15:30:00+0530,153701.0,153793.0,153701.0,153754.0,6
2026-08-11T15:35:00+0530,153754.0,153806.0,153754.0,153806.0,21
2026-08-11T15:40:00+0530,153806.0,153925.0,153806.0,153879.0,41
2026-08-11T15:45:00+0530,153879.0,153924.0,153850.0,153861.0,38
2026-08-11T15:50:00+0530,153861.0,154024.0,153861.0,153987.0,190
2026-08-11T15:55:00+0530,153987.0,154136.0,153952.0,154002.0,316
2026-08-11T16:00:00+0530,154000.0,154065.0,153970.0,154003.0,40
2026-08-11T16:05:00+0530,154003.0,154014.0,153938.0,153962.0,40
2026-08-11T16:10:00+0530,153962.0,153962.0,153900.0,153932.0,13
2026-08-11T16:15:00+0530,153932.0,154063.0,153920.0,154063.0,40
2026-08-11T16:20:00+0530,154063.0,154110.0,154039.0,154039.0,60
2026-08-11T16:25:00+0530,154039.0,154100.0,153975.0,154089.0,64
2026-08-11T16:30:00+0530,154089.0,154251.0,153950.0,154234.0,156
2026-08-11T16:35:00+0530,154234.0,154285.0,154200.0,154282.0,53
2026-08-11T16:40:00+0530,154282.0,154284.0,154151.0,154274.0,57
2026-08-11T16:45:00+0530,154274.0,154287.0,154118.0,154174.0,72
2026-08-11T16:50:00+0530,154174.0,154199.0,154056.0,154070.0,40
2026-08-11T16:55:00+0530,154070.0,154123.0,154020.0,154123.0,46
2026-08-11T17:00:00+0530,154123.0,154148.0,154066.0,154067.0,24
2026-08-11T17:05:00+0530,154067.0,154100.0,154000.0,154000.0,27
2026-08-11T17:10:00+0530,154000.0,154050.0,153953.0,154035.0,57
2026-08-11T17:15:00+0530,154035.0,154100.0,154000.0,154071.0,40
2026-08-11T17:20:00+0530,154071.0,154200.0,154003.0,154071.0,36
2026-08-11T17:25:00+0530,154071.0,154191.0,154067.0,154157.0,7
2026-08-11T17:30:00+0530,154157.0,154157.0,154068.0,154102.0,30
2026-08-11T17:35:00+0530,154102.0,154299.0,154100.0,154252.0,39
2026-08-11T17:40:00+0530,154252.0,154392.0,154250.0,154392.0,50
2026-08-11T17:45:00+0530,154392.0,154392.0,154228.0,154274.0,39
2026-08-11T17:50:00+0530,154274.0,154416.0,154100.0,154159.0,178
2026-08-11T17:55:00+0530,154159.0,154160.0,154050.0,154160.0,41
2026-08-11T18:00:00+0530,154160.0,154200.0,154017.0,154039.0,69
2026-08-11T18:05:00+0530,154039.0,154102.0,154004.0,154041.0,49
2026-08-11T18:10:00+0530,154041.0,154250.0,154041.0,154250.0,24
2026-08-11T18:15:00+0530,154250.0,154309.0,154208.0,154250.0,36
2026-08-11T18:20:00+0530,154250.0,154287.0,154150.0,154150.0,51
2026-08-11T18:25:00+0530,154150.0,154190.0,154147.0,154150.0,10
2026-08-11T18:30:00+0530,154150.0,154303.0,154150.0,154197.0,51
2026-08-11T18:35:00+0530,154197.0,154280.0,154189.0,154280.0,17
2026-08-11T18:40:00+0530,154280.0,154344.0,154151.0,154151.0,54
2026-08-11T18:45:00+0530,154160.0,154179.0,154050.0,154179.0,54
2026-08-11T18:50:00+0530,154179.0,154290.0,154167.0,154193.0,29
2026-08-11T18:55:00+0530,154193.0,154290.0,154171.0,154256.0,27
2026-08-11T19:00:00+0530,154256.0,154300.0,154032.0,154059.0,50
2026-08-11T19:05:00+0530,154059.0,154238.0,154023.0,154238.0,50
2026-08-11T19:10:00+0530,154238.0,154333.0,154231.0,154308.0,70
2026-08-11T19:15:00+0530,154308.0,154435.0,154227.0,154255.0,142
2026-08-11T19:20:00+0530,154255.0,154300.0,154053.0,154141.0,87
2026-08-11T19:25:00+0530,154141.0,154276.0,154138.0,154196.0,44
2026-08-11T19:30:00+0530,154196.0,154196.0,153964.0,154056.0,68
2026-08-11T19:35:00+0530,154056.0,154113.0,154018.0,154113.0,41
2026-08-11T19:40:00+0530,154113.0,154153.0,154042.0,154103.0,34
2026-08-11T19:45:00+0530,154103.0,154200.0,154021.0,154025.0,69
2026-08-11T19:50:00+0530,154025.0,154175.0,154014.0,154084.0,69
2026-08-11T19:55:00+0530,154084.0,154150.0,154018.0,154072.0,21
2026-08-11T20:00:00+0530,154072.0,154250.0,154072.0,154250.0,25
2026-08-11T20:05:00+0530,154250.0,154314.0,154250.0,154276.0,38
2026-08-11T20:10:00+0530,154276.0,154334.0,154253.0,154311.0,70
2026-08-11T20:15:00+0530,154311.0,154322.0,154250.0,154317.0,39
2026-08-11T20:20:00+0530,154317.0,154317.0,154250.0,154264.0,19
2026-08-11T20:25:00+0530,154264.0,154379.0,154209.0,154209.0,43
2026-08-11T20:30:00+0530,154209.0,154350.0,154209.0,154327.0,28
2026-08-11T20:35:00+0530,154327.0,154327.0,154126.0,154217.0,29
2026-08-11T20:40:00+0530,154217.0,154267.0,154149.0,154230.0,17
2026-08-11T20:45:00+0530,154230.0,154230.0,154022.0,154098.0,46
2026-08-11T20:50:00+0530,154098.0,154150.0,154042.0,154045.0,33
2026-08-11T20:55:00+0530,154045.0,154116.0,154027.0,154094.0,28
2026-08-11T21:00:00+0530,154094.0,154094.0,153737.0,153737.0,120
2026-08-11T21:05:00+0530,153737.0,153800.0,153555.0,153555.0,141
2026-08-11T21:10:00+0530,153555.0,153746.0,153501.0,153740.0,110
2026-08-11T21:15:00+0530,153740.0,153816.0,153713.0,153742.0,45
2026-08-11T21:20:00+0530,153742.0,153850.0,153742.0,153850.0,31
2026-08-11T21:25:00+0530,153850.0,154071.0,153850.0,154059.0,57
2026-08-11T21:30:00+0530,154059.0,154075.0,153916.0,153916.0,45
2026-08-11T21:35:00+0530,153916.0,153916.0,153828.0,153847.0,35
2026-08-11T21:40:00+0530,153847.0,153938.0,153847.0,153911.0,11
2026-08-11T21:45:00+0530,153911.0,153983.0,153911.0,153929.0,18
2026-08-11T21:50:00+0530,153929.0,154000.0,153920.0,153988.0,20
2026-08-11T21:55:00+0530,153988.0,153998.0,153957.0,153966.0,5
2026-08-11T22:00:00+0530,153966.0,153966.0,153832.0,153832.0,64
2026-08-11T22:05:00+0530,153832.0,153946.0,153811.0,153937.0,74
2026-08-11T22:10:00+0530,153937.0,153966.0,153904.0,153966.0,6
2026-08-11T22:15:00+0530,153966.0,153966.0,153901.0,153901.0,12
2026-08-11T22:20:00+0530,153901.0,153932.0,153857.0,153870.0,16
2026-08-11T22:25:00+0530,153870.0,153987.0,153870.0,153984.0,43
2026-08-11T22:30:00+0530,153984.0,153984.0,153900.0,153900.0,28
2026-08-11T22:35:00+0530,153900.0,153955.0,153866.0,153917.0,21
2026-08-11T22:40:00+0530,153917.0,153949.0,153917.0,153928.0,5
2026-08-11T22:45:00+0530,153928.0,153928.0,153852.0,153852.0,21
2026-08-11T22:50:00+0530,153852.0,153879.0,153826.0,153844.0,12
2026-08-11T22:55:00+0530,153844.0,153855.0,153800.0,153825.0,50
2026-08-11T23:00:00+0530,153864.0,153867.0,153781.0,153795.0,31
2026-08-11T23:05:00+0530,153795.0,153795.0,153683.0,153715.0,47
2026-08-11T23:10:00+0530,153715.0,153864.0,153715.0,153836.0,47
2026-08-11T23:15:00+0530,153836.0,153836.0,153787.0,153790.0,34
2026-08-11T23:20:00+0530,153773.0,153811.0,153700.0,153701.0,64
2026-08-11T23:25:00+0530,153700.0,153719.0,153521.0,153549.0,181
2026-08-12T09:00:00+0530,154797.0,154950.0,154538.0,154562.0,353
2026-08-12T09:05:00+0530,154562.0,154620.0,154524.0,154524.0,178
2026-08-12T09:10:00+0530,154524.0,154557.0,154442.0,154485.0,127
2026-08-12T09:15:00+0530,154485.0,154585.0,154485.0,154561.0,110
2026-08-12T09:20:00+0530,154561.0,154588.0,154450.0,154450.0,48
2026-08-12T09:25:00+0530,154450.0,154500.0,154410.0,154500.0,68
2026-08-12T09:30:00+0530,154500.0,154518.0,154456.0,154481.0,60
2026-08-12T09:35:00+0530,154481.0,154513.0,154338.0,154369.0,178
2026-08-12T09:40:00+0530,154369.0,154383.0,154237.0,154267.0,74
2026-08-12T09:45:00+0530,154267.0,154323.0,154200.0,154316.0,46
2026-08-12T09:50:00+0530,154316.0,154377.0,154270.0,154377.0,43
2026-08-12T09:55:00+0530,154377.0,154539.0,154351.0,154488.0,125
2026-08-12T10:00:00+0530,154488.0,154544.0,154439.0,154500.0,115
2026-08-12T10:05:00+0530,154500.0,154578.0,154500.0,154530.0,73
2026-08-12T10:10:00+0530,154530.0,154530.0,154390.0,154524.0,22
2026-08-12T10:15:00+0530,154524.0,154579.0,154484.0,154578.0,72
2026-08-12T10:20:00+0530,154578.0,154599.0,154508.0,154508.0,28
2026-08-12T10:25:00+0530,154508.0,154532.0,154493.0,154526.0,14
2026-08-12T10:30:00+0530,154526.0,154584.0,154526.0,154584.0,16
2026-08-12T10:35:00+0530,154584.0,154599.0,154550.0,154593.0,13
2026-08-12T10:40:00+0530,154600.0,154641.0,154542.0,154542.0,107
2026-08-12T10:45:00+0530,154542.0,154542.0,154422.0,154451.0,23
2026-08-12T10:50:00+0530,154451.0,154459.0,154300.0,154350.0,44
2026-08-12T10:55:00+0530,154350.0,154406.0,154350.0,154356.0,30
2026-08-12T11:00:00+0530,154356.0,154416.0,154255.0,154348.0,25
2026-08-12T11:05:00+0530,154348.0,154393.0,154345.0,154385.0,12
2026-08-12T11:10:00+0530,154385.0,154385.0,154250.0,154250.0,33
2026-08-12T11:15:00+0530,154250.0,154252.0,154160.0,154204.0,41
2026-08-12T11:20:00+0530,154204.0,154276.0,154109.0,154276.0,54
2026-08-12T11:25:00+0530,154276.0,154393.0,154276.0,154393.0,41
2026-08-12T11:30:00+0530,154393.0,154393.0,154226.0,154233.0,19
2026-08-12T11:35:00+0530,154233.0,154233.0,154135.0,154169.0,14
2026-08-12T11:40:00+0530,154169.0,154229.0,154166.0,154200.0,16
2026-08-12T11:45:00+0530,154200.0,154300.0,154165.0,154270.0,18
2026-08-12T11:50:00+0530,154270.0,154275.0,154234.0,154275.0,27
2026-08-12T11:55:00+0530,154275.0,154293.0,154220.0,154246.0,21
2026-08-12T12:00:00+0530,154246.0,154246.0,154238.0,154242.0,4
2026-08-12T12:05:00+0530,154242.0,154400.0,154240.0,154398.0,58
2026-08-12T12:10:00+0530,154398.0,154499.0,154398.0,154421.0,64
2026-08-12T12:15:00+0530,154421.0,154545.0,154421.0,154530.0,32
2026-08-12T12:20:00+0530,154530.0,154620.0,154530.0,154542.0,68
2026-08-12T12:25:00+0530,154542.0,154688.0,154542.0,154603.0,51
2026-08-12T12:30:00+0530,154603.0,154685.0,154570.0,154570.0,56
2026-08-12T12:35:00+0530,154570.0,154591.0,154522.0,154522.0,23
2026-08-12T12:40:00+0530,154522.0,154664.0,154522.0,154592.0,32
2026-08-12T12:45:00+0530,154592.0,154592.0,154458.0,154513.0,28
2026-08-12T12:50:00+0530,154513.0,154513.0,154454.0,154481.0,23
2026-08-12T12:55:00+0530,154481.0,154584.0,154481.0,154584.0,19
2026-08-12T13:00:00+0530,154584.0,154661.0,154576.0,154655.0,39
2026-08-12T13:05:00+0530,154655.0,154695.0,154622.0,154680.0,36
2026-08-12T13:10:00+0530,154680.0,154695.0,154630.0,154656.0,31
2026-08-12T13:15:00+0530,154656.0,154725.0,154621.0,154707.0,56
2026-08-12T13:20:00+0530,154707.0,154738.0,154644.0,154684.0,46
2026-08-12T13:25:00+0530,154684.0,154684.0,154564.0,154606.0,49
2026-08-12T13:30:00+0530,154606.0,154751.0,154606.0,154748.0,48
2026-08-12T13:35:00+0530,154748.0,154748.0,154717.0,154745.0,16
2026-08-12T13:40:00+0530,154745.0,154745.0,154690.0,154704.0,29
2026-08-12T13:45:00+0530,154704.0,154735.0,154609.0,154708.0,27
2026-08-12T13:50:00+0530,154708.0,154739.0,154682.0,154725.0,19
2026-08-12T13:55:00+0530,154725.0,154725.0,154644.0,154675.0,16
2026-08-12T14:00:00+0530,154675.0,154688.0,154644.0,154644.0,11
2026-08-12T14:05:00+0530,154644.0,154685.0,154640.0,154685.0,6
2026-08-12T14:10:00+0530,154685.0,154693.0,154660.0,154660.0,15
2026-08-12T14:15:00+0530,154660.0,154660.0,154587.0,154633.0,21
2026-08-12T14:20:00+0530,154633.0,154634.0,154577.0,154598.0,10
2026-08-12T14:25:00+0530,154598.0,154598.0,154536.0,154536.0,30
2026-08-12T14:30:00+0530,154536.0,154685.0,154535.0,154685.0,19
2026-08-12T14:35:00+0530,154685.0,154700.0,154685.0,154700.0,28
2026-08-12T14:40:00+0530,154700.0,154800.0,154700.0,154781.0,84
2026-08-12T14:45:00+0530,154781.0,154945.0,154781.0,154880.0,121
2026-08-12T14:50:00+0530,154880.0,154974.0,154800.0,154914.0,134
2026-08-12T14:55:00+0530,154914.0,154974.0,154800.0,154800.0,57
2026-08-12T15:00:00+0530,154800.0,154870.0,154773.0,154821.0,45
2026-08-12T15:05:00+0530,154821.0,154874.0,154805.0,154850.0,32
2026-08-12T15:10:00+0530,154850.0,154870.0,154803.0,154803.0,16
2026-08-12T15:15:00+0530,154803.0,154840.0,154790.0,154820.0,21
2026-08-12T15:20:00+0530,154820.0,154896.0,154776.0,154776.0,35
2026-08-12T15:25:00+0530,154776.0,154940.0,154761.0,154919.0,47
2026-08-12T15:30:00+0530,154919.0,154930.0,154881.0,154900.0,35
2026-08-12T15:35:00+0530,154900.0,154988.0,154900.0,154988.0,110
2026-08-12T15:40:00+0530,154988.0,155000.0,154945.0,154969.0,80
2026-08-12T15:45:00+0530,154969.0,155024.0,154969.0,155024.0,64
2026-08-12T15:50:00+0530,155024.0,155050.0,154991.0,155016.0,52
2026-08-12T15:55:00+0530,155016.0,155025.0,154973.0,155025.0,47
2026-08-12T16:00:00+0530,155025.0,155025.0,154900.0,154925.0,46
2026-08-12T16:05:00+0530,154925.0,154925.0,154826.0,154857.0,28
2026-08-12T16:10:00+0530,154857.0,154932.0,154851.0,154932.0,30
2026-08-12T16:15:00+0530,154932.0,154952.0,154720.0,154734.0,115
2026-08-12T16:20:00+0530,154734.0,154774.0,154664.0,154774.0,74
2026-08-12T16:25:00+0530,154774.0,154810.0,154735.0,154810.0,29
2026-08-12T16:30:00+0530,154810.0,154889.0,154758.0,154758.0,53
2026-08-12T16:35:00+0530,154758.0,154807.0,154703.0,154747.0,41
2026-08-12T16:40:00+0530,154747.0,154782.0,154701.0,154727.0,36
2026-08-12T16:45:00+0530,154727.0,154749.0,154700.0,154739.0,31
2026-08-12T16:50:00+0530,154739.0,154798.0,154703.0,154791.0,20
2026-08-12T16:55:00+0530,154791.0,155000.0,154791.0,154965.0,108
2026-08-12T17:00:00+0530,154965.0,154987.0,154900.0,154900.0,32
2026-08-12T17:05:00+0530,154900.0,154909.0,154782.0,154860.0,45
2026-08-12T17:10:00+0530,154860.0,154900.0,154850.0,154864.0,27
2026-08-12T17:15:00+0530,154885.0,154923.0,154885.0,154886.0,17
2026-08-12T17:20:00+0530,154886.0,154904.0,154886.0,154893.0,10
2026-08-12T17:25:00+0530,154893.0,154910.0,154801.0,154849.0,33
2026-08-12T17:30:00+0530,154849.0,154849.0,154720.0,154750.0,39
2026-08-12T17:35:00+0530,154750.0,154750.0,154670.0,154696.0,51
2026-08-12T17:40:00+0530,154696.0,154759.0,154670.0,154725.0,38
2026-08-12T17:45:00+0530,154725.0,154752.0,154680.0,154752.0,29
2026-08-12T17:50:00+0530,154749.0,154777.0,154680.0,154770.0,45
2026-08-12T17:55:00+0530,154770.0,155305.0,154701.0,155305.0,319
2026-08-12T18:00:00+0530,155300.0,155439.0,154149.0,155150.0,1850
2026-08-12T18:05:00+0530,155150.0,155324.0,154855.0,155324.0,417
2026-08-12T18:10:00+0530,155324.0,155548.0,155129.0,155265.0,560
2026-08-12T18:15:00+0530,155264.0,155264.0,154952.0,155106.0,279
2026-08-12T18:20:00+0530,155106.0,155307.0,155100.0,155300.0,138
2026-08-12T18:25:00+0530,155300.0,155630.0,155260.0,155556.0,373
2026-08-12T18:30:00+0530,155586.0,155700.0,155260.0,155477.0,276
2026-08-12T18:35:00+0530,155477.0,155500.0,155282.0,155282.0,88
2026-08-12T18:40:00+0530,155282.0,155351.0,155089.0,155142.0,102
2026-08-12T18:45:00+0530,155142.0,155362.0,155087.0,155254.0,71
2026-08-12T18:50:00+0530,155254.0,155317.0,155061.0,155061.0,101
2026-08-12T18:55:00+0530,155061.0,155183.0,155027.0,155142.0,96
2026-08-12T19:00:00+0530,155142.0,155160.0,155004.0,155075.0,91
2026-08-12T19:05:00+0530,155075.0,155152.0,154900.0,154913.0,172
2026-08-12T19:10:00+0530,154913.0,155129.0,154850.0,154978.0,97
2026-08-12T19:15:00+0530,154978.0,155389.0,154978.0,155349.0,99
2026-08-12T19:20:00+0530,155355.0,155474.0,155308.0,155422.0,165
2026-08-12T19:25:00+0530,155422.0,155441.0,155240.0,155273.0,86
2026-08-12T19:30:00+0530,155292.0,155307.0,155059.0,155235.0,122
2026-08-12T19:35:00+0530,155235.0,155385.0,155235.0,155300.0,69
2026-08-12T19:40:00+0530,155300.0,155590.0,155300.0,155522.0,287
2026-08-12T19:45:00+0530,155522.0,155675.0,155413.0,155605.0,235
2026-08-12T19:50:00+0530,155605.0,155678.0,155524.0,155566.0,92
2026-08-12T19:55:00+0530,155566.0,155602.0,155436.0,155479.0,85
2026-08-12T20:00:00+0530,155479.0,155545.0,155261.0,155261.0,158
2026-08-12T20:05:00+0530,155271.0,155355.0,155197.0,155250.0,112
2026-08-12T20:10:00+0530,155250.0,155411.0,155237.0,155400.0,48
2026-08-12T20:15:00+0530,155400.0,155594.0,155309.0,155385.0,107
2026-08-12T20:20:00+0530,155385.0,155385.0,155204.0,155368.0,83
2026-08-12T20:25:00+0530,155368.0,155368.0,155251.0,155318.0,22
2026-08-12T20:30:00+0530,155318.0,155340.0,155180.0,155232.0,54
2026-08-12T20:35:00+0530,155232.0,155353.0,155180.0,155305.0,59
2026-08-12T20:40:00+0530,155305.0,155496.0,155305.0,155415.0,85
2026-08-12T20:45:00+0530,155415.0,155415.0,155297.0,155330.0,36
2026-08-12T20:50:00+0530,155330.0,155446.0,155330.0,155422.0,17
2026-08-12T20:55:00+0530,155422.0,155422.0,155280.0,155300.0,18
2026-08-12T21:00:00+0530,155300.0,155382.0,155226.0,155260.0,26
2026-08-12T21:05:00+0530,155260.0,155329.0,155207.0,155273.0,35
2026-08-12T21:10:00+0530,155273.0,155323.0,155202.0,155202.0,18
2026-08-12T21:15:00+0530,155202.0,155230.0,155131.0,155131.0,33
2026-08-12T21:20:00+0530,155131.0,155239.0,155021.0,155200.0,80
2026-08-12T21:25:00+0530,155200.0,155335.0,155200.0,155322.0,33
2026-08-12T21:30:00+0530,155322.0,155376.0,155200.0,155283.0,46
2026-08-12T21:35:00+0530,155283.0,155299.0,155200.0,155200.0,21
2026-08-12T21:40:00+0530,155200.0,155369.0,155200.0,155369.0,39
2026-08-12T21:45:00+0530,155369.0,155394.0,155296.0,155380.0,26
2026-08-12T21:50:00+0530,155380.0,155380.0,155330.0,155374.0,25
2026-08-12T21:55:00+0530,155374.0,155374.0,155288.0,155303.0,7
2026-08-12T22:00:00+0530,155303.0,155303.0,155120.0,155151.0,62
2026-08-12T22:05:00+0530,155151.0,155257.0,155100.0,155210.0,66
2026-08-12T22:10:00+0530,155210.0,155210.0,155052.0,155100.0,26
2026-08-12T22:15:00+0530,155100.0,155100.0,154806.0,154814.0,201
2026-08-12T22:20:00+0530,154814.0,154920.0,154814.0,154885.0,103
2026-08-12T22:25:00+0530,154885.0,154886.0,154649.0,154886.0,248
2026-08-12T22:30:00+0530,154886.0,154971.0,154810.0,154852.0,99
2026-08-12T22:35:00+0530,154852.0,154989.0,154807.0,154980.0,79
2026-08-12T22:40:00+0530,154980.0,154980.0,154845.0,154855.0,57
2026-08-12T22:45:00+0530,154855.0,154900.0,154800.0,154845.0,120
2026-08-12T22:50:00+0530,154845.0,155000.0,154822.0,154976.0,95
2026-08-12T22:55:00+0530,154973.0,154998.0,154922.0,154939.0,20
2026-08-12T23:00:00+0530,154939.0,154990.0,154933.0,154990.0,17
2026-08-12T23:05:00+0530,154990.0,154996.0,154930.0,154966.0,71
2026-08-12T23:10:00+0530,154966.0,154966.0,154850.0,154850.0,61
2026-08-12T23:15:00+0530,154850.0,154893.0,154764.0,154875.0,107
2026-08-12T23:20:00+0530,154872.0,154900.0,154802.0,154820.0,82
2026-08-12T23:25:00+0530,154820.0,154850.0,154750.0,154752.0,212
2026-08-13T09:00:00+0530,155044.0,155102.0,154821.0,154879.0,178
2026-08-13T09:05:00+0530,154879.0,154901.0,154815.0,154834.0,100
2026-08-13T09:10:00+0530,154834.0,154858.0,154585.0,154614.0,144
2026-08-13T09:15:00+0530,154614.0,154750.0,154597.0,154650.0,71
2026-08-13T09:20:00+0530,154650.0,154654.0,154471.0,154517.0,88
2026-08-13T09:25:00+0530,154517.0,154517.0,154340.0,154424.0,198
2026-08-13T09:30:00+0530,154424.0,154475.0,154211.0,154230.0,223
2026-08-13T09:35:00+0530,154230.0,154386.0,154212.0,154338.0,115
2026-08-13T09:40:00+0530,154338.0,154374.0,154122.0,154271.0,91
2026-08-13T09:45:00+0530,154271.0,154305.0,154200.0,154265.0,40
2026-08-13T09:50:00+0530,154265.0,154400.0,154221.0,154400.0,48
2026-08-13T09:55:00+0530,154400.0,154480.0,154383.0,154421.0,57
2026-08-13T10:00:00+0530,154421.0,154428.0,154311.0,154387.0,46
2026-08-13T10:05:00+0530,154387.0,154391.0,154295.0,154377.0,22
2026-08-13T10:10:00+0530,154377.0,154415.0,154223.0,154223.0,73
2026-08-13T10:15:00+0530,154223.0,154302.0,154191.0,154300.0,104
2026-08-13T10:20:00+0530,154300.0,154322.0,154233.0,154300.0,11
2026-08-13T10:25:00+0530,154300.0,154407.0,154300.0,154398.0,19
2026-08-13T10:30:00+0530,154398.0,154404.0,154245.0,154293.0,73
2026-08-13T10:35:00+0530,154293.0,154350.0,154259.0,154338.0,41
2026-08-13T10:40:00+0530,154338.0,154620.0,154338.0,154620.0,77
2026-08-13T10:45:00+0530,154620.0,154668.0,154521.0,154582.0,73
2026-08-13T10:50:00+0530,154582.0,154633.0,154533.0,154619.0,39
2026-08-13T10:55:00+0530,154619.0,154709.0,154585.0,154707.0,45
2026-08-13T11:00:00+0530,154707.0,154707.0,154286.0,154400.0,186
2026-08-13T11:05:00+0530,154400.0,154536.0,154400.0,154453.0,39
2026-08-13T11:10:00+0530,154453.0,154536.0,154153.0,154179.0,132
2026-08-13T11:15:00+0530,154179.0,154251.0,154025.0,154107.0,174
2026-08-13T11:20:00+0530,154107.0,154129.0,154005.0,154005.0,195
2026-08-13T11:25:00+0530,154005.0,154030.0,153850.0,153912.0,345
2026-08-13T11:30:00+0530,153912.0,154066.0,153808.0,153847.0,78
2026-08-13T11:35:00+0530,153847.0,153887.0,153739.0,153837.0,190
2026-08-13T11:40:00+0530,153837.0,153910.0,153650.0,153698.0,161
2026-08-13T11:45:00+0530,153698.0,153758.0,153659.0,153739.0,84
2026-08-13T11:50:00+0530,153739.0,153804.0,153711.0,153771.0,90
2026-08-13T11:55:00+0530,153771.0,153773.0,153720.0,153761.0,69
2026-08-13T12:00:00+0530,153761.0,153761.0,153573.0,153605.0,130
2026-08-13T12:05:00+0530,153605.0,153660.0,153508.0,153660.0,116
2026-08-13T12:10:00+0530,153660.0,153698.0,153628.0,153647.0,35
2026-08-13T12:15:00+0530,153647.0,153885.0,153647.0,153841.0,51
2026-08-13T12:20:00+0530,153841.0,153911.0,153841.0,153900.0,39
2026-08-13T12:25:00+0530,153900.0,153985.0,153900.0,153910.0,73
2026-08-13T12:30:00+0530,153910.0,153910.0,153809.0,153825.0,51
2026-08-13T12:35:00+0530,153825.0,153830.0,153732.0,153737.0,73
2026-08-13T12:40:00+0530,153737.0,153765.0,153649.0,153700.0,81
2026-08-13T12:45:00+0530,153679.0,153695.0,153615.0,153649.0,55
2026-08-13T12:50:00+0530,153649.0,153672.0,153589.0,153605.0,100
2026-08-13T12:55:00+0530,153605.0,153621.0,153550.0,153619.0,111
2026-08-13T13:00:00+0530,153619.0,153625.0,153541.0,153597.0,92
2026-08-13T13:05:00+0530,153597.0,153679.0,153561.0,153659.0,85
2026-08-13T13:10:00+0530,153659.0,153750.0,153640.0,153750.0,48
2026-08-13T13:15:00+0530,153750.0,153797.0,153552.0,153599.0,75
2026-08-13T13:20:00+0530,153599.0,153599.0,153500.0,153565.0,136
2026-08-13T13:25:00+0530,153565.0,153573.0,153504.0,153520.0,53
2026-08-13T13:30:00+0530,153520.0,153550.0,153300.0,153362.0,262
2026-08-13T13:35:00+0530,153362.0,153482.0,153361.0,153408.0,43
2026-08-13T13:40:00+0530,153408.0,153408.0,153256.0,153340.0,113
2026-08-13T13:45:00+0530,153340.0,153420.0,153301.0,153362.0,100
2026-08-13T13:50:00+0530,153342.0,153549.0,153296.0,153540.0,79
2026-08-13T13:55:00+0530,153540.0,153588.0,153503.0,153548.0,44
2026-08-13T14:00:00+0530,153548.0,153700.0,153548.0,153671.0,48
2026-08-13T14:05:00+0530,153671.0,153725.0,153601.0,153645.0,25
2026-08-13T14:10:00+0530,153645.0,153669.0,153620.0,153662.0,19
2026-08-13T14:15:00+0530,153662.0,153765.0,153605.0,153727.0,27
2026-08-13T14:20:00+0530,153727.0,153760.0,153687.0,153687.0,28
2026-08-13T14:25:00+0530,153687.0,153710.0,153666.0,153698.0,19
2026-08-13T14:30:00+0530,153698.0,153730.0,153631.0,153631.0,14
2026-08-13T14:35:00+0530,153631.0,153698.0,153561.0,153682.0,47
2026-08-13T14:40:00+0530,153682.0,153730.0,153635.0,153726.0,16
2026-08-13T14:45:00+0530,153726.0,153855.0,153689.0,153855.0,59
2026-08-13T14:50:00+0530,153855.0,153935.0,153800.0,153850.0,80
2026-08-13T14:55:00+0530,153850.0,153901.0,153845.0,153848.0,18
2026-08-13T15:00:00+0530,153848.0,153939.0,153848.0,153920.0,56
2026-08-13T15:05:00+0530,153920.0,153949.0,153893.0,153905.0,39
2026-08-13T15:10:00+0530,153905.0,153946.0,153865.0,153866.0,28
2026-08-13T15:15:00+0530,153866.0,153905.0,153856.0,153862.0,24
2026-08-13T15:20:00+0530,153862.0,153948.0,153862.0,153948.0,14
2026-08-13T15:25:00+0530,153948.0,154079.0,153928.0,154055.0,92
2026-08-13T15:30:00+0530,154055.0,154159.0,154055.0,154159.0,73
2026-08-13T15:35:00+0530,154159.0,154170.0,154121.0,154155.0,42
2026-08-13T15:40:00+0530,154155.0,154169.0,154000.0,154000.0,53
2026-08-13T15:45:00+0530,154000.0,154148.0,153981.0,154148.0,38
2026-08-13T15:50:00+0530,154148.0,154150.0,154103.0,154103.0,27
2026-08-13T15:55:00+0530,154103.0,154286.0,154103.0,154223.0,74
2026-08-13T16:00:00+0530,154223.0,154281.0,154144.0,154195.0,31
2026-08-13T16:05:00+0530,154195.0,154233.0,154195.0,154233.0,13
2026-08-13T16:10:00+0530,154233.0,154281.0,154221.0,154250.0,18
2026-08-13T16:15:00+0530,154250.0,154337.0,154250.0,154301.0,36
2026-08-13T16:20:00+0530,154301.0,154435.0,154295.0,154347.0,78
2026-08-13T16:25:00+0530,154345.0,154360.0,154270.0,154360.0,32
2026-08-13T16:30:00+0530,154360.0,154360.0,154183.0,154200.0,30
2026-08-13T16:35:00+0530,154200.0,154235.0,154170.0,154184.0,23
2026-08-13T16:40:00+0530,154181.0,154400.0,154171.0,154400.0,69
2026-08-13T16:45:00+0530,154400.0,154422.0,154311.0,154324.0,32
2026-08-13T16:50:00+0530,154324.0,154349.0,154255.0,154287.0,45
2026-08-13T16:55:00+0530,154287.0,154303.0,154200.0,154201.0,33
2026-08-13T17:00:00+0530,154201.0,154201.0,154110.0,154134.0,58
2026-08-13T17:05:00+0530,154134.0,154200.0,154134.0,154157.0,10
2026-08-13T17:10:00+0530,154157.0,154157.0,153979.0,153984.0,45
2026-08-13T17:15:00+0530,153984.0,154030.0,153967.0,154030.0,19
2026-08-13T17:20:00+0530,154030.0,154083.0,154026.0,154031.0,17
2026-08-13T17:25:00+0530,154040.0,154150.0,153991.0,154134.0,22
2026-08-13T17:30:00+0530,154134.0,154178.0,154102.0,154135.0,40
2026-08-13T17:35:00+0530,154135.0,154300.0,154135.0,154269.0,66
2026-08-13T17:40:00+0530,154269.0,154282.0,154215.0,154268.0,18
2026-08-13T17:45:00+0530,154268.0,154268.0,154150.0,154166.0,34
2026-08-13T17:50:00+0530,154166.0,154279.0,154130.0,154151.0,47
2026-08-13T17:55:00+0530,154151.0,154282.0,154074.0,154216.0,50
2026-08-13T18:00:00+0530,154216.0,154534.0,154000.0,154394.0,414
2026-08-13T18:05:00+0530,154394.0,154416.0,154186.0,154300.0,77
2026-08-13T18:10:00+0530,154300.0,154385.0,154182.0,154355.0,76
2026-08-13T18:15:00+0530,154352.0,154475.0,154330.0,154405.0,79
2026-08-13T18:20:00+0530,154405.0,154436.0,154322.0,154394.0,32
2026-08-13T18:25:00+0530,154394.0,154550.0,154356.0,154550.0,63
2026-08-13T18:30:00+0530,154550.0,154550.0,154313.0,154424.0,66
2026-08-13T18:35:00+0530,154424.0,154457.0,154350.0,154370.0,62
2026-08-13T18:40:00+0530,154370.0,154386.0,154306.0,154333.0,24
2026-08-13T18:45:00+0530,154333.0,154379.0,154289.0,154290.0,27
2026-08-13T18:50:00+0530,154290.0,154352.0,154225.0,154250.0,29
2026-08-13T18:55:00+0530,154225.0,154245.0,154135.0,154181.0,44
2026-08-13T19:00:00+0530,154181.0,154252.0,153907.0,153990.0,128
2026-08-13T19:05:00+0530,153990.0,154052.0,153845.0,154052.0,123
2026-08-13T19:10:00+0530,154067.0,154067.0,153838.0,153938.0,113
2026-08-13T19:15:00+0530,153938.0,154024.0,153860.0,153930.0,44
2026-08-13T19:20:00+0530,153930.0,153947.0,153701.0,153852.0,139
2026-08-13T19:25:00+0530,153852.0,153880.0,153727.0,153757.0,50
2026-08-13T19:30:00+0530,153757.0,153886.0,153649.0,153751.0,79
2026-08-13T19:35:00+0530,153751.0,153887.0,153666.0,153767.0,58
2026-08-13T19:40:00+0530,153767.0,153767.0,153652.0,153688.0,37
2026-08-13T19:45:00+0530,153688.0,153928.0,153688.0,153866.0,45
2026-08-13T19:50:00+0530,153866.0,153880.0,153774.0,153774.0,21
2026-08-13T19:55:00+0530,153774.0,153899.0,153671.0,153685.0,90
2026-08-13T20:00:00+0530,153685.0,153810.0,153314.0,153796.0,440
2026-08-13T20:05:00+0530,153796.0,153850.0,153754.0,153841.0,39
2026-08-13T20:10:00+0530,153841.0,154000.0,153841.0,154000.0,44
2026-08-13T20:15:00+0530,154000.0,154074.0,153961.0,153971.0,71
2026-08-13T20:20:00+0530,153971.0,154040.0,153970.0,154000.0,20
2026-08-13T20:25:00+0530,154000.0,154037.0,153970.0,153984.0,19
2026-08-13T20:30:00+0530,153984.0,154030.0,153835.0,153851.0,27
2026-08-13T20:35:00+0530,153851.0,153851.0,153651.0,153687.0,62
2026-08-13T20:40:00+0530,153687.0,153734.0,153672.0,153689.0,34
2026-08-13T20:45:00+0530,153689.0,153703.0,153516.0,153640.0,87
2026-08-13T20:50:00+0530,153640.0,153825.0,153635.0,153788.0,30
2026-08-13T20:55:00+0530,153788.0,153860.0,153591.0,153595.0,100
2026-08-13T21:00:00+0530,153595.0,153627.0,153434.0,153523.0,111
2026-08-13T21:05:00+0530,153523.0,153750.0,153523.0,153750.0,51
2026-08-13T21:10:00+0530,153750.0,153768.0,153686.0,153686.0,73
2026-08-13T21:15:00+0530,153686.0,153700.0,153545.0,153690.0,25
2026-08-13T21:20:00+0530,153690.0,153720.0,153613.0,153683.0,17
2026-08-13T21:25:00+0530,153683.0,153706.0,153625.0,153625.0,12
2026-08-13T21:30:00+0530,153625.0,153716.0,153625.0,153642.0,13
2026-08-13T21:35:00+0530,153642.0,153642.0,153521.0,153557.0,30
2026-08-13T21:40:00+0530,153557.0,153600.0,153406.0,153430.0,84
2026-08-13T21:45:00+0530,153430.0,153436.0,153251.0,153336.0,209
2026-08-13T21:50:00+0530,153336.0,153460.0,153309.0,153460.0,74
2026-08-13T21:55:00+0530,153460.0,153506.0,153400.0,153506.0,39
2026-08-13T22:00:00+0530,153523.0,153587.0,153523.0,153580.0,28
2026-08-13T22:05:00+0530,153580.0,153615.0,153550.0,153564.0,18
2026-08-13T22:10:00+0530,153564.0,153564.0,153500.0,153552.0,18
2026-08-13T22:15:00+0530,153552.0,153596.0,153552.0,153596.0,28
2026-08-13T22:20:00+0530,153596.0,153596.0,153529.0,153529.0,10
2026-08-13T22:25:00+0530,153529.0,153640.0,153529.0,153617.0,29
2026-08-13T22:30:00+0530,153617.0,153740.0,153617.0,153661.0,56
2026-08-13T22:35:00+0530,153661.0,153780.0,153661.0,153770.0,43
2026-08-13T22:40:00+0530,153770.0,153797.0,153758.0,153758.0,19
2026-08-13T22:45:00+0530,153758.0,153758.0,153632.0,153632.0,23
2026-08-13T22:50:00+0530,153632.0,153714.0,153632.0,153683.0,7
2026-08-13T22:55:00+0530,153683.0,153685.0,153575.0,153575.0,15
2026-08-13T23:00:00+0530,153575.0,153620.0,153540.0,153540.0,27
2026-08-13T23:05:00+0530,153540.0,153600.0,153525.0,153600.0,28
2026-08-13T23:10:00+0530,153600.0,153600.0,153400.0,153400.0,115
2026-08-13T23:15:00+0530,153400.0,153500.0,153400.0,153450.0,37
2026-08-13T23:20:00+0530,153492.0,153492.0,153420.0,153428.0,80
2026-08-13T23:25:00+0530,153428.0,153449.0,153141.0,153422.0,284
2026-08-14T09:00:00+0530,152500.0,152997.0,152170.0,152557.0,424
2026-08-14T09:05:00+0530,152557.0,152587.0,152406.0,152499.0,154
2026-08-14T09:10:00+0530,152499.0,152500.0,152363.0,152402.0,87
2026-08-14T09:15:00+0530,152402.0,152500.0,152402.0,152445.0,64
2026-08-14T09:20:00+0530,152445.0,152513.0,152345.0,152378.0,118
2026-08-14T09:25:00+0530,152378.0,152430.0,152340.0,152340.0,56
2026-08-14T09:30:00+0530,152340.0,152341.0,152265.0,152327.0,124
2026-08-14T09:35:00+0530,152327.0,152332.0,152272.0,152301.0,59
2026-08-14T09:40:00+0530,152301.0,152438.0,152295.0,152400.0,94
2026-08-14T09:45:00+0530,152400.0,152446.0,152400.0,152429.0,60
2026-08-14T09:50:00+0530,152429.0,152516.0,152420.0,152449.0,47
2026-08-14T09:55:00+0530,152449.0,152449.0,152313.0,152341.0,35
2026-08-14T10:00:00+0530,152341.0,152355.0,152272.0,152312.0,22
2026-08-14T10:05:00+0530,152312.0,152365.0,152312.0,152341.0,22
2026-08-14T10:10:00+0530,152341.0,152450.0,152341.0,152439.0,42
2026-08-14T10:15:00+0530,152439.0,152450.0,152400.0,152440.0,18
2026-08-14T10:20:00+0530,152440.0,152476.0,152417.0,152476.0,17
2026-08-14T10:25:00+0530,152476.0,152500.0,152433.0,152464.0,33
2026-08-14T10:30:00+0530,152464.0,152464.0,152415.0,152440.0,13
2026-08-14T10:35:00+0530,152440.0,152449.0,152101.0,152210.0,182
2026-08-14T10:40:00+0530,152210.0,152263.0,152138.0,152168.0,62
2026-08-14T10:45:00+0530,152168.0,152168.0,152100.0,152100.0,51
2026-08-14T10:50:00+0530,152100.0,152134.0,152060.0,152100.0,47
2026-08-14T10:55:00+0530,152100.0,152158.0,152095.0,152154.0,38
2026-08-14T11:00:00+0530,152154.0,152154.0,151909.0,152094.0,235
2026-08-14T11:05:00+0530,152094.0,152387.0,152025.0,152332.0,140
2026-08-14T11:10:00+0530,152332.0,152332.0,152116.0,152122.0,65
2026-08-14T11:15:00+0530,152116.0,152380.0,152116.0,152380.0,53
2026-08-14T11:20:00+0530,152380.0,152546.0,152345.0,152500.0,71
2026-08-14T11:25:00+0530,152500.0,152585.0,152500.0,152585.0,81
2026-08-14T11:30:00+0530,152585.0,152700.0,152581.0,152645.0,91
2026-08-14T11:35:00+0530,152645.0,152700.0,152508.0,152532.0,66
2026-08-14T11:40:00+0530,152532.0,152648.0,152500.0,152591.0,29
2026-08-14T11:45:00+0530,152591.0,152595.0,152491.0,152550.0,29
2026-08-14T11:50:00+0530,152550.0,152550.0,152458.0,152543.0,36
2026-08-14T11:55:00+0530,152543.0,152632.0,152503.0,152532.0,36
2026-08-14T12:00:00+0530,152532.0,152594.0,152531.0,152594.0,8
2026-08-14T12:05:00+0530,152594.0,152594.0,152545.0,152547.0,4
2026-08-14T12:10:00+0530,152547.0,152630.0,152545.0,152630.0,15
2026-08-14T12:15:00+0530,152630.0,152668.0,152597.0,152668.0,26
2026-08-14T12:20:00+0530,152668.0,152689.0,152631.0,152631.0,33
2026-08-14T12:25:00+0530,152631.0,152800.0,152631.0,152798.0,58
2026-08-14T12:30:00+0530,152798.0,152798.0,152703.0,152796.0,40
2026-08-14T12:35:00+0530,152796.0,152837.0,152780.0,152809.0,38
2026-08-14T12:40:00+0530,152809.0,152809.0,152700.0,152700.0,16
2026-08-14T12:45:00+0530,152700.0,152742.0,152700.0,152700.0,11
2026-08-14T12:50:00+0530,152700.0,152798.0,152630.0,152798.0,39
2026-08-14T12:55:00+0530,152798.0,152798.0,152672.0,152672.0,12
2026-08-14T13:00:00+0530,152672.0,152685.0,152650.0,152685.0,5
2026-08-14T13:05:00+0530,152685.0,152800.0,152685.0,152778.0,20
2026-08-14T13:10:00+0530,152778.0,152900.0,152778.0,152875.0,58
2026-08-14T13:15:00+0530,152875.0,152996.0,152875.0,152982.0,78
2026-08-14T13:20:00+0530,152982.0,153075.0,152959.0,153075.0,89
2026-08-14T13:25:00+0530,153075.0,153100.0,153035.0,153075.0,61
2026-08-14T13:30:00+0530,153075.0,153189.0,153012.0,153045.0,100
2026-08-14T13:35:00+0530,153045.0,153055.0,152960.0,153055.0,27
2026-08-14T13:40:00+0530,153055.0,153091.0,152981.0,153090.0,32
2026-08-14T13:45:00+0530,153090.0,153118.0,153028.0,153038.0,63
2026-08-14T13:50:00+0530,153038.0,153038.0,152926.0,152948.0,30
2026-08-14T13:55:00+0530,152948.0,153005.0,152948.0,153005.0,7
2026-08-14T14:00:00+0530,153005.0,153100.0,153005.0,153097.0,95
2026-08-14T14:05:00+0530,153097.0,153164.0,153060.0,153129.0,25
2026-08-14T14:10:00+0530,153129.0,153190.0,153037.0,153046.0,21
2026-08-14T14:15:00+0530,153046.0,153048.0,152991.0,153011.0,16
2026-08-14T14:20:00+0530,153011.0,153050.0,153000.0,153050.0,39
2026-08-14T14:25:00+0530,153050.0,153193.0,153032.0,153151.0,62
2026-08-14T14:30:00+0530,153151.0,153192.0,153100.0,153100.0,16
2026-08-14T14:35:00+0530,153100.0,153140.0,153090.0,153096.0,13
2026-08-14T14:40:00+0530,153096.0,153150.0,153090.0,153150.0,26
2026-08-14T14:45:00+0530,153150.0,153224.0,153127.0,153127.0,30
2026-08-14T14:50:00+0530,153127.0,153232.0,153126.0,153232.0,26
2026-08-14T14:55:00+0530,153232.0,153350.0,153183.0,153208.0,73
2026-08-14T15:00:00+0530,153325.0,153343.0,153221.0,153299.0,45
2026-08-14T15:05:00+0530,153299.0,153380.0,153299.0,153306.0,45
2026-08-14T15:10:00+0530,153306.0,153328.0,153220.0,153326.0,50
2026-08-14T15:15:00+0530,153326.0,153377.0,153300.0,153301.0,19
2026-08-14T15:20:00+0530,153301.0,153381.0,153301.0,153340.0,44
2026-08-14T15:25:00+0530,153340.0,153480.0,153309.0,153480.0,77
2026-08-14T15:30:00+0530,153480.0,153569.0,153431.0,153531.0,99
2026-08-14T15:35:00+0530,153531.0,153579.0,153410.0,153441.0,97
2026-08-14T15:40:00+0530,153441.0,153462.0,153284.0,153332.0,81
2026-08-14T15:45:00+0530,153332.0,153334.0,153220.0,153250.0,46
2026-08-14T15:50:00+0530,153250.0,153281.0,153221.0,153263.0,41
2026-08-14T15:55:00+0530,153263.0,153281.0,153163.0,153171.0,68
2026-08-14T16:00:00+0530,153171.0,153200.0,153100.0,153125.0,60
2026-08-14T16:05:00+0530,153125.0,153160.0,153084.0,153150.0,22
2026-08-14T16:10:00+0530,153150.0,153150.0,153115.0,153148.0,9
2026-08-14T16:15:00+0530,153148.0,153327.0,153148.0,153249.0,68
2026-08-14T16:20:00+0530,153247.0,153339.0,153246.0,153247.0,23
2026-08-14T16:25:00+0530,153247.0,153251.0,153164.0,153164.0,19
2026-08-14T16:30:00+0530,153164.0,153200.0,153150.0,153188.0,9
2026-08-14T16:35:00+0530,153188.0,153196.0,153123.0,153196.0,7
2026-08-14T16:40:00+0530,153196.0,153236.0,153196.0,153236.0,7
2026-08-14T16:45:00+0530,153236.0,153335.0,153211.0,153330.0,12
2026-08-14T16:50:00+0530,153330.0,153400.0,153272.0,153342.0,41
2026-08-14T16:55:00+0530,153342.0,153399.0,153333.0,153390.0,25
2026-08-14T17:00:00+0530,153390.0,153639.0,153390.0,153626.0,177
2026-08-14T17:05:00+0530,153626.0,153675.0,153570.0,153622.0,60
2026-08-14T17:10:00+0530,153622.0,153622.0,153571.0,153573.0,39
2026-08-14T17:15:00+0530,153573.0,153579.0,153436.0,153530.0,46
2026-08-14T17:20:00+0530,153530.0,153732.0,153498.0,153677.0,68
2026-08-14T17:25:00+0530,153700.0,153775.0,153677.0,153760.0,40
2026-08-14T17:30:00+0530,153760.0,153985.0,153760.0,153918.0,277
2026-08-14T17:35:00+0530,153918.0,154000.0,153875.0,153875.0,99
2026-08-14T17:40:00+0530,153875.0,153881.0,153700.0,153876.0,109
2026-08-14T17:45:00+0530,153876.0,153876.0,153767.0,153840.0,38
2026-08-14T17:50:00+0530,153840.0,154100.0,153840.0,154076.0,222
2026-08-14T17:55:00+0530,154076.0,154098.0,153961.0,154057.0,46
2026-08-14T18:00:00+0530,154123.0,154320.0,153972.0,154076.0,253
2026-08-14T18:05:00+0530,154076.0,154076.0,153968.0,154020.0,80
2026-08-14T18:10:00+0530,154020.0,154020.0,153885.0,153889.0,76
2026-08-14T18:15:00+0530,153889.0,154060.0,153831.0,154040.0,80
2026-08-14T18:20:00+0530,154040.0,154182.0,154004.0,154137.0,139
2026-08-14T18:25:00+0530,154137.0,154148.0,154047.0,154067.0,31
2026-08-14T18:30:00+0530,154067.0,154211.0,154030.0,154210.0,59
2026-08-14T18:35:00+0530,154210.0,154231.0,154133.0,154200.0,72
2026-08-14T18:40:00+0530,154200.0,154250.0,154057.0,154057.0,58
2026-08-14T18:45:00+0530,154057.0,154227.0,154057.0,154204.0,42
2026-08-14T18:50:00+0530,154204.0,154327.0,154182.0,154302.0,104
2026-08-14T18:55:00+0530,154302.0,154341.0,154253.0,154278.0,115
2026-08-14T19:00:00+0530,154278.0,154629.0,154261.0,154580.0,543
2026-08-14T19:05:00+0530,154580.0,154722.0,154571.0,154612.0,288
2026-08-14T19:10:00+0530,154612.0,154629.0,154461.0,154550.0,122
2026-08-14T19:15:00+0530,154550.0,154575.0,154370.0,154400.0,116
2026-08-14T19:20:00+0530,154400.0,154443.0,154311.0,154313.0,86
2026-08-14T19:25:00+0530,154313.0,154428.0,154313.0,154428.0,53
2026-08-14T19:30:00+0530,154428.0,154612.0,154428.0,154610.0,97
2026-08-14T19:35:00+0530,154604.0,154635.0,154556.0,154559.0,95
2026-08-14T19:40:00+0530,154559.0,154654.0,154519.0,154616.0,67
2026-08-14T19:45:00+0530,154616.0,154620.0,154462.0,154500.0,49
2026-08-14T19:50:00+0530,154500.0,154613.0,154450.0,154613.0,38
2026-08-14T19:55:00+0530,154613.0,154698.0,154593.0,154618.0,180
2026-08-14T20:00:00+0530,154618.0,154670.0,154467.0,154467.0,69
2026-08-14T20:05:00+0530,154467.0,154589.0,154467.0,154546.0,59
2026-08-14T20:10:00+0530,154546.0,154546.0,154372.0,154441.0,47
2026-08-14T20:15:00+0530,154441.0,154445.0,154350.0,154430.0,54
2026-08-14T20:20:00+0530,154430.0,154486.0,154400.0,154460.0,37
2026-08-14T20:25:00+0530,154460.0,154460.0,154381.0,154400.0,29
2026-08-14T20:30:00+0530,154400.0,154649.0,154400.0,154560.0,105
2026-08-14T20:35:00+0530,154560.0,154628.0,154505.0,154549.0,84
2026-08-14T20:40:00+0530,154549.0,154750.0,154528.0,154724.0,212
2026-08-14T20:45:00+0530,154724.0,154750.0,154602.0,154602.0,56
2026-08-14T20:50:00+0530,154602.0,154625.0,154414.0,154485.0,122
2026-08-14T20:55:00+0530,154485.0,154540.0,154392.0,154540.0,194
2026-08-14T21:00:00+0530,154540.0,154636.0,154540.0,154550.0,63
2026-08-14T21:05:00+0530,154550.0,154630.0,154550.0,154575.0,59
2026-08-14T21:10:00+0530,154575.0,154630.0,154575.0,154605.0,38
2026-08-14T21:15:00+0530,154605.0,154818.0,154601.0,154741.0,225
2026-08-14T21:20:00+0530,154741.0,154747.0,154680.0,154704.0,42
2026-08-14T21:25:00+0530,154704.0,154740.0,154675.0,154688.0,31
2026-08-14T21:30:00+0530,154688.0,154840.0,154688.0,154700.0,95
2026-08-14T21:35:00+0530,154700.0,154733.0,154610.0,154663.0,56
2026-08-14T21:40:00+0530,154663.0,154663.0,154559.0,154600.0,135
2026-08-14T21:45:00+0530,154600.0,154671.0,154600.0,154663.0,14
2026-08-14T21:50:00+0530,154663.0,154721.0,154605.0,154605.0,25
2026-08-14T21:55:00+0530,154605.0,154605.0,154521.0,154576.0,40
2026-08-14T22:00:00+0530,154576.0,154576.0,154420.0,154498.0,82
2026-08-14T22:05:00+0530,154498.0,154590.0,154498.0,154566.0,34
2026-08-14T22:10:00+0530,154566.0,154566.0,154503.0,154540.0,18
2026-08-14T22:15:00+0530,154540.0,154550.0,154527.0,154527.0,16
2026-08-14T22:20:00+0530,154527.0,154658.0,154527.0,154618.0,58
2026-08-14T22:25:00+0530,154618.0,154618.0,154596.0,154603.0,9
2026-08-14T22:30:00+0530,154603.0,154646.0,154531.0,154568.0,32
2026-08-14T22:35:00+0530,154568.0,154568.0,154501.0,154508.0,22
2026-08-14T22:40:00+0530,154508.0,154519.0,154460.0,154500.0,28
2026-08-14T22:45:00+0530,154500.0,154580.0,154500.0,154525.0,14
2026-08-14T22:50:00+0530,154525.0,154568.0,154500.0,154508.0,26
2026-08-14T22:55:00+0530,154508.0,154530.0,154500.0,154521.0,13
2026-08-14T23:00:00+0530,154501.0,154550.0,154501.0,154550.0,15
2026-08-14T23:05:00+0530,154550.0,154550.0,154504.0,154534.0,35
2026-08-14T23:10:00+0530,154534.0,154534.0,154433.0,154450.0,41
2026-08-14T23:15:00+0530,154450.0,154500.0,154423.0,154440.0,60
2026-08-14T23:20:00+0530,154440.0,154499.0,154424.0,154445.0,89
2026-08-14T23:25:00+0530,154445.0,154526.0,154400.0,154526.0,147
2026-08-17T09:00:00+0530,154752.0,155000.0,154571.0,154914.0,328
2026-08-17T09:05:00+0530,154914.0,155000.0,154866.0,154943.0,168
2026-08-17T09:10:00+0530,154943.0,155140.0,154940.0,155050.0,165
2026-08-17T09:15:00+0530,155050.0,155068.0,154922.0,154980.0,97
2026-08-17T09:20:00+0530,154980.0,155172.0,154980.0,155150.0,121
2026-08-17T09:25:00+0530,155150.0,155159.0,155060.0,155142.0,90
2026-08-17T09:30:00+0530,155142.0,155220.0,155101.0,155197.0,102
2026-08-17T09:35:00+0530,155197.0,155230.0,155155.0,155199.0,141
2026-08-17T09:40:00+0530,155199.0,155246.0,155154.0,155212.0,67
2026-08-17T09:45:00+0530,155212.0,155229.0,155155.0,155160.0,42
2026-08-17T09:50:00+0530,155160.0,155160.0,155020.0,155087.0,62
2026-08-17T09:55:00+0530,155087.0,155096.0,154980.0,155000.0,62
2026-08-17T10:00:00+0530,155000.0,155000.0,154862.0,154942.0,101
2026-08-17T10:05:00+0530,154942.0,155000.0,154916.0,155000.0,46
2026-08-17T10:10:00+0530,155000.0,155137.0,154992.0,155125.0,51
2026-08-17T10:15:00+0530,155125.0,155162.0,155102.0,155125.0,36
2026-08-17T10:20:00+0530,155125.0,155126.0,155043.0,155085.0,47
2026-08-17T10:25:00+0530,155085.0,155090.0,154950.0,154999.0,38
2026-08-17T10:30:00+0530,154999.0,155074.0,154962.0,155058.0,40
2026-08-17T10:35:00+0530,155058.0,155058.0,154981.0,155010.0,24
2026-08-17T10:40:00+0530,155010.0,155025.0,154927.0,154927.0,44
2026-08-17T10:45:00+0530,154927.0,155096.0,154927.0,155094.0,33
2026-08-17T10:50:00+0530,155094.0,155210.0,155034.0,155170.0,82
2026-08-17T10:55:00+0530,155170.0,155210.0,155100.0,155210.0,44
2026-08-17T11:00:00+0530,155210.0,155275.0,155155.0,155176.0,100
2026-08-17T11:05:00+0530,155176.0,155241.0,155079.0,155203.0,63
2026-08-17T11:10:00+0530,155203.0,155203.0,155120.0,155170.0,22
2026-08-17T11:15:00+0530,155170.0,155196.0,155112.0,155180.0,20
2026-08-17T11:20:00+0530,155180.0,155197.0,155121.0,155121.0,54
2026-08-17T11:25:00+0530,155121.0,155183.0,155100.0,155169.0,30
2026-08-17T11:30:00+0530,155169.0,155198.0,155123.0,155181.0,33
2026-08-17T11:35:00+0530,155181.0,155249.0,155155.0,155155.0,49
2026-08-17T11:40:00+0530,155155.0,155200.0,155096.0,155200.0,25
2026-08-17T11:45:00+0530,155200.0,155212.0,155100.0,155100.0,29
2026-08-17T11:50:00+0530,155100.0,155179.0,155100.0,155179.0,7
2026-08-17T11:55:00+0530,155179.0,155218.0,155121.0,155167.0,35
2026-08-17T12:00:00+0530,155167.0,155167.0,155050.0,155083.0,54
2026-08-17T12:05:00+0530,155083.0,155083.0,155027.0,155072.0,67
2026-08-17T12:10:00+0530,155072.0,155072.0,155045.0,155057.0,11
2026-08-17T12:15:00+0530,155057.0,155190.0,155057.0,155190.0,14
2026-08-17T12:20:00+0530,155190.0,155366.0,155190.0,155300.0,135
2026-08-17T12:25:00+0530,155300.0,155349.0,155297.0,155349.0,56
2026-08-17T12:30:00+0530,155349.0,155349.0,155250.0,155300.0,64
2026-08-17T12:35:00+0530,155300.0,155300.0,155250.0,155250.0,14
2026-08-17T12:40:00+0530,155250.0,155285.0,155175.0,155200.0,27
2026-08-17T12:45:00+0530,155200.0,155250.0,155200.0,155205.0,18
2026-08-17T12:50:00+0530,155205.0,155227.0,155187.0,155189.0,26
2026-08-17T12:55:00+0530,155189.0,155350.0,155189.0,155350.0,63
2026-08-17T13:00:00+0530,155350.0,155417.0,155350.0,155397.0,113
2026-08-17T13:05:00+0530,155397.0,155485.0,155352.0,155420.0,76
2026-08-17T13:10:00+0530,155420.0,155500.0,155420.0,155450.0,88
2026-08-17T13:15:00+0530,155450.0,155462.0,155410.0,155437.0,20
2026-08-17T13:20:00+0530,155437.0,155450.0,155328.0,155331.0,48
2026-08-17T13:25:00+0530,155331.0,155399.0,155331.0,155399.0,18
2026-08-17T13:30:00+0530,155399.0,155399.0,155278.0,155282.0,58
2026-08-17T13:35:00+0530,155282.0,155282.0,155200.0,155250.0,27
2026-08-17T13:40:00+0530,155250.0,155365.0,155245.0,155363.0,28
2026-08-17T13:45:00+0530,155363.0,155363.0,155275.0,155285.0,17
2026-08-17T13:50:00+0530,155285.0,155331.0,155258.0,155258.0,16
2026-08-17T13:55:00+0530,155258.0,155349.0,155258.0,155315.0,23
2026-08-17T14:00:00+0530,155315.0,155315.0,155228.0,155266.0,20
2026-08-17T14:05:00+0530,155266.0,155266.0,155230.0,155266.0,13
2026-08-17T14:10:00+0530,155266.0,155266.0,155163.0,155163.0,50
2026-08-17T14:15:00+0530,155163.0,155188.0,155122.0,155135.0,40
2026-08-17T14:20:00+0530,155135.0,155171.0,155001.0,155004.0,85
2026-08-17T14:25:00+0530,155004.0,155125.0,155004.0,155117.0,45
2026-08-17T14:30:00+0530,155117.0,155119.0,155054.0,155119.0,16
2026-08-17T14:35:00+0530,155119.0,155184.0,155119.0,155184.0,14
2026-08-17T14:40:00+0530,155184.0,155261.0,155184.0,155200.0,27
2026-08-17T14:45:00+0530,155200.0,155218.0,155144.0,155173.0,12
2026-08-17T14:50:00+0530,155173.0,155173.0,155119.0,155150.0,21
2026-08-17T14:55:00+0530,155150.0,155150.0,155080.0,155098.0,36
2026-08-17T15:00:00+0530,155098.0,155099.0,155021.0,155099.0,51
2026-08-17T15:05:00+0530,155099.0,155109.0,155042.0,155061.0,33
2026-08-17T15:10:00+0530,155061.0,155100.0,155051.0,155100.0,21
2026-08-17T15:15:00+0530,155090.0,155100.0,155050.0,155100.0,14
2026-08-17T15:20:00+0530,155100.0,155137.0,155095.0,155095.0,8
2026-08-17T15:25:00+0530,155095.0,155126.0,155079.0,155126.0,13
2026-08-17T15:30:00+0530,155126.0,155126.0,155067.0,155080.0,14
2026-08-17T15:35:00+0530,155080.0,155158.0,155080.0,155148.0,19
2026-08-17T15:40:00+0530,155148.0,155238.0,155148.0,155223.0,33
2026-08-17T15:45:00+0530,155223.0,155302.0,155203.0,155248.0,41
2026-08-17T15:50:00+0530,155248.0,155281.0,155210.0,155230.0,23
2026-08-17T15:55:00+0530,155230.0,155319.0,155071.0,155308.0,125
2026-08-17T16:00:00+0530,155308.0,155335.0,155215.0,155215.0,42
2026-08-17T16:05:00+0530,155223.0,155249.0,155162.0,155185.0,19
2026-08-17T16:10:00+0530,155185.0,155250.0,155178.0,155235.0,19
2026-08-17T16:15:00+0530,155235.0,155235.0,155129.0,155184.0,18
2026-08-17T16:20:00+0530,155184.0,155238.0,155174.0,155234.0,12
2026-08-17T16:25:00+0530,155234.0,155262.0,155221.0,155235.0,16
2026-08-17T16:30:00+0530,155235.0,155275.0,155235.0,155275.0,12
2026-08-17T16:35:00+0530,155275.0,155288.0,155215.0,155288.0,15
2026-08-17T16:40:00+0530,155288.0,155299.0,155250.0,155250.0,10
2026-08-17T16:45:00+0530,155250.0,155250.0,155137.0,155194.0,27
2026-08-17T16:50:00+0530,155194.0,155290.0,155194.0,155288.0,19
2026-08-17T16:55:00+0530,155288.0,155350.0,155264.0,155323.0,45
2026-08-17T17:00:00+0530,155323.0,155361.0,155315.0,155340.0,40
2026-08-17T17:05:00+0530,155340.0,155340.0,155332.0,155339.0,17
2026-08-17T17:10:00+0530,155339.0,155339.0,155243.0,155283.0,30
2026-08-17T17:15:00+0530,155283.0,155283.0,155164.0,155170.0,41
2026-08-17T17:20:00+0530,155170.0,155209.0,155127.0,155175.0,39
2026-08-17T17:25:00+0530,155175.0,155177.0,155150.0,155159.0,10
2026-08-17T17:30:00+0530,155159.0,155200.0,155105.0,155128.0,34
2026-08-17T17:35:00+0530,155128.0,155159.0,155052.0,155061.0,43
2026-08-17T17:40:00+0530,155061.0,155145.0,155050.0,155102.0,31
2026-08-17T17:45:00+0530,155102.0,155134.0,155102.0,155127.0,11
2026-08-17T17:50:00+0530,155127.0,155174.0,155100.0,155127.0,24
2026-08-17T17:55:00+0530,155127.0,155127.0,154800.0,154867.0,231
2026-08-17T18:00:00+0530,154867.0,154973.0,154726.0,154876.0,175
2026-08-17T18:05:00+0530,154876.0,154888.0,154625.0,154635.0,122
2026-08-17T18:10:00+0530,154635.0,154733.0,154580.0,154600.0,208
2026-08-17T18:15:00+0530,154580.0,154722.0,154550.0,154626.0,84
2026-08-17T18:20:00+0530,154626.0,154815.0,154626.0,154753.0,174
2026-08-17T18:25:00+0530,154753.0,154815.0,154723.0,154750.0,31
2026-08-17T18:30:00+0530,154750.0,154893.0,154704.0,154799.0,57
2026-08-17T18:35:00+0530,154799.0,154830.0,154736.0,154823.0,54
2026-08-17T18:40:00+0530,154823.0,154904.0,154800.0,154800.0,54
2026-08-17T18:45:00+0530,154800.0,154804.0,154711.0,154804.0,29
2026-08-17T18:50:00+0530,154804.0,154850.0,154733.0,154733.0,31
2026-08-17T18:55:00+0530,154733.0,154819.0,154733.0,154807.0,17
2026-08-17T19:00:00+0530,154807.0,154886.0,154741.0,154886.0,22
2026-08-17T19:05:00+0530,154886.0,154990.0,154852.0,154894.0,45
2026-08-17T19:10:00+0530,154894.0,154897.0,154824.0,154848.0,16
2026-08-17T19:15:00+0530,154848.0,155044.0,154845.0,155044.0,26
2026-08-17T19:20:00+0530,155030.0,155372.0,155030.0,155175.0,196
2026-08-17T19:25:00+0530,155175.0,155579.0,155169.0,155400.0,418
2026-08-17T19:30:00+0530,155400.0,155450.0,155311.0,155421.0,99
2026-08-17T19:35:00+0530,155421.0,155421.0,155312.0,155321.0,81
2026-08-17T19:40:00+0530,155321.0,155527.0,155304.0,155527.0,104
2026-08-17T19:45:00+0530,155527.0,155727.0,155481.0,155631.0,348
2026-08-17T19:50:00+0530,155631.0,155979.0,155626.0,155821.0,480
2026-08-17T19:55:00+0530,155821.0,155862.0,155602.0,155660.0,191
2026-08-17T20:00:00+0530,155685.0,155881.0,155670.0,155829.0,126
2026-08-17T20:05:00+0530,155820.0,155842.0,155641.0,155660.0,126
2026-08-17T20:10:00+0530,155660.0,155828.0,155660.0,155751.0,104
2026-08-17T20:15:00+0530,155751.0,155790.0,155651.0,155738.0,99
2026-08-17T20:20:00+0530,155738.0,155830.0,155725.0,155754.0,88
2026-08-17T20:25:00+0530,155754.0,155780.0,155674.0,155740.0,43
2026-08-17T20:30:00+0530,155750.0,155815.0,155714.0,155770.0,50
2026-08-17T20:35:00+0530,155770.0,155835.0,155742.0,155744.0,88
2026-08-17T20:40:00+0530,155744.0,155840.0,155744.0,155792.0,51
2026-08-17T20:45:00+0530,155796.0,155850.0,155790.0,155850.0,46
2026-08-17T20:50:00+0530,155850.0,155900.0,155840.0,155900.0,77
2026-08-17T20:55:00+0530,155900.0,155956.0,155860.0,155900.0,138
2026-08-17T21:00:00+0530,155900.0,155979.0,155842.0,155904.0,71
2026-08-17T21:05:00+0530,155904.0,155904.0,155805.0,155874.0,14
2026-08-17T21:10:00+0530,155874.0,155874.0,155755.0,155755.0,37
2026-08-17T21:15:00+0530,155755.0,155897.0,155739.0,155831.0,55
2026-08-17T21:20:00+0530,155831.0,155921.0,155823.0,155921.0,84
2026-08-17T21:25:00+0530,155921.0,155976.0,155904.0,155930.0,77
2026-08-17T21:30:00+0530,155930.0,156000.0,155880.0,155917.0,102
2026-08-17T21:35:00+0530,155917.0,156000.0,155855.0,156000.0,69
2026-08-17T21:40:00+0530,156000.0,156032.0,155957.0,155971.0,142
2026-08-17T21:45:00+0530,155971.0,155991.0,155901.0,155901.0,40
2026-08-17T21:50:00+0530,155901.0,155979.0,155901.0,155903.0,25
2026-08-17T21:55:00+0530,155903.0,155903.0,155865.0,155865.0,45
2026-08-17T22:00:00+0530,155865.0,155921.0,155851.0,155900.0,40
2026-08-17T22:05:00+0530,155900.0,155950.0,155880.0,155950.0,23
2026-08-17T22:10:00+0530,155950.0,156000.0,155911.0,155955.0,41
2026-08-17T22:15:00+0530,155955.0,155972.0,155906.0,155930.0,53
2026-08-17T22:20:00+0530,155930.0,155964.0,155886.0,155901.0,35
2026-08-17T22:25:00+0530,155901.0,155987.0,155901.0,155950.0,61
2026-08-17T22:30:00+0530,155950.0,155990.0,155947.0,155958.0,42
2026-08-17T22:35:00+0530,155958.0,155977.0,155875.0,155875.0,49
2026-08-17T22:40:00+0530,155875.0,155925.0,155875.0,155925.0,26
2026-08-17T22:45:00+0530,155925.0,155929.0,155865.0,155865.0,52
2026-08-17T22:50:00+0530,155865.0,155896.0,155836.0,155850.0,37
2026-08-17T22:55:00+0530,155850.0,155855.0,155722.0,155806.0,83
2026-08-17T23:00:00+0530,155806.0,155873.0,155790.0,155829.0,29
2026-08-17T23:05:00+0530,155829.0,155890.0,155793.0,155793.0,76
2026-08-17T23:10:00+0530,155793.0,155845.0,155750.0,155824.0,45
2026-08-17T23:15:00+0530,155824.0,155900.0,155824.0,155870.0,87
2026-08-17T23:20:00+0530,155898.0,155950.0,155874.0,155889.0,78
2026-08-17T23:25:00+0530,155889.0,155920.0,155832.0,155899.0,132
2026-08-18T09:00:00+0530,155441.0,155689.0,155019.0,155256.0,290
2026-08-18T09:05:00+0530,155256.0,155265.0,155150.0,155172.0,182
2026-08-18T09:10:00+0530,155172.0,155200.0,155110.0,155199.0,104
2026-08-18T09:15:00+0530,155199.0,155199.0,155030.0,155036.0,187
2026-08-18T09:20:00+0530,155036.0,155086.0,154974.0,155065.0,134
2026-08-18T09:25:00+0530,155065.0,155065.0,154900.0,154977.0,145
2026-08-18T09:30:00+0530,154977.0,155050.0,154871.0,155042.0,96
2026-08-18T09:35:00+0530,155042.0,155085.0,154900.0,154912.0,176
2026-08-18T09:40:00+0530,154912.0,155097.0,154912.0,155097.0,37
2026-08-18T09:45:00+0530,155097.0,155135.0,155037.0,155037.0,106
2026-08-18T09:50:00+0530,155037.0,155100.0,155025.0,155100.0,39
2026-08-18T09:55:00+0530,155100.0,155142.0,155088.0,155091.0,57
2026-08-18T10:00:00+0530,155098.0,155134.0,155071.0,155090.0,39
2026-08-18T10:05:00+0530,155090.0,155124.0,154996.0,155037.0,64
2026-08-18T10:10:00+0530,155037.0,155141.0,155019.0,155141.0,35
2026-08-18T10:15:00+0530,155141.0,155150.0,155100.0,155131.0,59
2026-08-18T10:20:00+0530,155131.0,155195.0,155129.0,155195.0,17
2026-08-18T10:25:00+0530,155195.0,155230.0,155135.0,155135.0,49
2026-08-18T10:30:00+0530,155135.0,155160.0,155063.0,155086.0,64
2026-08-18T10:35:00+0530,155070.0,155147.0,155070.0,155124.0,19
2026-08-18T10:40:00+0530,155124.0,155124.0,155050.0,155088.0,93
2026-08-18T10:45:00+0530,155088.0,155179.0,155044.0,155147.0,27
2026-08-18T10:50:00+0530,155147.0,155228.0,155131.0,155131.0,69
2026-08-18T10:55:00+0530,155131.0,155260.0,155125.0,155125.0,79
2026-08-18T11:00:00+0530,155101.0,155122.0,154925.0,154987.0,163
2026-08-18T11:05:00+0530,154987.0,155063.0,154945.0,155005.0,56
2026-08-18T11:10:00+0530,155005.0,155125.0,154985.0,155103.0,51
2026-08-18T11:15:00+0530,155103.0,155203.0,155070.0,155200.0,53
2026-08-18T11:20:00+0530,155200.0,155225.0,155151.0,155201.0,18
2026-08-18T11:25:00+0530,155201.0,155230.0,155150.0,155160.0,34
2026-08-18T11:30:00+0530,155160.0,155160.0,155000.0,155064.0,77
2026-08-18T11:35:00+0530,155064.0,155125.0,154969.0,155125.0,70
2026-08-18T11:40:00+0530,155125.0,155206.0,155125.0,155206.0,23
2026-08-18T11:45:00+0530,155206.0,155212.0,155144.0,155188.0,26
2026-08-18T11:50:00+0530,155188.0,155311.0,155188.0,155275.0,102
2026-08-18T11:55:00+0530,155275.0,155437.0,155275.0,155416.0,162
2026-08-18T12:00:00+0530,155416.0,155416.0,155251.0,155251.0,81
2026-08-18T12:05:00+0530,155251.0,155300.0,155203.0,155300.0,70
2026-08-18T12:10:00+0530,155300.0,155360.0,155300.0,155360.0,22
2026-08-18T12:15:00+0530,155360.0,155373.0,155340.0,155352.0,23
2026-08-18T12:20:00+0530,155352.0,155352.0,155320.0,155351.0,8
2026-08-18T12:25:00+0530,155351.0,155366.0,155313.0,155324.0,12
2026-08-18T12:30:00+0530,155324.0,155425.0,155308.0,155425.0,44
2026-08-18T12:35:00+0530,155425.0,155425.0,155323.0,155365.0,88
2026-08-18T12:40:00+0530,155365.0,155366.0,155339.0,155340.0,19
2026-08-18T12:45:00+0530,155340.0,155395.0,155338.0,155350.0,17
2026-08-18T12:50:00+0530,155350.0,155421.0,155350.0,155421.0,28
2026-08-18T12:55:00+0530,155421.0,155481.0,155421.0,155480.0,62
2026-08-18T13:00:00+0530,155480.0,155484.0,155350.0,155350.0,59
2026-08-18T13:05:00+0530,155350.0,155450.0,155327.0,155419.0,63
2026-08-18T13:10:00+0530,155419.0,155498.0,155390.0,155497.0,67
2026-08-18T13:15:00+0530,155497.0,155497.0,155366.0,155425.0,50
2026-08-18T13:20:00+0530,155425.0,155425.0,155341.0,155350.0,22
2026-08-18T13:25:00+0530,155350.0,155356.0,155310.0,155310.0,47
2026-08-18T13:30:00+0530,155310.0,155310.0,155158.0,155208.0,118
2026-08-18T13:35:00+0530,155208.0,155208.0,155070.0,155100.0,91
2026-08-18T13:40:00+0530,155100.0,155265.0,155061.0,155247.0,62
2026-08-18T13:45:00+0530,155247.0,155247.0,155100.0,155171.0,33
2026-08-18T13:50:00+0530,155171.0,155171.0,155048.0,155085.0,57
2026-08-18T13:55:00+0530,155085.0,155085.0,155000.0,155035.0,72
2026-08-18T14:00:00+0530,155035.0,155159.0,155000.0,155080.0,129
2026-08-18T14:05:00+0530,155080.0,155250.0,155080.0,155246.0,54
2026-08-18T14:10:00+0530,155246.0,155260.0,155246.0,155249.0,13
2026-08-18T14:15:00+0530,155249.0,155267.0,155120.0,155120.0,18
2026-08-18T14:20:00+0530,155120.0,155130.0,155120.0,155123.0,34
2026-08-18T14:25:00+0530,155123.0,155168.0,155123.0,155168.0,5
2026-08-18T14:30:00+0530,155168.0,155181.0,155120.0,155126.0,65
2026-08-18T14:35:00+0530,155126.0,155126.0,155100.0,155102.0,17
2026-08-18T14:40:00+0530,155102.0,155126.0,155102.0,155126.0,5
2026-08-18T14:45:00+0530,155126.0,155150.0,155100.0,155100.0,21
2026-08-18T14:50:00+0530,155100.0,155101.0,155027.0,155090.0,27
2026-08-18T14:55:00+0530,155090.0,155090.0,154966.0,155073.0,123
2026-08-18T15:00:00+0530,155073.0,155183.0,155073.0,155149.0,19
2026-08-18T15:05:00+0530,155149.0,155209.0,155133.0,155148.0,22
2026-08-18T15:10:00+0530,155148.0,155148.0,155000.0,155000.0,91
2026-08-18T15:15:00+0530,155000.0,155139.0,155000.0,155133.0,62
2026-08-18T15:20:00+0530,155133.0,155190.0,155124.0,155150.0,18
2026-08-18T15:25:00+0530,155150.0,155181.0,155134.0,155134.0,11
2026-08-18T15:30:00+0530,155134.0,155250.0,155134.0,155250.0,29
2026-08-18T15:35:00+0530,155250.0,155250.0,155191.0,155215.0,24
2026-08-18T15:40:00+0530,155215.0,155250.0,155191.0,155243.0,41
2026-08-18T15:45:00+0530,155243.0,155296.0,155243.0,155288.0,39
2026-08-18T15:50:00+0530,155288.0,155288.0,155200.0,155200.0,12
2026-08-18T15:55:00+0530,155200.0,155201.0,155119.0,155126.0,101
2026-08-18T16:00:00+0530,155126.0,155228.0,155126.0,155228.0,3
2026-08-18T16:05:00+0530,155228.0,155318.0,155220.0,155281.0,41
2026-08-18T16:10:00+0530,155281.0,155310.0,155281.0,155306.0,15
2026-08-18T16:15:00+0530,155306.0,155351.0,155306.0,155330.0,34
2026-08-18T16:21:00+0530,155330.0,155371.0,155307.0,155362.0,46
2026-08-18T16:25:00+0530,155362.0,155362.0,155281.0,155340.0,26
2026-08-18T16:30:00+0530,155340.0,155350.0,155250.0,155261.0,18
2026-08-18T16:35:00+0530,155261.0,155261.0,155203.0,155217.0,18
2026-08-18T16:40:00+0530,155217.0,155234.0,155203.0,155234.0,14
2026-08-18T16:45:00+0530,155234.0,155253.0,155200.0,155200.0,16
2026-08-18T16:50:00+0530,155200.0,155219.0,155175.0,155175.0,13
2026-08-18T16:55:00+0530,155175.0,155175.0,155103.0,155116.0,79
2026-08-18T17:00:00+0530,155116.0,155174.0,155060.0,155110.0,65
2026-08-18T17:05:00+0530,155110.0,155156.0,155088.0,155120.0,11
2026-08-18T17:10:00+0530,155120.0,155185.0,155120.0,155132.0,10
2026-08-18T17:15:00+0530,155132.0,155230.0,155132.0,155200.0,19
2026-08-18T17:20:00+0530,155200.0,155220.0,155142.0,155142.0,15
2026-08-18T17:25:00+0530,155142.0,155251.0,155142.0,155251.0,6
2026-08-18T17:30:00+0530,155251.0,155300.0,155200.0,155300.0,21
2026-08-18T17:35:00+0530,155300.0,155333.0,155184.0,155200.0,28
2026-08-18T17:40:00+0530,155200.0,155200.0,155100.0,155128.0,82
2026-08-18T17:45:00+0530,155128.0,155206.0,155128.0,155203.0,10
2026-08-18T17:50:00+0530,155203.0,155363.0,155203.0,155240.0,100
2026-08-18T17:55:00+0530,155240.0,155270.0,155224.0,155234.0,8
2026-08-18T18:00:00+0530,155234.0,155406.0,155234.0,155365.0,106
2026-08-18T18:05:00+0530,155365.0,155374.0,155265.0,155309.0,23
2026-08-18T18:10:00+0530,155309.0,155309.0,155158.0,155204.0,97
2026-08-18T18:15:00+0530,155204.0,155247.0,155160.0,155247.0,14
2026-08-18T18:20:00+0530,155247.0,155323.0,155244.0,155244.0,50
2026-08-18T18:25:00+0530,155244.0,155259.0,155172.0,155233.0,51
2026-08-18T18:30:00+0530,155233.0,155289.0,155167.0,155289.0,20
2026-08-18T18:35:00+0530,155289.0,155308.0,155111.0,155111.0,42
2026-08-18T18:40:00+0530,155111.0,155318.0,155090.0,155295.0,41
2026-08-18T18:45:00+0530,155295.0,155295.0,155106.0,155186.0,17
2026-08-18T18:50:00+0530,155186.0,155200.0,155100.0,155150.0,22
2026-08-18T18:55:00+0530,155150.0,155191.0,155122.0,155191.0,13
2026-08-18T19:00:00+0530,155191.0,155332.0,154870.0,155325.0,626
2026-08-18T19:05:00+0530,155325.0,155580.0,155254.0,155522.0,373
2026-08-18T19:10:00+0530,155522.0,155645.0,155499.0,155517.0,333
2026-08-18T19:15:00+0530,155517.0,155528.0,155292.0,155400.0,70
2026-08-18T19:20:00+0530,155400.0,155481.0,155260.0,155299.0,49
2026-08-18T19:25:00+0530,155299.0,155365.0,155273.0,155365.0,15
2026-08-18T19:30:00+0530,155365.0,155630.0,155309.0,155544.0,396
2026-08-18T19:35:00+0530,155544.0,155568.0,155431.0,155472.0,85
2026-08-18T19:40:00+0530,155472.0,155472.0,155316.0,155350.0,96
2026-08-18T19:45:00+0530,155350.0,155550.0,155350.0,155516.0,40
2026-08-18T19:50:00+0530,155516.0,155551.0,155356.0,155405.0,121
2026-08-18T19:55:00+0530,155405.0,155428.0,155300.0,155306.0,37
2026-08-18T20:00:00+0530,155306.0,155352.0,155121.0,155250.0,255
2026-08-18T20:05:00+0530,155250.0,155250.0,155054.0,155086.0,132
2026-08-18T20:10:00+0530,155086.0,155099.0,154964.0,155013.0,206
2026-08-18T20:15:00+0530,155013.0,155191.0,154890.0,155144.0,191
2026-08-18T20:20:00+0530,155144.0,155181.0,154810.0,154900.0,314
2026-08-18T20:25:00+0530,154900.0,154938.0,154608.0,154614.0,329
2026-08-18T20:30:00+0530,154614.0,154835.0,154580.0,154835.0,432
2026-08-18T20:35:00+0530,154835.0,154850.0,154501.0,154526.0,315
2026-08-18T20:40:00+0530,154526.0,154526.0,154231.0,154308.0,569
2026-08-18T20:45:00+0530,154303.0,154494.0,154200.0,154211.0,340
2026-08-18T20:50:00+0530,154211.0,154250.0,154120.0,154149.0,291
2026-08-18T20:55:00+0530,154149.0,154415.0,154140.0,154243.0,204
2026-08-18T21:00:00+0530,154243.0,154439.0,154243.0,154400.0,128
2026-08-18T21:05:00+0530,154400.0,154542.0,154327.0,154484.0,150
2026-08-18T21:10:00+0530,154484.0,154527.0,154350.0,154431.0,90
2026-08-18T21:15:00+0530,154431.0,154632.0,154392.0,154604.0,113
2026-08-18T21:20:00+0530,154604.0,154625.0,154516.0,154556.0,115
2026-08-18T21:25:00+0530,154556.0,154639.0,154500.0,154539.0,64
2026-08-18T21:30:00+0530,154539.0,154697.0,154539.0,154678.0,73
2026-08-18T21:35:00+0530,154678.0,154725.0,154604.0,154725.0,91
2026-08-18T21:40:00+0530,154725.0,154740.0,154557.0,154557.0,57
2026-08-18T21:45:00+0530,154557.0,154561.0,154376.0,154462.0,256
2026-08-18T21:50:00+0530,154462.0,154528.0,154430.0,154487.0,46
2026-08-18T21:55:00+0530,154487.0,154499.0,154366.0,154425.0,59
2026-08-18T22:00:00+0530,154425.0,154450.0,154387.0,154440.0,26
2026-08-18T22:05:00+0530,154440.0,154499.0,154395.0,154483.0,25
2026-08-18T22:10:00+0530,154483.0,154533.0,154461.0,154512.0,17
2026-08-18T22:15:00+0530,154512.0,154512.0,154432.0,154432.0,17
2026-08-18T22:20:00+0530,154432.0,154579.0,154425.0,154579.0,43
2026-08-18T22:25:00+0530,154579.0,154608.0,154425.0,154451.0,71
2026-08-18T22:30:00+0530,154451.0,154461.0,154450.0,154460.0,8
2026-08-18T22:35:00+0530,154460.0,154498.0,154449.0,154449.0,18
2026-08-18T22:40:00+0530,154449.0,154499.0,154449.0,154499.0,13
2026-08-18T22:45:00+0530,154499.0,154515.0,154450.0,154463.0,34
2026-08-18T22:50:00+0530,154463.0,154500.0,154420.0,154500.0,14
2026-08-18T22:55:00+0530,154500.0,154500.0,154480.0,154498.0,32
2026-08-18T23:00:00+0530,154498.0,154533.0,154439.0,154496.0,25
2026-08-18T23:05:00+0530,154496.0,154515.0,154440.0,154441.0,12
2026-08-18T23:10:00+0530,154441.0,154479.0,154270.0,154281.0,149
2026-08-18T23:15:00+0530,154281.0,154331.0,154150.0,154200.0,125
2026-08-18T23:20:00+0530,154166.0,154241.0,154050.0,154183.0,185
2026-08-18T23:25:00+0530,154183.0,154243.0,154119.0,154200.0,129
2026-08-18T23:30:00+0530,154200.0,154200.0,154200.0,154200.0,0
2026-08-19T09:00:00+0530,154103.0,154236.0,153808.0,154120.0,291
2026-08-19T09:05:00+0530,154120.0,154330.0,154120.0,154249.0,117
2026-08-19T09:10:00+0530,154249.0,154249.0,154178.0,154231.0,124
2026-08-19T09:15:00+0530,154231.0,154231.0,154086.0,154128.0,64
2026-08-19T09:20:00+0530,154128.0,154192.0,154119.0,154119.0,49
2026-08-19T09:25:00+0530,154119.0,154162.0,154059.0,154062.0,48
2026-08-19T09:30:00+0530,154062.0,154093.0,153922.0,153941.0,133
2026-08-19T09:35:00+0530,153941.0,153989.0,153867.0,153906.0,114
2026-08-19T09:40:00+0530,153906.0,153931.0,153858.0,153890.0,101
2026-08-19T09:45:00+0530,153890.0,153920.0,153800.0,153830.0,251
2026-08-19T09:50:00+0530,153830.0,153844.0,153773.0,153808.0,65
2026-08-19T09:55:00+0530,153808.0,153808.0,153750.0,153775.0,65
2026-08-19T10:00:00+0530,153775.0,153846.0,153769.0,153795.0,71
2026-08-19T10:05:00+0530,153795.0,153832.0,153641.0,153641.0,111
2026-08-19T10:10:00+0530,153641.0,153716.0,153625.0,153664.0,127
2026-08-19T10:15:00+0530,153664.0,153689.0,153630.0,153635.0,40
2026-08-19T10:20:00+0530,153635.0,153635.0,153510.0,153586.0,143
2026-08-19T10:25:00+0530,153586.0,153680.0,153550.0,153659.0,101
2026-08-19T10:30:00+0530,153659.0,153722.0,153590.0,153634.0,54
2026-08-19T10:35:00+0530,153634.0,153662.0,153521.0,153535.0,38
2026-08-19T10:40:00+0530,153535.0,153536.0,153386.0,153405.0,120
2026-08-19T10:45:00+0530,153405.0,153447.0,153360.0,153400.0,40
2026-08-19T10:50:00+0530,153400.0,153585.0,153400.0,153550.0,53
2026-08-19T10:55:00+0530,153550.0,153685.0,153533.0,153685.0,66
2026-08-19T11:00:00+0530,153685.0,153685.0,153450.0,153450.0,108
2026-08-19T11:05:00+0530,153450.0,153535.0,153400.0,153520.0,34
2026-08-19T11:10:00+0530,153520.0,153647.0,153520.0,153572.0,93
2026-08-19T11:15:00+0530,153572.0,153572.0,153430.0,153485.0,59
2026-08-19T11:20:00+0530,153485.0,153485.0,153427.0,153427.0,21
2026-08-19T11:25:00+0530,153427.0,153500.0,153427.0,153456.0,31
2026-08-19T11:30:00+0530,153456.0,153548.0,153456.0,153523.0,23
2026-08-19T11:35:00+0530,153523.0,153530.0,153451.0,153519.0,28
2026-08-19T11:40:00+0530,153519.0,153560.0,153450.0,153508.0,34
2026-08-19T11:45:00+0530,153508.0,153655.0,153500.0,153655.0,31
2026-08-19T11:50:00+0530,153655.0,153800.0,153655.0,153750.0,93
2026-08-19T11:55:00+0530,153750.0,153750.0,153616.0,153650.0,45
2026-08-19T12:00:00+0530,153650.0,153695.0,153541.0,153600.0,20
2026-08-19T12:05:00+0530,153600.0,153746.0,153600.0,153696.0,40
2026-08-19T12:10:00+0530,153696.0,153696.0,153640.0,153640.0,28
2026-08-19T12:15:00+0530,153640.0,153697.0,153617.0,153697.0,25
2026-08-19T12:20:00+0530,153697.0,153852.0,153697.0,153852.0,53
2026-08-19T12:25:00+0530,153852.0,153886.0,153817.0,153850.0,31
2026-08-19T12:30:00+0530,153850.0,153926.0,153850.0,153852.0,63
2026-08-19T12:35:00+0530,153852.0,153980.0,153842.0,153980.0,40
2026-08-19T12:40:00+0530,153980.0,153985.0,153905.0,153940.0,52
2026-08-19T12:45:00+0530,153940.0,153940.0,153871.0,153934.0,38
2026-08-19T12:50:00+0530,153934.0,154076.0,153912.0,154055.0,166
2026-08-19T12:55:00+0530,154055.0,154134.0,154029.0,154121.0,72
2026-08-19T13:00:00+0530,154121.0,154300.0,154117.0,154279.0,137
2026-08-19T13:05:00+0530,154279.0,154400.0,154228.0,154253.0,116
2026-08-19T13:10:00+0530,154253.0,154253.0,154000.0,154072.0,94
2026-08-19T13:15:00+0530,154072.0,154180.0,154054.0,154166.0,47
2026-08-19T13:20:00+0530,154166.0,154166.0,154090.0,154121.0,34
2026-08-19T13:25:00+0530,154121.0,154135.0,154055.0,154055.0,38
2026-08-19T13:30:00+0530,154055.0,154180.0,154000.0,154180.0,49
2026-08-19T13:35:00+0530,154180.0,154251.0,154174.0,154251.0,32
2026-08-19T13:40:00+0530,154251.0,154358.0,154251.0,154314.0,120
2026-08-19T13:45:00+0530,154314.0,154361.0,154252.0,154252.0,66
2026-08-19T13:50:00+0530,154252.0,154258.0,154136.0,154167.0,58
2026-08-19T13:55:00+0530,154167.0,154281.0,154167.0,154281.0,17
2026-08-19T14:00:00+0530,154281.0,154281.0,154225.0,154225.0,36
2026-08-19T14:05:00+0530,154225.0,154326.0,154171.0,154287.0,78
2026-08-19T14:10:00+0530,154287.0,154350.0,154261.0,154350.0,44
2026-08-19T14:15:00+0530,154350.0,154380.0,154294.0,154300.0,23
2026-08-19T14:20:00+0530,154300.0,154322.0,154187.0,154187.0,21
2026-08-19T14:25:00+0530,154187.0,154187.0,154090.0,154109.0,34
2026-08-19T14:30:00+0530,154109.0,154200.0,154064.0,154200.0,31
2026-08-19T14:35:00+0530,154200.0,154201.0,154103.0,154103.0,13
2026-08-19T14:40:00+0530,154103.0,154141.0,154090.0,154090.0,16
2026-08-19T14:45:00+0530,154090.0,154099.0,154015.0,154065.0,53
2026-08-19T14:50:00+0530,154065.0,154091.0,154010.0,154053.0,27
2026-08-19T14:55:00+0530,154053.0,154129.0,153975.0,154072.0,55
2026-08-19T15:00:00+0530,154072.0,154178.0,154058.0,154165.0,64
2026-08-19T15:05:00+0530,154165.0,154216.0,154140.0,154140.0,38
2026-08-19T15:10:00+0530,154140.0,154260.0,154117.0,154198.0,96
2026-08-19T15:15:00+0530,154198.0,154258.0,154167.0,154239.0,74
2026-08-19T15:20:00+0530,154239.0,154297.0,154154.0,154216.0,86
2026-08-19T15:25:00+0530,154216.0,154300.0,154192.0,154280.0,53
2026-08-19T15:30:00+0530,154280.0,154309.0,154182.0,154208.0,60
2026-08-19T15:35:00+0530,154208.0,154274.0,154166.0,154236.0,42
2026-08-19T15:40:00+0530,154236.0,154324.0,154207.0,154281.0,21
2026-08-19T15:45:00+0530,154281.0,154452.0,154281.0,154450.0,104
2026-08-19T15:50:00+0530,154450.0,154511.0,154419.0,154511.0,112
2026-08-19T15:55:00+0530,154511.0,154553.0,154434.0,154542.0,99
2026-08-19T16:00:00+0530,154542.0,154618.0,154478.0,154482.0,81
2026-08-19T16:05:00+0530,154482.0,154569.0,154479.0,154536.0,63
2026-08-19T16:10:00+0530,154506.0,154590.0,154506.0,154547.0,28
2026-08-19T16:15:00+0530,154547.0,154557.0,154514.0,154514.0,34
2026-08-19T16:20:00+0530,154514.0,154554.0,154500.0,154525.0,16
2026-08-19T16:25:00+0530,154525.0,154525.0,154421.0,154479.0,33
2026-08-19T16:30:00+0530,154522.0,154646.0,154479.0,154575.0,78
2026-08-19T16:35:00+0530,154575.0,154744.0,154575.0,154624.0,163
2026-08-19T16:40:00+0530,154624.0,154750.0,154624.0,154720.0,56
2026-08-19T16:45:00+0530,154720.0,154730.0,154620.0,154688.0,83
2026-08-19T16:50:00+0530,154688.0,154688.0,154601.0,154660.0,28
2026-08-19T16:55:00+0530,154660.0,154745.0,154660.0,154716.0,52
2026-08-19T17:00:00+0530,154716.0,154748.0,154602.0,154684.0,76
2026-08-19T17:05:00+0530,154684.0,154699.0,154518.0,154520.0,58
2026-08-19T17:10:00+0530,154520.0,154579.0,154435.0,154498.0,78
2026-08-19T17:15:00+0530,154498.0,154575.0,154494.0,154575.0,33
2026-08-19T17:20:00+0530,154575.0,154577.0,154476.0,154550.0,96
2026-08-19T17:25:00+0530,154550.0,154577.0,154490.0,154490.0,25
2026-08-19T17:30:00+0530,154490.0,154520.0,154424.0,154460.0,24
2026-08-19T17:35:00+0530,154460.0,154599.0,154460.0,154599.0,27
2026-08-19T17:40:00+0530,154599.0,154670.0,154571.0,154628.0,77
2026-08-19T17:45:00+0530,154628.0,154628.0,154506.0,154603.0,20
2026-08-19T17:50:00+0530,154603.0,154692.0,154603.0,154634.0,31
2026-08-19T17:55:00+0530,154634.0,154651.0,154619.0,154620.0,11
2026-08-19T18:00:00+0530,154620.0,154943.0,154620.0,154943.0,243
2026-08-19T18:05:00+0530,154943.0,155800.0,154943.0,155666.0,1326
2026-08-19T18:10:00+0530,155666.0,155886.0,155536.0,155757.0,830
2026-08-19T18:15:00+0530,155757.0,155920.0,155655.0,155737.0,554
2026-08-19T18:20:00+0530,155737.0,156169.0,155664.0,156108.0,755
2026-08-19T18:25:00+0530,156108.0,156600.0,156108.0,156550.0,1065
2026-08-19T18:30:00+0530,156550.0,156550.0,156083.0,156112.0,515
2026-08-19T18:35:00+0530,156083.0,156475.0,156043.0,156408.0,263
2026-08-19T18:40:00+0530,156470.0,156990.0,156436.0,156870.0,1099
2026-08-19T18:45:00+0530,156872.0,157150.0,156872.0,156976.0,714
2026-08-19T18:50:00+0530,156976.0,157065.0,156838.0,157000.0,389
2026-08-19T18:55:00+0530,157000.0,157050.0,156873.0,156949.0,297
2026-08-19T19:00:00+0530,156949.0,157290.0,156907.0,157124.0,577
2026-08-19T19:05:00+0530,157122.0,157147.0,156700.0,156998.0,384
2026-08-19T19:10:00+0530,156998.0,157223.0,156894.0,157106.0,297
2026-08-19T19:15:00+0530,157106.0,157213.0,156900.0,156903.0,322
2026-08-19T19:20:00+0530,156903.0,156990.0,156715.0,156906.0,274
2026-08-19T19:25:00+0530,156906.0,157201.0,156906.0,157103.0,294
2026-08-19T19:30:00+0530,157103.0,157180.0,156990.0,157121.0,210
2026-08-19T19:35:00+0530,157121.0,157365.0,157078.0,157338.0,487
2026-08-19T19:40:00+0530,157350.0,157500.0,157300.0,157432.0,403
2026-08-19T19:45:00+0530,157432.0,157500.0,157350.0,157351.0,302
2026-08-19T19:50:00+0530,157351.0,157550.0,157304.0,157480.0,312
2026-08-19T19:55:00+0530,157521.0,157848.0,157460.0,157764.0,562
2026-08-19T20:00:00+0530,157764.0,157898.0,157698.0,157751.0,301
2026-08-19T20:05:00+0530,157758.0,157958.0,157749.0,157870.0,288
2026-08-19T20:10:00+0530,157870.0,158087.0,157817.0,157861.0,429
2026-08-19T20:15:00+0530,157861.0,157861.0,157555.0,157628.0,392
2026-08-19T20:20:00+0530,157628.0,157890.0,157602.0,157844.0,205
2026-08-19T20:25:00+0530,157844.0,157900.0,157732.0,157849.0,150
2026-08-19T20:30:00+0530,157849.0,157849.0,157620.0,157704.0,83
2026-08-19T20:35:00+0530,157704.0,157750.0,157626.0,157626.0,54
2026-08-19T20:40:00+0530,157638.0,157755.0,157520.0,157700.0,155
2026-08-19T20:45:00+0530,157700.0,157725.0,157625.0,157698.0,56
2026-08-19T20:50:00+0530,157698.0,157720.0,157536.0,157550.0,85
2026-08-19T20:55:00+0530,157539.0,157637.0,157455.0,157600.0,169
2026-08-19T21:00:00+0530,157600.0,157700.0,157537.0,157700.0,65
2026-08-19T21:05:00+0530,157700.0,157820.0,157690.0,157803.0,126
2026-08-19T21:10:00+0530,157803.0,157863.0,157700.0,157801.0,74
2026-08-19T21:15:00+0530,157801.0,157900.0,157801.0,157823.0,126
2026-08-19T21:20:00+0530,157823.0,157904.0,157759.0,157867.0,84
2026-08-19T21:25:00+0530,157867.0,157891.0,157809.0,157889.0,51
2026-08-19T21:30:00+0530,157889.0,157980.0,157889.0,157900.0,199
2026-08-19T21:35:00+0530,157900.0,157969.0,157789.0,157969.0,102
2026-08-19T21:40:00+0530,157969.0,158000.0,157930.0,157968.0,162
2026-08-19T21:45:00+0530,157968.0,158016.0,157876.0,157879.0,240
2026-08-19T21:50:00+0530,157879.0,157926.0,157856.0,157911.0,157
2026-08-19T21:55:00+0530,157911.0,157916.0,157830.0,157830.0,81
2026-08-19T22:00:00+0530,157830.0,157944.0,157830.0,157944.0,68
2026-08-19T22:05:00+0530,157934.0,157947.0,157853.0,157943.0,67
2026-08-19T22:10:00+0530,157943.0,157949.0,157882.0,157895.0,48
2026-08-19T22:15:00+0530,157895.0,157935.0,157878.0,157878.0,44
2026-08-19T22:20:00+0530,157878.0,157970.0,157859.0,157900.0,114
2026-08-19T22:25:00+0530,157900.0,157915.0,157890.0,157909.0,29
2026-08-19T22:30:00+0530,157909.0,158020.0,157887.0,157980.0,122
2026-08-19T22:35:00+0530,157980.0,157980.0,157885.0,157949.0,61
2026-08-19T22:40:00+0530,157949.0,157949.0,157801.0,157860.0,92
2026-08-19T22:45:00+0530,157860.0,157896.0,157740.0,157777.0,100
2026-08-19T22:50:00+0530,157777.0,157834.0,157750.0,157790.0,38
2026-08-19T22:55:00+0530,157790.0,157791.0,157746.0,157770.0,42
2026-08-19T23:00:00+0530,157770.0,157799.0,157677.0,157799.0,83
2026-08-19T23:05:00+0530,157799.0,157853.0,157786.0,157840.0,70
2026-08-19T23:10:00+0530,157806.0,157894.0,157806.0,157850.0,58
2026-08-19T23:15:00+0530,157850.0,157898.0,157838.0,157881.0,70
2026-08-19T23:20:00+0530,157871.0,157932.0,157850.0,157900.0,134
2026-08-19T23:25:00+0530,157900.0,157900.0,157830.0,157889.0,245
2026-08-20T09:00:00+0530,157949.0,158341.0,157501.0,158341.0,479
2026-08-20T09:05:00+0530,158341.0,158458.0,158300.0,158421.0,342
2026-08-20T09:10:00+0530,158421.0,158514.0,158400.0,158482.0,217
2026-08-20T09:15:00+0530,158482.0,158500.0,158303.0,158450.0,280
2026-08-20T09:20:00+0530,158450.0,158700.0,158439.0,158640.0,315
2026-08-20T09:25:00+0530,158640.0,158703.0,158525.0,158585.0,369
2026-08-20T09:30:00+0530,158585.0,158585.0,158306.0,158400.0,240
2026-08-20T09:35:00+0530,158400.0,158400.0,158300.0,158399.0,132
2026-08-20T09:40:00+0530,158399.0,158475.0,158324.0,158434.0,136
2026-08-20T09:45:00+0530,158434.0,158438.0,158322.0,158438.0,88
2026-08-20T09:50:00+0530,158438.0,158438.0,158290.0,158291.0,180
2026-08-20T09:55:00+0530,158283.0,158362.0,158209.0,158209.0,101
2026-08-20T10:00:00+0530,158209.0,158249.0,158056.0,158074.0,112
2026-08-20T10:05:00+0530,158074.0,158100.0,157980.0,158077.0,201
2026-08-20T10:10:00+0530,158077.0,158159.0,158077.0,158124.0,95
2026-08-20T10:15:00+0530,158123.0,158284.0,158103.0,158280.0,83
2026-08-20T10:20:00+0530,158280.0,158290.0,158190.0,158263.0,42
2026-08-20T10:25:00+0530,158263.0,158278.0,158180.0,158202.0,79
2026-08-20T10:30:00+0530,158202.0,158300.0,158175.0,158300.0,39
2026-08-20T10:35:00+0530,158300.0,158338.0,158174.0,158200.0,182
2026-08-20T10:40:00+0530,158200.0,158231.0,158050.0,158059.0,138
2026-08-20T10:45:00+0530,158059.0,158081.0,158006.0,158040.0,102
2026-08-20T10:50:00+0530,158040.0,158078.0,158000.0,158060.0,53
2026-08-20T10:55:00+0530,158060.0,158080.0,157967.0,158030.0,261
2026-08-20T11:00:00+0530,158030.0,158050.0,157714.0,157780.0,281
2026-08-20T11:05:00+0530,157780.0,157851.0,157719.0,157820.0,131
2026-08-20T11:10:00+0530,157820.0,157955.0,157820.0,157877.0,65
2026-08-20T11:15:00+0530,157877.0,157919.0,157809.0,157864.0,62
2026-08-20T11:20:00+0530,157864.0,157896.0,157821.0,157869.0,65
2026-08-20T11:25:00+0530,157869.0,157876.0,157776.0,157876.0,78
2026-08-20T11:30:00+0530,157876.0,158198.0,157854.0,158182.0,198
2026-08-20T11:35:00+0530,158182.0,158277.0,158160.0,158244.0,127
2026-08-20T11:40:00+0530,158244.0,158367.0,158205.0,158366.0,98
2026-08-20T11:45:00+0530,158366.0,158437.0,158254.0,158324.0,198
2026-08-20T11:50:00+0530,158324.0,158333.0,158250.0,158283.0,43
2026-08-20T11:55:00+0530,158283.0,158389.0,158283.0,158305.0,63
2026-08-20T12:00:00+0530,158305.0,158343.0,158262.0,158306.0,28
2026-08-20T12:05:00+0530,158306.0,158337.0,158260.0,158260.0,34
2026-08-20T12:10:00+0530,158260.0,158321.0,158250.0,158280.0,29
2026-08-20T12:15:00+0530,158280.0,158371.0,158280.0,158318.0,10
2026-08-20T12:20:00+0530,158318.0,158344.0,158266.0,158317.0,44
2026-08-20T12:25:00+0530,158317.0,158317.0,158200.0,158263.0,60
2026-08-20T12:30:00+0530,158263.0,158263.0,158112.0,158138.0,61
2026-08-20T12:35:00+0530,158138.0,158138.0,158001.0,158092.0,96
2026-08-20T12:40:00+0530,158092.0,158155.0,158028.0,158056.0,47
2026-08-20T12:45:00+0530,158056.0,158100.0,157978.0,158050.0,94
2026-08-20T12:50:00+0530,158050.0,158050.0,157951.0,157970.0,71
2026-08-20T12:55:00+0530,157970.0,157979.0,157900.0,157940.0,54
2026-08-20T13:00:00+0530,157940.0,158042.0,157901.0,158035.0,68
2026-08-20T13:05:00+0530,158041.0,158150.0,158041.0,158120.0,55
2026-08-20T13:10:00+0530,158120.0,158241.0,158120.0,158124.0,31
2026-08-20T13:15:00+0530,158124.0,158250.0,158112.0,158197.0,31
2026-08-20T13:20:00+0530,158197.0,158197.0,158130.0,158165.0,24
2026-08-20T13:25:00+0530,158165.0,158186.0,158130.0,158165.0,24
2026-08-20T13:30:00+0530,158165.0,158255.0,158160.0,158203.0,40
2026-08-20T13:35:00+0530,158203.0,158280.0,158203.0,158280.0,31
2026-08-20T13:40:00+0530,158280.0,158282.0,158185.0,158260.0,47
2026-08-20T13:45:00+0530,158260.0,158394.0,158260.0,158354.0,46
2026-08-20T13:50:00+0530,158354.0,158375.0,158300.0,158302.0,36
2026-08-20T13:55:00+0530,158302.0,158349.0,158130.0,158191.0,84
2026-08-20T14:00:00+0530,158191.0,158200.0,158096.0,158200.0,44
2026-08-20T14:05:00+0530,158200.0,158276.0,158200.0,158259.0,15
2026-08-20T14:10:00+0530,158259.0,158285.0,158238.0,158250.0,17
2026-08-20T14:15:00+0530,158250.0,158250.0,158191.0,158200.0,14
2026-08-20T14:20:00+0530,158200.0,158220.0,158190.0,158220.0,8
2026-08-20T14:25:00+0530,158220.0,158225.0,158158.0,158205.0,9
2026-08-20T14:30:00+0530,158205.0,158210.0,158158.0,158210.0,15
2026-08-20T14:35:00+0530,158210.0,158249.0,158180.0,158200.0,48
2026-08-20T14:40:00+0530,158200.0,158250.0,158145.0,158145.0,22
2026-08-20T14:45:00+0530,158145.0,158233.0,158145.0,158154.0,19
2026-08-20T14:50:00+0530,158154.0,158198.0,158111.0,158126.0,36
2026-08-20T14:55:00+0530,158126.0,158156.0,158105.0,158130.0,19
2026-08-20T15:00:00+0530,158130.0,158150.0,158100.0,158106.0,10
2026-08-20T15:05:00+0530,158106.0,158145.0,158054.0,158065.0,42
2026-08-20T15:10:00+0530,158065.0,158163.0,158059.0,158163.0,59
2026-08-20T15:15:00+0530,158163.0,158188.0,158119.0,158119.0,6
2026-08-20T15:20:00+0530,158119.0,158119.0,158014.0,158014.0,34
2026-08-20T15:25:00+0530,158014.0,158044.0,157950.0,158000.0,114
2026-08-20T15:30:00+0530,158000.0,158127.0,157928.0,158127.0,118
2026-08-20T15:35:00+0530,158127.0,158210.0,158123.0,158210.0,40
2026-08-20T15:40:00+0530,158210.0,158232.0,158150.0,158232.0,50
2026-08-20T15:45:00+0530,158250.0,158276.0,158200.0,158246.0,88
2026-08-20T15:50:00+0530,158246.0,158246.0,158155.0,158155.0,23
2026-08-20T15:55:00+0530,158155.0,158320.0,158155.0,158308.0,58
2026-08-20T16:00:00+0530,158308.0,158400.0,158308.0,158365.0,109
2026-08-20T16:05:00+0530,158365.0,158375.0,158323.0,158323.0,57
2026-08-20T16:10:00+0530,158323.0,158323.0,158275.0,158275.0,51
2026-08-20T16:15:00+0530,158275.0,158319.0,158250.0,158270.0,25
2026-08-20T16:20:00+0530,158270.0,158282.0,158210.0,158235.0,35
2026-08-20T16:25:00+0530,158235.0,158347.0,158212.0,158347.0,38
2026-08-20T16:30:00+0530,158347.0,158347.0,158250.0,158283.0,22
2026-08-20T16:35:00+0530,158283.0,158283.0,158200.0,158215.0,97
2026-08-20T16:40:00+0530,158215.0,158253.0,158139.0,158185.0,57
2026-08-20T16:45:00+0530,158185.0,158190.0,158068.0,158157.0,130
2026-08-20T16:50:00+0530,158144.0,158205.0,158054.0,158205.0,78
2026-08-20T16:55:00+0530,158205.0,158284.0,158115.0,158115.0,44
2026-08-20T17:00:00+0530,158115.0,158210.0,158115.0,158121.0,27
2026-08-20T17:05:00+0530,158121.0,158239.0,158040.0,158100.0,78
2026-08-20T17:10:00+0530,158100.0,158100.0,157865.0,157903.0,121
2026-08-20T17:15:00+0530,157903.0,157903.0,157535.0,157679.0,487
2026-08-20T17:20:00+0530,157679.0,157752.0,157510.0,157548.0,244
2026-08-20T17:25:00+0530,157548.0,157690.0,157540.0,157570.0,129
2026-08-20T17:30:00+0530,157570.0,157570.0,157220.0,157232.0,396
2026-08-20T17:35:00+0530,157232.0,157268.0,157005.0,157241.0,447
2026-08-20T17:40:00+0530,157241.0,157603.0,157241.0,157445.0,328
2026-08-20T17:45:00+0530,157445.0,157600.0,157419.0,157600.0,167
2026-08-20T17:50:00+0530,157600.0,157651.0,157467.0,157567.0,122
2026-08-20T17:55:00+0530,157567.0,157567.0,157351.0,157436.0,128
2026-08-20T18:00:00+0530,157451.0,157505.0,157200.0,157227.0,152
2026-08-20T18:05:00+0530,157227.0,157547.0,157200.0,157547.0,100
2026-08-20T18:10:00+0530,157541.0,157672.0,157500.0,157659.0,163
2026-08-20T18:15:00+0530,157659.0,157944.0,157600.0,157861.0,267
2026-08-20T18:20:00+0530,157861.0,158005.0,157833.0,157842.0,196
2026-08-20T18:25:00+0530,157867.0,158000.0,157841.0,157920.0,107
2026-08-20T18:30:00+0530,157920.0,158151.0,157920.0,157985.0,275
2026-08-20T18:35:00+0530,157973.0,157996.0,157803.0,157873.0,79
2026-08-20T18:40:00+0530,157873.0,157888.0,157725.0,157866.0,104
2026-08-20T18:45:00+0530,157866.0,157866.0,157721.0,157822.0,90
2026-08-20T18:50:00+0530,157822.0,157850.0,157768.0,157816.0,19
2026-08-20T18:55:00+0530,157816.0,157836.0,157717.0,157788.0,47
2026-08-20T19:00:00+0530,157788.0,157924.0,157726.0,157859.0,64
2026-08-20T19:05:00+0530,157859.0,158210.0,157859.0,158180.0,315
2026-08-20T19:10:00+0530,158180.0,158325.0,158078.0,158271.0,236
2026-08-20T19:15:00+0530,158271.0,158340.0,158051.0,158212.0,197
2026-08-20T19:20:00+0530,158212.0,158247.0,158150.0,158203.0,79
2026-08-20T19:25:00+0530,158203.0,158254.0,158122.0,158168.0,103
2026-08-20T19:30:00+0530,158168.0,158350.0,158168.0,158235.0,158
2026-08-20T19:35:00+0530,158235.0,158289.0,158100.0,158280.0,112
2026-08-20T19:40:00+0530,158280.0,158350.0,158222.0,158283.0,92
2026-08-20T19:45:00+0530,158288.0,158380.0,158220.0,158220.0,102
2026-08-20T19:50:00+0530,158220.0,158445.0,158200.0,158390.0,109
2026-08-20T19:55:00+0530,158390.0,158450.0,158330.0,158430.0,87
2026-08-20T20:00:00+0530,158430.0,158650.0,158430.0,158598.0,338
2026-08-20T20:05:00+0530,158598.0,158698.0,158518.0,158620.0,212
2026-08-20T20:10:00+0530,158620.0,158690.0,158503.0,158676.0,134
2026-08-20T20:15:00+0530,158676.0,159043.0,158641.0,159028.0,497
2026-08-20T20:20:00+0530,159028.0,159100.0,158920.0,159099.0,286
2026-08-20T20:25:00+0530,159099.0,159248.0,159099.0,159181.0,336
2026-08-20T20:30:00+0530,159181.0,159750.0,159164.0,159693.0,920
2026-08-20T20:35:00+0530,159693.0,159750.0,159356.0,159397.0,582
2026-08-20T20:40:00+0530,159434.0,159799.0,159373.0,159718.0,443
2026-08-20T20:45:00+0530,159729.0,159880.0,159600.0,159815.0,456
2026-08-20T20:50:00+0530,159815.0,159889.0,159455.0,159511.0,417
2026-08-20T20:55:00+0530,159511.0,159730.0,159500.0,159645.0,177
2026-08-20T21:00:00+0530,159645.0,159684.0,159353.0,159378.0,240
2026-08-20T21:05:00+0530,159378.0,159497.0,159250.0,159305.0,277
2026-08-20T21:10:00+0530,159305.0,159305.0,158977.0,159073.0,355
2026-08-20T21:15:00+0530,159073.0,159398.0,159044.0,159365.0,172
2026-08-20T21:20:00+0530,159365.0,159427.0,159300.0,159316.0,98
2026-08-20T21:25:00+0530,159316.0,159470.0,159316.0,159434.0,117
2026-08-20T21:30:00+0530,159434.0,159500.0,159370.0,159370.0,87
2026-08-20T21:35:00+0530,159370.0,159431.0,159319.0,159351.0,53
2026-08-20T21:40:00+0530,159351.0,159381.0,159112.0,159119.0,128
2026-08-20T21:45:00+0530,159119.0,159219.0,159052.0,159203.0,108
2026-08-20T21:50:00+0530,159203.0,159220.0,159127.0,159220.0,66
2026-08-20T21:55:00+0530,159220.0,159220.0,159000.0,159158.0,84
2026-08-20T22:00:00+0530,159158.0,159158.0,159000.0,159108.0,79
2026-08-20T22:05:00+0530,159108.0,159265.0,159108.0,159123.0,62
2026-08-20T22:10:00+0530,159123.0,159180.0,159123.0,159130.0,40
2026-08-20T22:15:00+0530,159130.0,159277.0,159120.0,159247.0,54
2026-08-20T22:20:00+0530,159247.0,159273.0,159194.0,159217.0,72
2026-08-20T22:25:00+0530,159217.0,159249.0,159148.0,159180.0,24
2026-08-20T22:30:00+0530,159180.0,159300.0,159180.0,159263.0,64
2026-08-20T22:35:00+0530,159263.0,159263.0,159130.0,159155.0,46
2026-08-20T22:40:00+0530,159155.0,159195.0,159120.0,159146.0,83
2026-08-20T22:45:00+0530,159146.0,159168.0,159076.0,159101.0,66
2026-08-20T22:50:00+0530,159101.0,159199.0,159101.0,159121.0,53
2026-08-20T22:55:00+0530,159121.0,159270.0,159121.0,159196.0,59
2026-08-20T23:00:00+0530,159196.0,159332.0,159156.0,159302.0,61
2026-08-20T23:05:00+0530,159302.0,159347.0,159301.0,159301.0,52
2026-08-20T23:10:00+0530,159301.0,159377.0,159300.0,159377.0,66
2026-08-20T23:15:00+0530,159377.0,159397.0,159337.0,159380.0,103
2026-08-20T23:20:00+0530,159360.0,159401.0,159290.0,159301.0,130
2026-08-20T23:25:00+0530,159301.0,159450.0,159301.0,159370.0,200
2026-08-21T09:00:00+0530,159772.0,159889.0,159631.0,159734.0,518
2026-08-21T09:05:00+0530,159763.0,159830.0,159550.0,159651.0,224
2026-08-21T09:10:00+0530,159651.0,159680.0,159551.0,159625.0,158
2026-08-21T09:15:00+0530,159625.0,159759.0,159605.0,159747.0,128
2026-08-21T09:20:00+0530,159749.0,159768.0,159686.0,159718.0,82
2026-08-21T09:25:00+0530,159711.0,159839.0,159711.0,159833.0,107
2026-08-21T09:30:00+0530,159840.0,159932.0,159840.0,159902.0,222
2026-08-21T09:35:00+0530,159894.0,159945.0,159860.0,159914.0,105
2026-08-21T09:40:00+0530,159950.0,160088.0,159915.0,160081.0,262
2026-08-21T09:45:00+0530,160090.0,160100.0,160000.0,160100.0,162
2026-08-21T09:50:00+0530,160100.0,160235.0,160100.0,160200.0,270
2026-08-21T09:55:00+0530,160185.0,160369.0,160161.0,160369.0,297
2026-08-21T10:00:00+0530,160350.0,160380.0,160181.0,160219.0,224
2026-08-21T10:05:00+0530,160233.0,160233.0,160048.0,160128.0,177
2026-08-21T10:10:00+0530,160140.0,160222.0,160120.0,160182.0,85
2026-08-21T10:15:00+0530,160169.0,160186.0,160100.0,160100.0,103
2026-08-21T10:20:00+0530,160100.0,160156.0,160076.0,160114.0,110
2026-08-21T10:25:00+0530,160146.0,160160.0,160114.0,160119.0,23
2026-08-21T10:30:00+0530,160140.0,160142.0,159951.0,160040.0,107
2026-08-21T10:35:00+0530,160048.0,160099.0,160004.0,160053.0,75
2026-08-21T10:40:00+0530,160053.0,160053.0,159970.0,160028.0,56
2026-08-21T10:45:00+0530,160053.0,160053.0,159894.0,159920.0,144
2026-08-21T10:50:00+0530,159920.0,159964.0,159901.0,159957.0,41
2026-08-21T10:55:00+0530,159950.0,159957.0,159735.0,159772.0,114
2026-08-21T11:00:00+0530,159767.0,160054.0,159767.0,159989.0,117
2026-08-21T11:05:00+0530,160028.0,160120.0,160028.0,160049.0,85
2026-08-21T11:10:00+0530,160049.0,160199.0,160015.0,160190.0,74
2026-08-21T11:15:00+0530,160190.0,160246.0,160164.0,160245.0,90
2026-08-21T11:20:00+0530,160246.0,160299.0,160168.0,160231.0,121
2026-08-21T11:25:00+0530,160280.0,160488.0,160280.0,160430.0,321
2026-08-21T11:30:00+0530,160406.0,160450.0,160250.0,160318.0,150
2026-08-21T11:35:00+0530,160324.0,160400.0,160248.0,160310.0,81
2026-08-21T11:40:00+0530,160310.0,160323.0,160212.0,160319.0,85
2026-08-21T11:45:00+0530,160348.0,160489.0,160348.0,160460.0,135
2026-08-21T11:50:00+0530,160470.0,160484.0,160316.0,160345.0,114
2026-08-21T11:55:00+0530,160324.0,160555.0,160324.0,160524.0,214
2026-08-21T12:00:00+0530,160542.0,160715.0,160520.0,160680.0,212
2026-08-21T12:05:00+0530,160676.0,160798.0,160659.0,160750.0,188
2026-08-21T12:10:00+0530,160755.0,160805.0,160600.0,160722.0,290
2026-08-21T12:15:00+0530,160712.0,160850.0,160700.0,160829.0,140
2026-08-21T12:20:00+0530,160802.0,160814.0,160706.0,160776.0,147
2026-08-21T12:25:00+0530,160760.0,160837.0,160618.0,160618.0,124
2026-08-21T12:30:00+0530,160606.0,160780.0,160600.0,160780.0,99
2026-08-21T12:35:00+0530,160788.0,160788.0,160600.0,160600.0,128
2026-08-21T12:40:00+0530,160562.0,160650.0,160525.0,160619.0,74
2026-08-21T12:45:00+0530,160650.0,160769.0,160606.0,160755.0,82
2026-08-21T12:50:00+0530,160736.0,160780.0,160639.0,160639.0,60
2026-08-21T12:55:00+0530,160642.0,160686.0,160600.0,160651.0,75
2026-08-21T13:00:00+0530,160650.0,160671.0,160620.0,160655.0,62
2026-08-21T13:05:00+0530,160659.0,160671.0,160561.0,160650.0,59
2026-08-21T13:10:00+0530,160625.0,160714.0,160611.0,160660.0,52
2026-08-21T13:15:00+0530,160677.0,160775.0,160639.0,160703.0,94
2026-08-21T13:20:00+0530,160703.0,160756.0,160620.0,160620.0,59
2026-08-21T13:25:00+0530,160650.0,160746.0,160650.0,160741.0,36
2026-08-21T13:30:00+0530,160718.0,160768.0,160662.0,160662.0,40
2026-08-21T13:35:00+0530,160650.0,160662.0,160575.0,160601.0,100
2026-08-21T13:40:00+0530,160597.0,160767.0,160590.0,160713.0,100
2026-08-21T13:45:00+0530,160700.0,160943.0,160698.0,160919.0,231
2026-08-21T13:50:00+0530,160900.0,161106.0,160851.0,161082.0,512
2026-08-21T13:55:00+0530,161053.0,161200.0,161053.0,161144.0,298
2026-08-21T14:00:00+0530,161124.0,161199.0,161050.0,161159.0,271
2026-08-21T14:05:00+0530,161200.0,161309.0,161153.0,161182.0,272
2026-08-21T14:10:00+0530,161178.0,161284.0,161170.0,161240.0,125
2026-08-21T14:15:00+0530,161240.0,161243.0,161180.0,161224.0,83
2026-08-21T14:20:00+0530,161204.0,161225.0,161160.0,161168.0,87
2026-08-21T14:25:00+0530,161193.0,161300.0,161158.0,161265.0,103
2026-08-21T14:30:00+0530,161239.0,161349.0,161234.0,161333.0,158
2026-08-21T14:35:00+0530,161292.0,161700.0,161292.0,161621.0,581
2026-08-21T14:40:00+0530,161646.0,161800.0,161605.0,161800.0,393
2026-08-21T14:45:00+0530,161792.0,161869.0,161546.0,161577.0,463
2026-08-21T14:50:00+0530,161592.0,161629.0,161424.0,161464.0,331
2026-08-21T14:55:00+0530,161466.0,161539.0,161181.0,161216.0,431
2026-08-21T15:00:00+0530,161205.0,161339.0,161126.0,161146.0,472
2026-08-21T15:05:00+0530,161161.0,161465.0,161074.0,161343.0,323
2026-08-21T15:10:00+0530,161360.0,161467.0,161221.0,161252.0,258
2026-08-21T15:15:00+0530,161252.0,161314.0,161090.0,161133.0,270
2026-08-21T15:20:00+0530,161135.0,161349.0,161117.0,161349.0,176
2026-08-21T15:25:00+0530,161327.0,161400.0,161260.0,161298.0,100
2026-08-21T15:30:00+0530,161298.0,161500.0,161298.0,161425.0,192
2026-08-21T15:35:00+0530,161422.0,161424.0,161291.0,161303.0,101
2026-08-21T15:40:00+0530,161309.0,161335.0,161132.0,161194.0,121
2026-08-21T15:45:00+0530,161162.0,161373.0,161152.0,161280.0,101
2026-08-21T15:50:00+0530,161323.0,161345.0,161261.0,161345.0,21
2026-08-21T15:55:00+0530,161350.0,161449.0,161334.0,161414.0,135
2026-08-21T16:00:00+0530,161420.0,161475.0,161350.0,161475.0,44
2026-08-21T16:05:00+0530,161495.0,161589.0,161471.0,161589.0,108
2026-08-21T16:10:00+0530,161589.0,161600.0,161504.0,161565.0,113
2026-08-21T16:15:00+0530,161600.0,161600.0,161465.0,161471.0,78
2026-08-21T16:20:00+0530,161451.0,161530.0,161421.0,161522.0,70
2026-08-21T16:25:00+0530,161511.0,161511.0,161421.0,161430.0,44
2026-08-21T16:30:00+0530,161440.0,161584.0,161388.0,161550.0,72
2026-08-21T16:35:00+0530,161536.0,161596.0,161521.0,161535.0,124
2026-08-21T16:40:00+0530,161550.0,161576.0,161464.0,161523.0,46
2026-08-21T16:45:00+0530,161534.0,161665.0,161534.0,161619.0,123
2026-08-21T16:50:00+0530,161658.0,161777.0,161637.0,161702.0,169
2026-08-21T16:55:00+0530,161701.0,161800.0,161634.0,161680.0,165
2026-08-21T17:00:00+0530,161680.0,161701.0,161554.0,161608.0,106
2026-08-21T17:05:00+0530,161583.0,161800.0,161583.0,161663.0,107
2026-08-21T17:10:00+0530,161663.0,161695.0,161601.0,161695.0,80
2026-08-21T17:15:00+0530,161700.0,161754.0,161620.0,161718.0,75
2026-08-21T17:20:00+0530,161755.0,161764.0,161663.0,161695.0,80
2026-08-21T17:25:00+0530,161695.0,161744.0,161672.0,161672.0,45
2026-08-21T17:30:00+0530,161695.0,161740.0,161572.0,161596.0,89
2026-08-21T17:35:00+0530,161615.0,161687.0,161500.0,161530.0,67
2026-08-21T17:40:00+0530,161534.0,161578.0,161434.0,161578.0,128
2026-08-21T17:45:00+0530,161569.0,161610.0,161400.0,161424.0,118
2026-08-21T17:50:00+0530,161430.0,161450.0,161203.0,161307.0,226
2026-08-21T17:55:00+0530,161290.0,161403.0,161252.0,161371.0,67
2026-08-21T18:00:00+0530,161350.0,161350.0,161056.0,161143.0,467
2026-08-21T18:05:00+0530,161133.0,161133.0,160500.0,160500.0,724
2026-08-21T18:10:00+0530,160562.0,161070.0,160451.0,160961.0,686
2026-08-21T18:15:00+0530,160967.0,161285.0,160967.0,161260.0,266
2026-08-21T18:20:00+0530,161283.0,161323.0,161123.0,161278.0,226
2026-08-21T18:25:00+0530,161301.0,161356.0,161076.0,161196.0,134
2026-08-21T18:30:00+0530,161218.0,161390.0,161109.0,161250.0,143
2026-08-21T18:35:00+0530,161250.0,161350.0,161101.0,161139.0,119
2026-08-21T18:40:00+0530,161141.0,161393.0,161140.0,161337.0,118
2026-08-21T18:45:00+0530,161340.0,161391.0,161227.0,161231.0,101
2026-08-21T18:50:00+0530,161225.0,161380.0,161179.0,161343.0,42
2026-08-21T18:55:00+0530,161301.0,161343.0,161254.0,161320.0,51
2026-08-21T19:00:00+0530,161343.0,161389.0,161086.0,161111.0,138
2026-08-21T19:05:00+0530,161031.0,161499.0,161025.0,161432.0,167
2026-08-21T19:10:00+0530,161432.0,161480.0,161357.0,161413.0,46
2026-08-21T19:15:00+0530,161377.0,161500.0,161355.0,161475.0,103
2026-08-21T19:20:00+0530,161458.0,161469.0,161183.0,161254.0,83
2026-08-21T19:25:00+0530,161330.0,161410.0,161279.0,161321.0,72
2026-08-21T19:30:00+0530,161317.0,161378.0,161223.0,161343.0,97
2026-08-21T19:35:00+0530,161378.0,161397.0,161250.0,161300.0,66
2026-08-21T19:40:00+0530,161320.0,161390.0,161300.0,161350.0,57
2026-08-21T19:45:00+0530,161388.0,161441.0,161321.0,161388.0,62
2026-08-21T19:50:00+0530,161376.0,161600.0,161376.0,161549.0,183
2026-08-21T19:55:00+0530,161600.0,161931.0,161597.0,161760.0,608
2026-08-21T20:00:00+0530,161766.0,161785.0,161451.0,161460.0,240
2026-08-21T20:05:00+0530,161428.0,161485.0,161181.0,161200.0,259
2026-08-21T20:10:00+0530,161204.0,161424.0,161161.0,161225.0,154
2026-08-21T20:15:00+0530,161232.0,161428.0,161201.0,161428.0,93
2026-08-21T20:20:00+0530,161440.0,161547.0,161370.0,161370.0,101
2026-08-21T20:25:00+0530,161380.0,161465.0,161301.0,161449.0,61
2026-08-21T20:30:00+0530,161430.0,161524.0,161368.0,161499.0,102
2026-08-21T20:35:00+0530,161475.0,161590.0,161445.0,161500.0,63
2026-08-21T20:40:00+0530,161465.0,161576.0,161465.0,161530.0,56
2026-08-21T20:45:00+0530,161530.0,161622.0,161500.0,161500.0,111
2026-08-21T20:50:00+0530,161549.0,161700.0,161500.0,161699.0,148
2026-08-21T20:55:00+0530,161718.0,161828.0,161629.0,161696.0,347
2026-08-21T21:00:00+0530,161752.0,161783.0,161610.0,161783.0,174
2026-08-21T21:05:00+0530,161766.0,161834.0,161731.0,161806.0,145
2026-08-21T21:10:00+0530,161804.0,161995.0,161748.0,161895.0,335
2026-08-21T21:15:00+0530,161868.0,162000.0,161761.0,161800.0,221
2026-08-21T21:20:00+0530,161815.0,162090.0,161815.0,162065.0,320
2026-08-21T21:25:00+0530,162081.0,162099.0,161945.0,162058.0,221
2026-08-21T21:30:00+0530,162079.0,162200.0,162032.0,162131.0,383
2026-08-21T21:35:00+0530,162159.0,162186.0,161979.0,162055.0,176
2026-08-21T21:40:00+0530,162048.0,162114.0,162019.0,162100.0,125
2026-08-21T21:45:00+0530,162100.0,162137.0,162051.0,162097.0,90
2026-08-21T21:50:00+0530,162050.0,162210.0,161951.0,162043.0,281
2026-08-21T21:55:00+0530,162035.0,162088.0,161919.0,162019.0,175
2026-08-21T22:00:00+0530,161991.0,162084.0,161932.0,162050.0,92
2026-08-21T22:05:00+0530,162059.0,162180.0,162027.0,162105.0,191
2026-08-21T22:10:00+0530,162119.0,162225.0,162081.0,162164.0,265
2026-08-21T22:15:00+0530,162204.0,162347.0,162160.0,162340.0,238
2026-08-21T22:20:00+0530,162329.0,162438.0,162329.0,162438.0,186
2026-08-21T22:25:00+0530,162432.0,162450.0,162312.0,162420.0,195
2026-08-21T22:30:00+0530,162448.0,162495.0,162350.0,162403.0,241
2026-08-21T22:35:00+0530,162408.0,162530.0,162367.0,162497.0,328
2026-08-21T22:40:00+0530,162480.0,162490.0,162292.0,162294.0,204
2026-08-21T22:45:00+0530,162293.0,162300.0,162180.0,162271.0,186
2026-08-21T22:50:00+0530,162235.0,162255.0,162050.0,162071.0,211
2026-08-21T22:55:00+0530,162071.0,162353.0,162071.0,162301.0,175
2026-08-21T23:00:00+0530,162332.0,162335.0,162160.0,162251.0,114
2026-08-21T23:05:00+0530,162263.0,162404.0,162263.0,162380.0,137
2026-08-21T23:10:00+0530,162361.0,162407.0,162270.0,162323.0,157
2026-08-21T23:15:00+0530,162290.0,162316.0,162232.0,162291.0,179
2026-08-21T23:20:00+0530,162291.0,162348.0,162275.0,162335.0,202
2026-08-21T23:25:00+0530,162301.0,162500.0,162190.0,162400.0,359
2026-08-21T23:30:00+0530,162400.0,162400.0,162400.0,162400.0,0
2026-08-24T09:00:00+0530,162741.0,163500.0,159702.0,163407.0,1494
2026-08-24T09:05:00+0530,163495.0,163551.0,163300.0,163329.0,696
2026-08-24T09:10:00+0530,163328.0,163416.0,163097.0,163181.0,527
2026-08-24T09:15:00+0530,163154.0,163357.0,163154.0,163240.0,377
2026-08-24T09:20:00+0530,163222.0,163269.0,163168.0,163168.0,263
2026-08-24T09:25:00+0530,163178.0,163249.0,163150.0,163194.0,279
2026-08-24T09:30:00+0530,163194.0,163206.0,163017.0,163151.0,257
2026-08-24T09:35:00+0530,163151.0,163151.0,162942.0,162960.0,289
2026-08-24T09:40:00+0530,162950.0,163146.0,162888.0,163078.0,322
2026-08-24T09:45:00+0530,163094.0,163284.0,162961.0,163224.0,184
2026-08-24T09:50:00+0530,163260.0,163310.0,163189.0,163237.0,227
2026-08-24T09:55:00+0530,163237.0,163298.0,163225.0,163247.0,133
2026-08-24T10:00:00+0530,163247.0,163258.0,163051.0,163115.0,120
2026-08-24T10:05:00+0530,163119.0,163177.0,163046.0,163173.0,136
2026-08-24T10:10:00+0530,163174.0,163252.0,163087.0,163194.0,160
2026-08-24T10:15:00+0530,163200.0,163228.0,163061.0,163125.0,138
2026-08-24T10:20:00+0530,163111.0,163250.0,163073.0,163250.0,147
2026-08-24T10:25:00+0530,163250.0,163254.0,163200.0,163215.0,53
2026-08-24T10:30:00+0530,163250.0,163300.0,163250.0,163291.0,89
2026-08-24T10:35:00+0530,163282.0,163345.0,163254.0,163300.0,136
2026-08-24T10:40:00+0530,163300.0,163350.0,163290.0,163346.0,98
2026-08-24T10:45:00+0530,163346.0,163449.0,163323.0,163400.0,146
2026-08-24T10:50:00+0530,163414.0,163414.0,163251.0,163294.0,153
2026-08-24T10:55:00+0530,163314.0,163400.0,163250.0,163250.0,151
2026-08-24T11:00:00+0530,163228.0,163361.0,163070.0,163123.0,415
2026-08-24T11:05:00+0530,163195.0,163300.0,163115.0,163177.0,93
2026-08-24T11:10:00+0530,163177.0,163190.0,163114.0,163178.0,107
2026-08-24T11:15:00+0530,163147.0,163250.0,163111.0,163250.0,158
2026-08-24T11:20:00+0530,163273.0,163357.0,163233.0,163260.0,113
2026-08-24T11:25:00+0530,163233.0,163300.0,163220.0,163279.0,64
2026-08-24T11:30:00+0530,163277.0,163390.0,163250.0,163369.0,111
2026-08-24T11:35:00+0530,163396.0,163650.0,163355.0,163601.0,352
2026-08-24T11:40:00+0530,163615.0,163724.0,163516.0,163684.0,277
2026-08-24T11:45:00+0530,163744.0,163900.0,163744.0,163830.0,342
2026-08-24T11:50:00+0530,163821.0,163893.0,163601.0,163716.0,278
2026-08-24T11:55:00+0530,163721.0,163750.0,163500.0,163517.0,260
2026-08-24T12:00:00+0530,163520.0,163844.0,163517.0,163778.0,100
2026-08-24T12:05:00+0530,163778.0,163851.0,163764.0,163804.0,165
2026-08-24T12:10:00+0530,163820.0,163820.0,163579.0,163630.0,103
2026-08-24T12:15:00+0530,163620.0,163758.0,163620.0,163750.0,80
2026-08-24T12:20:00+0530,163761.0,163800.0,163680.0,163768.0,57
2026-08-24T12:25:00+0530,163768.0,163805.0,163722.0,163765.0,85
2026-08-24T12:30:00+0530,163765.0,163820.0,163707.0,163735.0,100
2026-08-24T12:35:00+0530,163750.0,163770.0,163660.0,163684.0,144
2026-08-24T12:40:00+0530,163744.0,163744.0,163671.0,163696.0,56
2026-08-24T12:45:00+0530,163677.0,163750.0,163588.0,163634.0,74
2026-08-24T12:50:00+0530,163670.0,163691.0,163550.0,163571.0,79
2026-08-24T12:55:00+0530,163584.0,163669.0,163584.0,163600.0,50
2026-08-24T13:00:00+0530,163622.0,163670.0,163550.0,163670.0,82
2026-08-24T13:05:00+0530,163670.0,163727.0,163608.0,163622.0,53
2026-08-24T13:10:00+0530,163622.0,163626.0,163348.0,163354.0,239
2026-08-24T13:15:00+0530,163365.0,163393.0,163222.0,163250.0,247
2026-08-24T13:20:00+0530,163211.0,163417.0,163211.0,163366.0,86
2026-08-24T13:25:00+0530,163384.0,163579.0,163384.0,163544.0,73
2026-08-24T13:30:00+0530,163546.0,163576.0,163400.0,163574.0,66
2026-08-24T13:35:00+0530,163547.0,163609.0,163311.0,163379.0,116
2026-08-24T13:40:00+0530,163379.0,163379.0,163191.0,163278.0,163
2026-08-24T13:45:00+0530,163230.0,163250.0,163056.0,163120.0,309
2026-08-24T13:50:00+0530,163183.0,163311.0,163183.0,163222.0,52
2026-08-24T13:55:00+0530,163260.0,163269.0,163065.0,163065.0,166
2026-08-24T14:00:00+0530,163062.0,163127.0,163050.0,163127.0,107
2026-08-24T14:05:00+0530,163153.0,163241.0,163153.0,163241.0,63
2026-08-24T14:10:00+0530,163250.0,163482.0,163229.0,163443.0,79
2026-08-24T14:15:00+0530,163482.0,163482.0,163377.0,163377.0,84
2026-08-24T14:20:00+0530,163397.0,163410.0,163334.0,163391.0,26
2026-08-24T14:25:00+0530,163402.0,163424.0,163277.0,163304.0,62
2026-08-24T14:30:00+0530,163320.0,163446.0,163320.0,163446.0,48
2026-08-24T14:35:00+0530,163446.0,163455.0,163350.0,163350.0,53
2026-08-24T14:40:00+0530,163377.0,163386.0,163329.0,163375.0,32
2026-08-24T14:45:00+0530,163330.0,163350.0,163206.0,163221.0,62
2026-08-24T14:50:00+0530,163231.0,163329.0,163218.0,163305.0,32
2026-08-24T14:55:00+0530,163305.0,163305.0,163211.0,163249.0,52
2026-08-24T15:00:00+0530,163236.0,163300.0,163183.0,163236.0,65
2026-08-24T15:05:00+0530,163236.0,163303.0,163200.0,163303.0,84
2026-08-24T15:10:00+0530,163303.0,163345.0,163266.0,163330.0,47
2026-08-24T15:15:00+0530,163330.0,163450.0,163322.0,163446.0,99
2026-08-24T15:20:00+0530,163449.0,163450.0,163361.0,163411.0,70
2026-08-24T15:25:00+0530,163416.0,163485.0,163416.0,163485.0,70
2026-08-24T15:30:00+0530,163491.0,163583.0,163491.0,163583.0,140
2026-08-24T15:35:00+0530,163599.0,163600.0,163511.0,163552.0,103
2026-08-24T15:40:00+0530,163550.0,163600.0,163528.0,163591.0,74
2026-08-24T15:45:00+0530,163564.0,163597.0,163512.0,163582.0,73
2026-08-24T15:50:00+0530,163565.0,163565.0,163485.0,163537.0,50
2026-08-24T15:55:00+0530,163523.0,163540.0,163443.0,163474.0,72
2026-08-24T16:00:00+0530,163499.0,163540.0,163477.0,163519.0,20
2026-08-24T16:05:00+0530,163543.0,163598.0,163489.0,163592.0,71
2026-08-24T16:10:00+0530,163597.0,163598.0,163500.0,163500.0,45
2026-08-24T16:15:00+0530,163537.0,163537.0,163433.0,163500.0,42
2026-08-24T16:20:00+0530,163546.0,163546.0,163432.0,163450.0,88
2026-08-24T16:25:00+0530,163450.0,163450.0,163364.0,163396.0,182
2026-08-24T16:30:00+0530,163361.0,163499.0,163361.0,163488.0,50
2026-08-24T16:35:00+0530,163475.0,163475.0,163342.0,163381.0,27
2026-08-24T16:40:00+0530,163360.0,163470.0,163314.0,163400.0,53
2026-08-24T16:45:00+0530,163413.0,163486.0,163413.0,163486.0,46
2026-08-24T16:50:00+0530,163470.0,163511.0,163426.0,163427.0,38
2026-08-24T16:55:00+0530,163410.0,163525.0,163403.0,163480.0,51
2026-08-24T17:00:00+0530,163480.0,163577.0,163444.0,163577.0,71
2026-08-24T17:05:00+0530,163650.0,163950.0,163605.0,163775.0,534
2026-08-24T17:10:00+0530,163775.0,163940.0,163758.0,163849.0,205
2026-08-24T17:15:00+0530,163869.0,163900.0,163636.0,163636.0,194
2026-08-24T17:20:00+0530,163651.0,163863.0,163622.0,163824.0,167
2026-08-24T17:25:00+0530,163856.0,163869.0,163741.0,163755.0,72
2026-08-24T17:30:00+0530,163789.0,163825.0,163650.0,163709.0,110
2026-08-24T17:35:00+0530,163740.0,163791.0,163684.0,163791.0,43
2026-08-24T17:40:00+0530,163791.0,163890.0,163770.0,163877.0,73
2026-08-24T17:45:00+0530,163842.0,163850.0,163705.0,163745.0,66
2026-08-24T17:50:00+0530,163801.0,163877.0,163800.0,163850.0,100
2026-08-24T17:55:00+0530,163843.0,163950.0,163823.0,163943.0,169
2026-08-24T18:00:00+0530,163950.0,163950.0,163703.0,163814.0,346
2026-08-24T18:05:00+0530,163813.0,163990.0,163813.0,163961.0,159
2026-08-24T18:10:00+0530,163990.0,164201.0,163928.0,163952.0,637
2026-08-24T18:15:00+0530,163950.0,164094.0,163900.0,164051.0,84
2026-08-24T18:20:00+0530,164051.0,164185.0,164050.0,164185.0,213
2026-08-24T18:25:00+0530,164173.0,164199.0,164057.0,164117.0,289
2026-08-24T18:30:00+0530,164146.0,164350.0,164131.0,164284.0,383
2026-08-24T18:35:00+0530,164288.0,164500.0,164288.0,164464.0,339
2026-08-24T18:40:00+0530,164490.0,164659.0,164480.0,164600.0,377
2026-08-24T18:45:00+0530,164601.0,164649.0,164421.0,164522.0,219
2026-08-24T18:50:00+0530,164501.0,164536.0,164400.0,164500.0,195
2026-08-24T18:55:00+0530,164500.0,164590.0,164421.0,164535.0,161
2026-08-24T19:00:00+0530,164500.0,164650.0,164500.0,164649.0,256
2026-08-24T19:05:00+0530,164649.0,164678.0,164436.0,164455.0,289
2026-08-24T19:10:00+0530,164398.0,164550.0,164200.0,164201.0,266
2026-08-24T19:15:00+0530,164201.0,164600.0,164092.0,164529.0,348
2026-08-24T19:20:00+0530,164505.0,164534.0,164199.0,164410.0,222
2026-08-24T19:25:00+0530,164420.0,164454.0,164251.0,164317.0,112
2026-08-24T19:30:00+0530,164320.0,164390.0,164250.0,164283.0,92
2026-08-24T19:35:00+0530,164300.0,164470.0,164220.0,164470.0,107
2026-08-24T19:40:00+0530,164470.0,164500.0,164306.0,164436.0,102
2026-08-24T19:45:00+0530,164410.0,164425.0,164113.0,164376.0,245
2026-08-24T19:50:00+0530,164331.0,164450.0,164325.0,164412.0,114
2026-08-24T19:55:00+0530,164400.0,164555.0,164387.0,164494.0,150
2026-08-24T20:00:00+0530,164496.0,164589.0,164450.0,164589.0,85
2026-08-24T20:05:00+0530,164575.0,164600.0,164496.0,164540.0,107
2026-08-24T20:10:00+0530,164540.0,164581.0,164400.0,164455.0,113
2026-08-24T20:15:00+0530,164532.0,164532.0,164320.0,164338.0,104
2026-08-24T20:20:00+0530,164324.0,164425.0,164184.0,164425.0,277
2026-08-24T20:25:00+0530,164417.0,164540.0,164392.0,164469.0,151
2026-08-24T20:30:00+0530,164450.0,164502.0,164314.0,164500.0,93
2026-08-24T20:35:00+0530,164502.0,164509.0,164401.0,164468.0,81
2026-08-24T20:40:00+0530,164458.0,164469.0,164412.0,164412.0,31
2026-08-24T20:45:00+0530,164426.0,164455.0,164401.0,164455.0,52
2026-08-24T20:50:00+0530,164450.0,164460.0,164420.0,164420.0,12
2026-08-24T20:55:00+0530,164412.0,164540.0,164383.0,164450.0,128
2026-08-24T21:00:00+0530,164502.0,164527.0,164354.0,164400.0,117
2026-08-24T21:05:00+0530,164419.0,164457.0,164306.0,164332.0,51
2026-08-24T21:10:00+0530,164315.0,164315.0,164100.0,164157.0,242
2026-08-24T21:15:00+0530,164150.0,164199.0,163567.0,163567.0,690
2026-08-24T21:20:00+0530,163561.0,163944.0,163561.0,163741.0,483
2026-08-24T21:25:00+0530,163774.0,163774.0,163344.0,163643.0,641
2026-08-24T21:30:00+0530,163624.0,164074.0,163581.0,163990.0,342
2026-08-24T21:35:00+0530,163950.0,164048.0,163842.0,163864.0,128
2026-08-24T21:40:00+0530,163876.0,163979.0,163842.0,163969.0,53
2026-08-24T21:45:00+0530,163979.0,164075.0,163931.0,164050.0,120
2026-08-24T21:50:00+0530,164022.0,164060.0,163950.0,163950.0,53
2026-08-24T21:55:00+0530,163948.0,164044.0,163940.0,164000.0,59
2026-08-24T22:00:00+0530,164000.0,164050.0,163983.0,164007.0,59
2026-08-24T22:05:00+0530,164030.0,164062.0,164007.0,164030.0,46
2026-08-24T22:10:00+0530,164030.0,164056.0,164000.0,164008.0,43
2026-08-24T22:15:00+0530,164000.0,164022.0,163880.0,163938.0,49
2026-08-24T22:20:00+0530,163904.0,163922.0,163801.0,163825.0,43
2026-08-24T22:25:00+0530,163795.0,163795.0,163510.0,163668.0,275
2026-08-24T22:30:00+0530,163650.0,163691.0,163507.0,163574.0,158
2026-08-24T22:35:00+0530,163550.0,163851.0,163509.0,163795.0,162
2026-08-24T22:40:00+0530,163795.0,163800.0,163722.0,163723.0,48
2026-08-24T22:45:00+0530,163756.0,163793.0,163650.0,163680.0,52
2026-08-24T22:50:00+0530,163607.0,163607.0,163100.0,163350.0,645
2026-08-24T22:55:00+0530,163319.0,163519.0,163173.0,163345.0,278
2026-08-24T23:00:00+0530,163338.0,163409.0,163256.0,163267.0,129
2026-08-24T23:05:00+0530,163266.0,163420.0,163230.0,163411.0,102
2026-08-24T23:10:00+0530,163411.0,163420.0,163260.0,163315.0,108
2026-08-24T23:15:00+0530,163306.0,163313.0,163116.0,163124.0,166
2026-08-24T23:20:00+0530,163116.0,163200.0,163030.0,163030.0,270
2026-08-24T23:25:00+0530,163023.0,163200.0,163001.0,163119.0,322
2026-08-25T09:00:00+0530,163013.0,163437.0,163000.0,163400.0,545
2026-08-25T09:05:00+0530,163380.0,163436.0,163134.0,163175.0,337
2026-08-25T09:10:00+0530,163211.0,163240.0,163113.0,163148.0,205
2026-08-25T09:15:00+0530,163139.0,163139.0,162862.0,162904.0,578
2026-08-25T09:20:00+0530,162898.0,163100.0,162845.0,163015.0,275
2026-08-25T09:25:00+0530,163045.0,163086.0,162922.0,162950.0,149
2026-08-25T09:30:00+0530,162947.0,163079.0,162852.0,163031.0,174
2026-08-25T09:35:00+0530,162993.0,163098.0,162939.0,163075.0,82
2026-08-25T09:40:00+0530,163099.0,163214.0,163057.0,163214.0,114
2026-08-25T09:45:00+0530,163178.0,163206.0,163060.0,163087.0,110
2026-08-25T09:50:00+0530,163085.0,163112.0,162950.0,163010.0,110
2026-08-25T09:55:00+0530,163002.0,163004.0,162845.0,162856.0,167
2026-08-25T10:00:00+0530,162847.0,162999.0,162652.0,162773.0,318
2026-08-25T10:05:00+0530,162747.0,162814.0,162597.0,162597.0,396
2026-08-25T10:10:00+0530,162605.0,162630.0,162500.0,162600.0,492
2026-08-25T10:15:00+0530,162600.0,162601.0,162477.0,162568.0,212
2026-08-25T10:20:00+0530,162555.0,162652.0,162527.0,162646.0,90
2026-08-25T10:25:00+0530,162609.0,162664.0,162554.0,162571.0,122
2026-08-25T10:30:00+0530,162571.0,162779.0,162527.0,162747.0,137
2026-08-25T10:35:00+0530,162820.0,163146.0,162820.0,162965.0,297
2026-08-25T10:40:00+0530,162970.0,163136.0,162965.0,163134.0,137
2026-08-25T10:45:00+0530,163095.0,163408.0,163095.0,163400.0,322
2026-08-25T10:50:00+0530,163416.0,163496.0,163302.0,163382.0,393
2026-08-25T10:55:00+0530,163375.0,163580.0,163340.0,163470.0,361
2026-08-25T11:00:00+0530,163500.0,163500.0,163231.0,163364.0,153
2026-08-25T11:05:00+0530,163394.0,163500.0,163373.0,163390.0,153
2026-08-25T11:10:00+0530,163390.0,163390.0,163177.0,163211.0,148
2026-08-25T11:15:00+0530,163211.0,163320.0,163100.0,163237.0,98
2026-08-25T11:20:00+0530,163246.0,163350.0,163175.0,163316.0,76
2026-08-25T11:25:00+0530,163383.0,163477.0,163343.0,163404.0,102
2026-08-25T11:30:00+0530,163366.0,163467.0,163366.0,163440.0,81
2026-08-25T11:35:00+0530,163439.0,163500.0,163400.0,163471.0,97
2026-08-25T11:40:00+0530,163472.0,163629.0,163472.0,163566.0,188
2026-08-25T11:45:00+0530,163566.0,163598.0,163422.0,163458.0,126
2026-08-25T11:50:00+0530,163476.0,163665.0,163400.0,163665.0,118
2026-08-25T11:55:00+0530,163621.0,163792.0,163621.0,163702.0,215
2026-08-25T12:00:00+0530,163689.0,163788.0,163601.0,163751.0,120
2026-08-25T12:05:00+0530,163750.0,163764.0,163622.0,163670.0,129
2026-08-25T12:10:00+0530,163676.0,163739.0,163598.0,163625.0,94
2026-08-25T12:15:00+0530,163600.0,163621.0,163551.0,163583.0,89
2026-08-25T12:20:00+0530,163575.0,163600.0,163434.0,163434.0,130
2026-08-25T12:25:00+0530,163418.0,163418.0,163254.0,163303.0,120
2026-08-25T12:30:00+0530,163303.0,163413.0,163255.0,163391.0,96
2026-08-25T12:35:00+0530,163390.0,163450.0,163304.0,163424.0,104
2026-08-25T12:40:00+0530,163419.0,163420.0,163328.0,163367.0,77
2026-08-25T12:45:00+0530,163308.0,163397.0,163308.0,163385.0,44
2026-08-25T12:50:00+0530,163360.0,163450.0,163345.0,163386.0,28
2026-08-25T12:55:00+0530,163386.0,163386.0,163141.0,163151.0,154
2026-08-25T13:00:00+0530,163188.0,163299.0,163111.0,163112.0,114
2026-08-25T13:05:00+0530,163111.0,163149.0,163051.0,163149.0,105
2026-08-25T13:10:00+0530,163149.0,163331.0,163125.0,163331.0,72
2026-08-25T13:15:00+0530,163325.0,163386.0,163173.0,163173.0,47
2026-08-25T13:20:00+0530,163161.0,163234.0,163022.0,163035.0,67
2026-08-25T13:25:00+0530,163080.0,163080.0,162960.0,162984.0,101
2026-08-25T13:30:00+0530,162984.0,163004.0,162786.0,162789.0,183
2026-08-25T13:35:00+0530,162789.0,162946.0,162720.0,162815.0,175
2026-08-25T13:40:00+0530,162818.0,162890.0,162780.0,162876.0,63
2026-08-25T13:45:00+0530,162877.0,163049.0,162868.0,162968.0,114
2026-08-25T13:50:00+0530,162982.0,163400.0,162975.0,163400.0,248
2026-08-25T13:55:00+0530,163323.0,163326.0,163045.0,163109.0,91
2026-08-25T14:00:00+0530,163100.0,163153.0,163030.0,163092.0,83
2026-08-25T14:05:00+0530,163052.0,163079.0,162892.0,162901.0,111
2026-08-25T14:10:00+0530,162940.0,162990.0,162818.0,162990.0,76
2026-08-25T14:15:00+0530,163000.0,163066.0,162850.0,162850.0,73
2026-08-25T14:20:00+0530,162855.0,162877.0,162706.0,162777.0,216
2026-08-25T14:25:00+0530,162756.0,162877.0,162750.0,162859.0,93
2026-08-25T14:30:00+0530,162830.0,162830.0,162650.0,162738.0,157
2026-08-25T14:35:00+0530,162691.0,162875.0,162680.0,162872.0,108
2026-08-25T14:40:00+0530,162872.0,162896.0,162804.0,162825.0,64
2026-08-25T14:45:00+0530,162825.0,162937.0,162815.0,162898.0,54
2026-08-25T14:50:00+0530,162902.0,162902.0,162832.0,162848.0,45
2026-08-25T14:55:00+0530,162810.0,162823.0,162725.0,162725.0,78
2026-08-25T15:00:00+0530,162726.0,163000.0,162690.0,162966.0,157
2026-08-25T15:05:00+0530,162982.0,162982.0,162780.0,162780.0,93
2026-08-25T15:10:00+0530,162781.0,162957.0,162781.0,162913.0,139
2026-08-25T15:15:00+0530,162893.0,162992.0,162862.0,162965.0,74
2026-08-25T15:20:00+0530,162965.0,163050.0,162960.0,162974.0,94
2026-08-25T15:25:00+0530,162971.0,162997.0,162891.0,162923.0,80
2026-08-25T15:30:00+0530,162900.0,162923.0,162850.0,162856.0,38
2026-08-25T15:35:00+0530,162890.0,162966.0,162890.0,162907.0,37
2026-08-25T15:40:00+0530,162915.0,162990.0,162907.0,162950.0,39
2026-08-25T15:45:00+0530,162954.0,162995.0,162929.0,162985.0,56
2026-08-25T15:50:00+0530,162994.0,162999.0,162950.0,162957.0,20
2026-08-25T15:55:00+0530,162957.0,162968.0,162932.0,162932.0,14
2026-08-25T16:00:00+0530,162949.0,162949.0,162825.0,162843.0,118
2026-08-25T16:05:00+0530,162850.0,162939.0,162850.0,162935.0,40
2026-08-25T16:10:00+0530,162935.0,163040.0,162929.0,162990.0,73
2026-08-25T16:15:00+0530,162951.0,163059.0,162945.0,162989.0,92
2026-08-25T16:20:00+0530,162987.0,163050.0,162950.0,163010.0,46
2026-08-25T16:25:00+0530,163017.0,163017.0,162918.0,162960.0,46
2026-08-25T16:30:00+0530,162944.0,162990.0,162920.0,162950.0,48
2026-08-25T16:35:00+0530,162989.0,163058.0,162810.0,162885.0,345
2026-08-25T16:40:00+0530,162890.0,162950.0,162875.0,162950.0,40
2026-08-25T16:45:00+0530,163000.0,163114.0,163000.0,163073.0,90
2026-08-25T16:50:00+0530,163071.0,163098.0,163032.0,163072.0,43
2026-08-25T16:55:00+0530,163040.0,163053.0,162965.0,163050.0,56
2026-08-25T17:00:00+0530,163080.0,163156.0,163047.0,163111.0,95
2026-08-25T17:05:00+0530,163111.0,163162.0,163100.0,163162.0,47
2026-08-25T17:10:00+0530,163170.0,163195.0,163125.0,163125.0,82
2026-08-25T17:15:00+0530,163149.0,163289.0,163149.0,163250.0,112
2026-08-25T17:20:00+0530,163277.0,163300.0,163102.0,163175.0,137
2026-08-25T17:25:00+0530,163109.0,163200.0,163109.0,163196.0,39
2026-08-25T17:30:00+0530,163160.0,163166.0,162893.0,162977.0,126
2026-08-25T17:35:00+0530,162910.0,162961.0,162886.0,162953.0,70
2026-08-25T17:40:00+0530,162953.0,163094.0,162943.0,163000.0,58
2026-08-25T17:45:00+0530,162951.0,162999.0,162840.0,162893.0,82
2026-08-25T17:50:00+0530,162997.0,162997.0,162826.0,162848.0,43
2026-08-25T17:55:00+0530,162872.0,162940.0,162851.0,162920.0,32
2026-08-25T18:00:00+0530,162912.0,162963.0,162831.0,162896.0,67
2026-08-25T18:05:00+0530,162863.0,162900.0,162781.0,162788.0,87
2026-08-25T18:10:00+0530,162774.0,163000.0,162749.0,162980.0,94
2026-08-25T18:15:00+0530,162977.0,163088.0,162950.0,163050.0,73
2026-08-25T18:20:00+0530,163067.0,163137.0,163027.0,163050.0,51
2026-08-25T18:25:00+0530,163032.0,163050.0,163000.0,163036.0,62
2026-08-25T18:30:00+0530,163000.0,163000.0,162740.0,162800.0,137
2026-08-25T18:35:00+0530,162810.0,162887.0,162666.0,162758.0,187
2026-08-25T18:40:00+0530,162754.0,162824.0,162432.0,162453.0,515
2026-08-25T18:45:00+0530,162450.0,162598.0,162333.0,162550.0,330
2026-08-25T18:50:00+0530,162547.0,162547.0,162125.0,162125.0,522
2026-08-25T18:55:00+0530,162122.0,162228.0,161864.0,161957.0,623
2026-08-25T19:00:00+0530,161922.0,162346.0,161920.0,162230.0,260
2026-08-25T19:05:00+0530,162253.0,162253.0,161900.0,162039.0,275
2026-08-25T19:10:00+0530,162097.0,162150.0,161900.0,161906.0,202
2026-08-25T19:15:00+0530,161938.0,162000.0,161722.0,161750.0,484
2026-08-25T19:20:00+0530,161750.0,161900.0,161750.0,161829.0,306
2026-08-25T19:25:00+0530,161834.0,162073.0,161786.0,162063.0,162
2026-08-25T19:30:00+0530,162066.0,162237.0,162055.0,162153.0,239
2026-08-25T19:35:00+0530,162170.0,162432.0,162170.0,162344.0,277
2026-08-25T19:40:00+0530,162413.0,162488.0,162268.0,162312.0,216
2026-08-25T19:45:00+0530,162280.0,162400.0,162141.0,162218.0,85
2026-08-25T19:50:00+0530,162218.0,162223.0,162002.0,162210.0,312
2026-08-25T19:55:00+0530,162259.0,162350.0,162100.0,162119.0,159
2026-08-25T20:00:00+0530,162116.0,162284.0,161848.0,162233.0,432
2026-08-25T20:05:00+0530,162233.0,162479.0,162233.0,162470.0,271
2026-08-25T20:10:00+0530,162435.0,162495.0,162319.0,162485.0,182
2026-08-25T20:15:00+0530,162492.0,162555.0,162470.0,162506.0,106
2026-08-25T20:20:00+0530,162529.0,162540.0,162378.0,162435.0,90
2026-08-25T20:25:00+0530,162500.0,162500.0,162398.0,162451.0,25
2026-08-25T20:30:00+0530,162466.0,162490.0,162352.0,162380.0,79
2026-08-25T20:35:00+0530,162400.0,162400.0,162328.0,162336.0,66
2026-08-25T20:40:00+0530,162389.0,162443.0,162359.0,162401.0,27
2026-08-25T20:45:00+0530,162403.0,162585.0,162321.0,162581.0,127
2026-08-25T20:50:00+0530,162586.0,162814.0,162570.0,162726.0,239
2026-08-25T20:55:00+0530,162728.0,162800.0,162650.0,162730.0,94
2026-08-25T21:00:00+0530,162780.0,163079.0,162757.0,163035.0,320
2026-08-25T21:05:00+0530,163034.0,163381.0,163000.0,163280.0,555
2026-08-25T21:10:00+0530,163239.0,163380.0,163230.0,163282.0,188
2026-08-25T21:15:00+0530,163313.0,163344.0,163111.0,163120.0,221
2026-08-25T21:20:00+0530,163129.0,163144.0,163019.0,163100.0,121
2026-08-25T21:25:00+0530,163100.0,163245.0,163099.0,163176.0,113
2026-08-25T21:30:00+0530,163242.0,163242.0,163108.0,163109.0,160
2026-08-25T21:35:00+0530,163108.0,163108.0,162989.0,163000.0,102
2026-08-25T21:40:00+0530,162952.0,162986.0,162855.0,162929.0,113
2026-08-25T21:45:00+0530,162900.0,163026.0,162860.0,162956.0,88
2026-08-25T21:50:00+0530,162941.0,162941.0,162756.0,162826.0,89
2026-08-25T21:55:00+0530,162885.0,162900.0,162838.0,162840.0,58
2026-08-25T22:00:00+0530,162800.0,162861.0,162770.0,162822.0,50
2026-08-25T22:05:00+0530,162810.0,163000.0,162769.0,163000.0,66
2026-08-25T22:10:00+0530,163000.0,163045.0,162903.0,162967.0,106
2026-08-25T22:15:00+0530,162955.0,162975.0,162884.0,162975.0,25
2026-08-25T22:20:00+0530,163003.0,163009.0,162873.0,162946.0,71
2026-08-25T22:25:00+0530,162944.0,162944.0,162825.0,162933.0,66
2026-08-25T22:30:00+0530,162933.0,162933.0,162790.0,162818.0,79
2026-08-25T22:35:00+0530,162800.0,162801.0,162590.0,162600.0,158
2026-08-25T22:40:00+0530,162649.0,162649.0,162548.0,162648.0,128
2026-08-25T22:45:00+0530,162620.0,162795.0,162573.0,162766.0,111
2026-08-25T22:50:00+0530,162799.0,162844.0,162689.0,162709.0,44
2026-08-25T22:55:00+0530,162716.0,162774.0,162665.0,162665.0,55
2026-08-25T23:00:00+0530,162708.0,162720.0,162654.0,162718.0,49
2026-08-25T23:05:00+0530,162719.0,162806.0,162685.0,162800.0,54
2026-08-25T23:10:00+0530,162782.0,162823.0,162755.0,162814.0,32
2026-08-25T23:15:00+0530,162793.0,162850.0,162771.0,162849.0,110
2026-08-25T23:20:00+0530,162849.0,162904.0,162763.0,162872.0,211
2026-08-25T23:25:00+0530,162875.0,162994.0,162830.0,162994.0,179
2026-08-26T09:00:00+0530,162994.0,163269.0,162914.0,163198.0,452
2026-08-26T09:05:00+0530,163197.0,163200.0,163051.0,163070.0,174
2026-08-26T09:10:00+0530,163080.0,163112.0,162925.0,162925.0,174
2026-08-26T09:15:00+0530,162925.0,163000.0,162868.0,162960.0,127
2026-08-26T09:20:00+0530,162995.0,163082.0,162943.0,163019.0,120
2026-08-26T09:25:00+0530,163010.0,163055.0,162922.0,162972.0,88
2026-08-26T09:30:00+0530,162930.0,162982.0,162916.0,162950.0,62
2026-08-26T09:35:00+0530,162950.0,163000.0,162934.0,162998.0,56
2026-08-26T09:40:00+0530,163000.0,163060.0,162998.0,162998.0,69
2026-08-26T09:45:00+0530,162994.0,163044.0,162945.0,163022.0,55
2026-08-26T09:50:00+0530,163022.0,163026.0,162941.0,162955.0,27
2026-08-26T09:55:00+0530,162979.0,162979.0,162900.0,162935.0,53
2026-08-26T10:00:00+0530,162907.0,163084.0,162890.0,163080.0,134
2026-08-26T10:05:00+0530,163053.0,163076.0,163007.0,163007.0,41
2026-08-26T10:10:00+0530,163027.0,163033.0,163000.0,163005.0,90
2026-08-26T10:15:00+0530,163001.0,163015.0,162928.0,162964.0,54
2026-08-26T10:20:00+0530,162960.0,162993.0,162930.0,162970.0,41
2026-08-26T10:25:00+0530,162952.0,162995.0,162931.0,162963.0,40
2026-08-26T10:30:00+0530,162990.0,163100.0,162965.0,163086.0,137
2026-08-26T10:35:00+0530,163086.0,163150.0,163030.0,163138.0,135
2026-08-26T10:40:00+0530,163149.0,163168.0,163055.0,163079.0,40
2026-08-26T10:45:00+0530,163080.0,163117.0,163021.0,163076.0,63
2026-08-26T10:50:00+0530,163076.0,163076.0,162935.0,163025.0,79
2026-08-26T10:55:00+0530,163040.0,163102.0,163000.0,163051.0,49
2026-08-26T11:00:00+0530,162984.0,163173.0,162984.0,163119.0,102
2026-08-26T11:05:00+0530,163107.0,163107.0,162906.0,162920.0,138
2026-08-26T11:10:00+0530,162999.0,163000.0,162850.0,162868.0,85
2026-08-26T11:15:00+0530,162857.0,162880.0,162800.0,162812.0,104
2026-08-26T11:20:00+0530,162803.0,162910.0,162777.0,162896.0,59
2026-08-26T11:25:00+0530,162882.0,162900.0,162850.0,162887.0,22
2026-08-26T11:30:00+0530,162863.0,162880.0,162766.0,162880.0,114
2026-08-26T11:35:00+0530,162880.0,162880.0,162781.0,162781.0,94
2026-08-26T11:40:00+0530,162800.0,162802.0,162767.0,162802.0,36
2026-08-26T11:45:00+0530,162781.0,162800.0,162500.0,162586.0,344
2026-08-26T11:50:00+0530,162529.0,162586.0,162286.0,162387.0,310
2026-08-26T11:55:00+0530,162382.0,162464.0,162279.0,162380.0,193
2026-08-26T12:00:00+0530,162350.0,162585.0,162318.0,162558.0,130
2026-08-26T12:05:00+0530,162591.0,162591.0,162452.0,162571.0,100
2026-08-26T12:10:00+0530,162580.0,162658.0,162560.0,162636.0,104
2026-08-26T12:15:00+0530,162676.0,162778.0,162642.0,162725.0,76
2026-08-26T12:20:00+0530,162700.0,162700.0,162543.0,162550.0,86
2026-08-26T12:25:00+0530,162553.0,162619.0,162440.0,162612.0,196
2026-08-26T12:30:00+0530,162600.0,162720.0,162600.0,162680.0,132
2026-08-26T12:35:00+0530,162660.0,162700.0,162509.0,162559.0,111
2026-08-26T12:40:00+0530,162561.0,162650.0,162561.0,162635.0,46
2026-08-26T12:45:00+0530,162650.0,162687.0,162569.0,162611.0,19
2026-08-26T12:50:00+0530,162562.0,162640.0,162524.0,162575.0,65
2026-08-26T12:55:00+0530,162558.0,162586.0,162454.0,162465.0,28
2026-08-26T13:00:00+0530,162498.0,162600.0,162498.0,162590.0,70
2026-08-26T13:05:00+0530,162590.0,162655.0,162558.0,162574.0,130
2026-08-26T13:10:00+0530,162585.0,162599.0,162513.0,162570.0,70
2026-08-26T13:15:00+0530,162517.0,162666.0,162517.0,162590.0,25
2026-08-26T13:20:00+0530,162590.0,162599.0,162488.0,162488.0,50
2026-08-26T13:25:00+0530,162488.0,162488.0,162423.0,162468.0,82
2026-08-26T13:30:00+0530,162463.0,162604.0,162430.0,162530.0,62
2026-08-26T13:35:00+0530,162564.0,162564.0,162430.0,162479.0,48
2026-08-26T13:40:00+0530,162511.0,162511.0,162400.0,162400.0,74
2026-08-26T13:45:00+0530,162400.0,162449.0,162290.0,162348.0,142
2026-08-26T13:50:00+0530,162348.0,162348.0,162203.0,162288.0,122
2026-08-26T13:55:00+0530,162310.0,162479.0,162310.0,162465.0,69
2026-08-26T14:00:00+0530,162488.0,162488.0,162321.0,162400.0,54
2026-08-26T14:05:00+0530,162385.0,162454.0,162350.0,162372.0,65
2026-08-26T14:10:00+0530,162372.0,162423.0,162372.0,162391.0,10
2026-08-26T14:15:00+0530,162391.0,162422.0,162364.0,162364.0,20
2026-08-26T14:20:00+0530,162343.0,162359.0,162300.0,162300.0,36
2026-08-26T14:25:00+0530,162300.0,162354.0,162270.0,162315.0,70
2026-08-26T14:30:00+0530,162315.0,162450.0,162315.0,162333.0,105
2026-08-26T14:35:00+0530,162353.0,162421.0,162300.0,162300.0,53
2026-08-26T14:40:00+0530,162300.0,162400.0,162250.0,162250.0,54
2026-08-26T14:45:00+0530,162241.0,162254.0,162130.0,162130.0,167
2026-08-26T14:50:00+0530,162130.0,162143.0,162041.0,162087.0,166
2026-08-26T14:55:00+0530,162090.0,162102.0,162007.0,162020.0,147
2026-08-26T15:00:00+0530,162020.0,162192.0,162016.0,162180.0,117
2026-08-26T15:05:00+0530,162158.0,162207.0,162150.0,162170.0,48
2026-08-26T15:10:00+0530,162167.0,162239.0,162150.0,162236.0,55
2026-08-26T15:15:00+0530,162248.0,162319.0,162214.0,162280.0,110
2026-08-26T15:20:00+0530,162280.0,162310.0,162250.0,162288.0,89
2026-08-26T15:25:00+0530,162290.0,162298.0,162196.0,162203.0,37
2026-08-26T15:30:00+0530,162188.0,162199.0,162125.0,162192.0,39
2026-08-26T15:35:00+0530,162199.0,162225.0,162131.0,162180.0,60
2026-08-26T15:40:00+0530,162133.0,162138.0,162060.0,162101.0,109
2026-08-26T15:45:00+0530,162097.0,162115.0,162050.0,162050.0,68
2026-08-26T15:50:00+0530,162045.0,162071.0,161934.0,162040.0,270
2026-08-26T15:55:00+0530,162040.0,162040.0,161910.0,161933.0,157
2026-08-26T16:00:00+0530,161947.0,162089.0,161940.0,162082.0,119
2026-08-26T16:05:00+0530,162069.0,162194.0,162050.0,162175.0,72
2026-08-26T16:10:00+0530,162160.0,162175.0,162120.0,162120.0,55
2026-08-26T16:15:00+0530,162124.0,162168.0,162119.0,162119.0,30
2026-08-26T16:20:00+0530,162159.0,162159.0,162074.0,162100.0,43
2026-08-26T16:25:00+0530,162096.0,162113.0,162046.0,162061.0,120
2026-08-26T16:30:00+0530,162052.0,162115.0,162041.0,162100.0,66
2026-08-26T16:35:00+0530,162098.0,162100.0,161980.0,161983.0,85
2026-08-26T16:40:00+0530,162032.0,162032.0,161945.0,161999.0,50
2026-08-26T16:45:00+0530,161973.0,162154.0,161961.0,162142.0,91
2026-08-26T16:50:00+0530,162100.0,162129.0,161981.0,161999.0,45
2026-08-26T16:55:00+0530,161986.0,162150.0,161986.0,162102.0,37
2026-08-26T17:00:00+0530,162100.0,162165.0,162051.0,162067.0,56
2026-08-26T17:05:00+0530,162071.0,162102.0,161979.0,162008.0,78
2026-08-26T17:10:00+0530,162000.0,162054.0,161975.0,162054.0,36
2026-08-26T17:15:00+0530,162054.0,162066.0,162001.0,162066.0,41
2026-08-26T17:20:00+0530,162078.0,162130.0,162037.0,162064.0,157
2026-08-26T17:25:00+0530,162095.0,162281.0,162062.0,162243.0,114
2026-08-26T17:30:00+0530,162241.0,162505.0,162217.0,162354.0,352
2026-08-26T17:35:00+0530,162400.0,162520.0,162379.0,162453.0,123
2026-08-26T17:40:00+0530,162456.0,162463.0,162350.0,162420.0,56
2026-08-26T17:45:00+0530,162403.0,162500.0,162372.0,162477.0,97
2026-08-26T17:50:00+0530,162486.0,162486.0,162382.0,162405.0,120
2026-08-26T17:55:00+0530,162412.0,162525.0,162402.0,162500.0,160
2026-08-26T18:00:00+0530,162490.0,162573.0,161902.0,162261.0,745
2026-08-26T18:05:00+0530,162298.0,162341.0,162127.0,162223.0,166
2026-08-26T18:10:00+0530,162180.0,162248.0,162011.0,162200.0,206
2026-08-26T18:15:00+0530,162150.0,162225.0,162015.0,162200.0,118
2026-08-26T18:20:00+0530,162123.0,162223.0,161904.0,162025.0,217
2026-08-26T18:25:00+0530,162011.0,162090.0,161921.0,162000.0,185
2026-08-26T18:30:00+0530,162000.0,162156.0,161812.0,161942.0,366
2026-08-26T18:35:00+0530,161918.0,162066.0,161825.0,161825.0,174
2026-08-26T18:40:00+0530,161825.0,161901.0,161800.0,161845.0,216
2026-08-26T18:45:00+0530,161850.0,161915.0,161599.0,161867.0,517
2026-08-26T18:50:00+0530,161868.0,161957.0,161762.0,161866.0,215
2026-08-26T18:55:00+0530,161887.0,161888.0,161741.0,161846.0,135
2026-08-26T19:00:00+0530,161856.0,162056.0,161850.0,161974.0,387
2026-08-26T19:05:00+0530,161973.0,162024.0,161892.0,161892.0,162
2026-08-26T19:10:00+0530,161886.0,162199.0,161800.0,162157.0,339
2026-08-26T19:15:00+0530,162104.0,162263.0,162090.0,162240.0,238
2026-08-26T19:20:00+0530,162250.0,162350.0,162190.0,162242.0,350
2026-08-26T19:25:00+0530,162252.0,162374.0,162212.0,162344.0,218
2026-08-26T19:30:00+0530,162348.0,162412.0,162161.0,162180.0,267
2026-08-26T19:35:00+0530,162180.0,162199.0,162075.0,162136.0,161
2026-08-26T19:40:00+0530,162105.0,162222.0,162075.0,162082.0,72
2026-08-26T19:45:00+0530,162088.0,162185.0,162088.0,162153.0,59
2026-08-26T19:50:00+0530,162170.0,162271.0,162128.0,162134.0,62
2026-08-26T19:55:00+0530,162131.0,162153.0,162050.0,162050.0,102
2026-08-26T20:00:00+0530,162050.0,162067.0,161950.0,162050.0,109
2026-08-26T20:05:00+0530,162047.0,162050.0,161952.0,162050.0,62
2026-08-26T20:10:00+0530,162026.0,162197.0,162026.0,162150.0,55
2026-08-26T20:15:00+0530,162162.0,162185.0,161907.0,161927.0,87
2026-08-26T20:20:00+0530,161927.0,161990.0,161800.0,161828.0,103
2026-08-26T20:25:00+0530,161811.0,161900.0,161620.0,161620.0,252
2026-08-26T20:30:00+0530,161620.0,161655.0,161306.0,161432.0,739
2026-08-26T20:35:00+0530,161424.0,161424.0,161050.0,161262.0,769
2026-08-26T20:40:00+0530,161265.0,161299.0,161009.0,161013.0,483
2026-08-26T20:45:00+0530,161013.0,161160.0,160780.0,161080.0,633
2026-08-26T20:50:00+0530,161087.0,161225.0,161033.0,161086.0,240
2026-08-26T20:55:00+0530,161082.0,161399.0,161065.0,161300.0,289
2026-08-26T21:00:00+0530,161290.0,161400.0,161265.0,161325.0,226
2026-08-26T21:05:00+0530,161333.0,161484.0,161281.0,161400.0,205
2026-08-26T21:10:00+0530,161421.0,161499.0,161389.0,161499.0,220
2026-08-26T21:15:00+0530,161500.0,161660.0,161500.0,161601.0,263
2026-08-26T21:20:00+0530,161600.0,161600.0,161200.0,161261.0,290
2026-08-26T21:25:00+0530,161264.0,161406.0,161100.0,161111.0,242
2026-08-26T21:30:00+0530,161105.0,161205.0,160937.0,161198.0,308
2026-08-26T21:35:00+0530,161158.0,161296.0,161158.0,161200.0,113
2026-08-26T21:40:00+0530,161216.0,161220.0,161048.0,161119.0,201
2026-08-26T21:45:00+0530,161095.0,161102.0,161040.0,161090.0,108
2026-08-26T21:50:00+0530,161092.0,161092.0,160927.0,160985.0,241
2026-08-26T21:55:00+0530,160985.0,160988.0,160882.0,160900.0,287
2026-08-26T22:00:00+0530,160917.0,160960.0,160700.0,160779.0,391
2026-08-26T22:05:00+0530,160760.0,160855.0,160610.0,160639.0,267
2026-08-26T22:10:00+0530,160610.0,160710.0,160555.0,160555.0,294
2026-08-26T22:15:00+0530,160599.0,160749.0,160556.0,160700.0,231
2026-08-26T22:20:00+0530,160708.0,160750.0,160400.0,160447.0,327
2026-08-26T22:25:00+0530,160390.0,160476.0,160334.0,160413.0,268
2026-08-26T22:30:00+0530,160418.0,160498.0,160351.0,160366.0,179
2026-08-26T22:35:00+0530,160395.0,160395.0,160260.0,160292.0,326
2026-08-26T22:40:00+0530,160305.0,160305.0,160177.0,160240.0,275
2026-08-26T22:45:00+0530,160260.0,160400.0,160260.0,160350.0,161
2026-08-26T22:50:00+0530,160346.0,160518.0,160345.0,160350.0,206
2026-08-26T22:55:00+0530,160350.0,160350.0,160246.0,160280.0,172
2026-08-26T23:00:00+0530,160292.0,160350.0,160185.0,160320.0,237
2026-08-26T23:05:00+0530,160300.0,160326.0,159810.0,159915.0,532
2026-08-26T23:10:00+0530,159927.0,160026.0,159833.0,159921.0,393
2026-08-26T23:15:00+0530,159921.0,159950.0,159760.0,159772.0,298
2026-08-26T23:20:00+0530,159787.0,159799.0,159250.0,159343.0,716
2026-08-26T23:25:00+0530,159342.0,159455.0,159001.0,159184.0,1050
2026-08-27T09:00:00+0530,160763.0,161038.0,160102.0,160269.0,1343
2026-08-27T09:05:00+0530,160200.0,160543.0,160069.0,160420.0,546
2026-08-27T09:10:00+0530,160428.0,160558.0,160351.0,160558.0,259
2026-08-27T09:15:00+0530,160581.0,160588.0,160338.0,160397.0,204
2026-08-27T09:20:00+0530,160381.0,160435.0,160210.0,160278.0,127
2026-08-27T09:25:00+0530,160278.0,160288.0,160027.0,160086.0,244
2026-08-27T09:30:00+0530,160123.0,160275.0,160047.0,160248.0,275
2026-08-27T09:35:00+0530,160201.0,160231.0,160062.0,160111.0,122
2026-08-27T09:40:00+0530,160115.0,160140.0,159715.0,159801.0,368
2026-08-27T09:45:00+0530,159791.0,159830.0,159400.0,159450.0,520
2026-08-27T09:50:00+0530,159404.0,159537.0,158415.0,158415.0,1754
2026-08-27T09:55:00+0530,158469.0,158590.0,156666.0,157896.0,3318
2026-08-27T10:00:00+0530,157849.0,158098.0,157200.0,158032.0,1518
2026-08-27T10:05:00+0530,158001.0,158633.0,157632.0,157780.0,1215
2026-08-27T10:10:00+0530,157799.0,158000.0,157616.0,157897.0,558
2026-08-27T10:15:00+0530,157897.0,158300.0,157828.0,158231.0,555
2026-08-27T10:20:00+0530,158233.0,159045.0,158233.0,159021.0,1260
2026-08-27T10:25:00+0530,159058.0,159874.0,158923.0,159799.0,1432
2026-08-27T10:30:00+0530,159849.0,160182.0,159178.0,159450.0,1078
2026-08-27T10:35:00+0530,159448.0,159737.0,159301.0,159607.0,284
2026-08-27T10:40:00+0530,159535.0,159561.0,159444.0,159504.0,171
2026-08-27T10:45:00+0530,159510.0,159551.0,159250.0,159250.0,448
2026-08-27T10:50:00+0530,159251.0,159444.0,159111.0,159206.0,383
2026-08-27T10:55:00+0530,159210.0,159285.0,159066.0,159066.0,181
2026-08-27T11:00:00+0530,159055.0,159076.0,158366.0,158450.0,761
2026-08-27T11:05:00+0530,158500.0,158700.0,158383.0,158452.0,299
2026-08-27T11:10:00+0530,158475.0,158550.0,158252.0,158252.0,372
2026-08-27T11:15:00+0530,158263.0,158616.0,158249.0,158291.0,462
2026-08-27T11:20:00+0530,158300.0,158460.0,158121.0,158430.0,296
2026-08-27T11:25:00+0530,158399.0,158555.0,158360.0,158472.0,184
2026-08-27T11:30:00+0530,158507.0,158507.0,158200.0,158387.0,143
2026-08-27T11:35:00+0530,158372.0,158533.0,158230.0,158295.0,267
2026-08-27T11:40:00+0530,158362.0,158494.0,158280.0,158478.0,199
2026-08-27T11:45:00+0530,158427.0,158597.0,158350.0,158535.0,96
2026-08-27T11:50:00+0530,158525.0,158854.0,158525.0,158839.0,264
2026-08-27T11:55:00+0530,158842.0,158950.0,158764.0,158911.0,162
2026-08-27T12:00:00+0530,158983.0,159008.0,158672.0,158705.0,241
2026-08-27T12:05:00+0530,158715.0,158732.0,158525.0,158683.0,164
2026-08-27T12:10:00+0530,158657.0,158795.0,158615.0,158750.0,98
2026-08-27T12:15:00+0530,158750.0,158872.0,158717.0,158718.0,102
2026-08-27T12:20:00+0530,158750.0,158824.0,158645.0,158680.0,62
2026-08-27T12:25:00+0530,158683.0,158688.0,158422.0,158495.0,214
2026-08-27T12:30:00+0530,158520.0,158651.0,158468.0,158622.0,95
2026-08-27T12:35:00+0530,158571.0,158682.0,158571.0,158571.0,85
2026-08-27T12:40:00+0530,158582.0,158596.0,158506.0,158582.0,54
2026-08-27T12:45:00+0530,158575.0,158575.0,158450.0,158470.0,108
2026-08-27T12:50:00+0530,158450.0,158567.0,158411.0,158521.0,160
2026-08-27T12:55:00+0530,158549.0,158756.0,158499.0,158750.0,209
2026-08-27T13:00:00+0530,158700.0,158770.0,158577.0,158650.0,158
2026-08-27T13:05:00+0530,158670.0,158783.0,158623.0,158719.0,53
2026-08-27T13:10:00+0530,158690.0,159141.0,158690.0,159009.0,356
2026-08-27T13:15:00+0530,159050.0,159294.0,159050.0,159106.0,258
2026-08-27T13:20:00+0530,159150.0,159249.0,159057.0,159222.0,110
2026-08-27T13:25:00+0530,159193.0,159358.0,159193.0,159311.0,157
2026-08-27T13:30:00+0530,159300.0,159664.0,159300.0,159583.0,278
2026-08-27T13:35:00+0530,159577.0,159577.0,159385.0,159400.0,108
2026-08-27T13:40:00+0530,159403.0,159480.0,159403.0,159431.0,71
2026-08-27T13:45:00+0530,159431.0,159452.0,159150.0,159150.0,180
2026-08-27T13:50:00+0530,159125.0,159380.0,159040.0,159360.0,144
2026-08-27T13:55:00+0530,159360.0,159387.0,159171.0,159250.0,155
2026-08-27T14:00:00+0530,159230.0,159244.0,159106.0,159106.0,63
2026-08-27T14:05:00+0530,159106.0,159106.0,158956.0,158972.0,108
2026-08-27T14:10:00+0530,158984.0,158984.0,158829.0,158829.0,107
2026-08-27T14:15:00+0530,158876.0,159090.0,158868.0,159090.0,59
2026-08-27T14:20:00+0530,159107.0,159191.0,159107.0,159159.0,62
2026-08-27T14:25:00+0530,159159.0,159209.0,159149.0,159164.0,37
2026-08-27T14:30:00+0530,159170.0,159170.0,158849.0,158849.0,112
2026-08-27T14:35:00+0530,158848.0,159010.0,158800.0,158950.0,100
2026-08-27T14:40:00+0530,158987.0,159041.0,158944.0,158995.0,33
2026-08-27T14:45:00+0530,158949.0,159094.0,158949.0,159006.0,51
2026-08-27T14:50:00+0530,159002.0,159050.0,158938.0,158998.0,46
2026-08-27T14:55:00+0530,158977.0,159008.0,158872.0,158998.0,69
2026-08-27T15:00:00+0530,159025.0,159035.0,158927.0,158954.0,32
2026-08-27T15:05:00+0530,158897.0,158938.0,158610.0,158670.0,377
2026-08-27T15:10:00+0530,158670.0,158752.0,158602.0,158680.0,118
2026-08-27T15:15:00+0530,158650.0,158698.0,158602.0,158690.0,114
2026-08-27T15:20:00+0530,158690.0,158732.0,158628.0,158670.0,66
2026-08-27T15:25:00+0530,158628.0,158635.0,158500.0,158502.0,162
2026-08-27T15:30:00+0530,158513.0,158513.0,158072.0,158260.0,474
2026-08-27T15:35:00+0530,158228.0,158469.0,158158.0,158421.0,196
2026-08-27T15:40:00+0530,158450.0,158598.0,158399.0,158532.0,113
2026-08-27T15:45:00+0530,158517.0,158583.0,158411.0,158490.0,99
2026-08-27T15:50:00+0530,158501.0,158530.0,158441.0,158478.0,79
2026-08-27T15:55:00+0530,158483.0,158541.0,158452.0,158460.0,58
2026-08-27T16:00:00+0530,158410.0,158439.0,158315.0,158360.0,77
2026-08-27T16:05:00+0530,158366.0,158366.0,158230.0,158305.0,78
2026-08-27T16:10:00+0530,158299.0,158600.0,158271.0,158600.0,79
2026-08-27T16:15:00+0530,158600.0,158635.0,158560.0,158630.0,99
2026-08-27T16:20:00+0530,158645.0,158660.0,158600.0,158608.0,69
2026-08-27T16:25:00+0530,158659.0,158659.0,158520.0,158623.0,101
2026-08-27T16:30:00+0530,158599.0,158670.0,158475.0,158475.0,82
2026-08-27T16:35:00+0530,158506.0,158537.0,158476.0,158537.0,39
2026-08-27T16:40:00+0530,158501.0,158560.0,158494.0,158545.0,57
2026-08-27T16:45:00+0530,158581.0,158638.0,158580.0,158615.0,59
2026-08-27T16:50:00+0530,158615.0,158650.0,158576.0,158650.0,78
2026-08-27T16:55:00+0530,158647.0,158684.0,158604.0,158608.0,46
2026-08-27T17:00:00+0530,158643.0,158814.0,158608.0,158718.0,156
2026-08-27T17:05:00+0530,158715.0,158973.0,158690.0,158924.0,252
2026-08-27T17:10:00+0530,158923.0,158946.0,158855.0,158860.0,86
2026-08-27T17:15:00+0530,158854.0,158854.0,158608.0,158637.0,84
2026-08-27T17:20:00+0530,158639.0,158754.0,158603.0,158707.0,74
2026-08-27T17:25:00+0530,158751.0,158756.0,158651.0,158651.0,45
2026-08-27T17:30:00+0530,158664.0,158711.0,158612.0,158650.0,88
2026-08-27T17:35:00+0530,158643.0,158643.0,158386.0,158495.0,139
2026-08-27T17:40:00+0530,158490.0,158490.0,158360.0,158360.0,94
2026-08-27T17:45:00+0530,158375.0,158520.0,158351.0,158465.0,80
2026-08-27T17:50:00+0530,158500.0,158599.0,158450.0,158508.0,73
2026-08-27T17:55:00+0530,158508.0,158575.0,158451.0,158510.0,60
2026-08-27T18:00:00+0530,158560.0,158560.0,158425.0,158425.0,139
2026-08-27T18:05:00+0530,158425.0,158450.0,158210.0,158283.0,217
2026-08-27T18:10:00+0530,158251.0,158368.0,158230.0,158285.0,148
2026-08-27T18:15:00+0530,158285.0,158285.0,158150.0,158150.0,146
2026-08-27T18:20:00+0530,158144.0,158328.0,158090.0,158323.0,356
2026-08-27T18:25:00+0530,158325.0,158416.0,158262.0,158277.0,149
2026-08-27T18:30:00+0530,158266.0,158330.0,158100.0,158300.0,177
2026-08-27T18:35:00+0530,158300.0,158320.0,158260.0,158301.0,62
2026-08-27T18:40:00+0530,158250.0,158472.0,158250.0,158321.0,107
2026-08-27T18:45:00+0530,158321.0,158397.0,158290.0,158353.0,62
2026-08-27T18:50:00+0530,158395.0,158410.0,158322.0,158400.0,59
2026-08-27T18:55:00+0530,158395.0,158623.0,158363.0,158450.0,159
2026-08-27T19:00:00+0530,158464.0,158523.0,158176.0,158193.0,141
2026-08-27T19:05:00+0530,158167.0,158343.0,158102.0,158151.0,150
2026-08-27T19:10:00+0530,158162.0,158280.0,158136.0,158196.0,101
2026-08-27T19:15:00+0530,158192.0,158243.0,157972.0,158166.0,278
2026-08-27T19:20:00+0530,158200.0,158330.0,158133.0,158151.0,103
2026-08-27T19:25:00+0530,158155.0,158230.0,158155.0,158174.0,32
2026-08-27T19:30:00+0530,158150.0,158264.0,158100.0,158223.0,107
2026-08-27T19:35:00+0530,158207.0,158310.0,158162.0,158202.0,91
2026-08-27T19:40:00+0530,158206.0,158283.0,158200.0,158254.0,50
2026-08-27T19:45:00+0530,158231.0,158378.0,158231.0,158300.0,80
2026-08-27T19:50:00+0530,158345.0,158449.0,158270.0,158270.0,137
2026-08-27T19:55:00+0530,158300.0,158350.0,158207.0,158344.0,37
2026-08-27T20:00:00+0530,158353.0,158414.0,158318.0,158380.0,84
2026-08-27T20:05:00+0530,158400.0,158633.0,158385.0,158441.0,449
2026-08-27T20:10:00+0530,158495.0,158637.0,158400.0,158570.0,161
2026-08-27T20:15:00+0530,158540.0,158630.0,158455.0,158468.0,160
2026-08-27T20:20:00+0530,158468.0,158479.0,158360.0,158465.0,93
2026-08-27T20:25:00+0530,158440.0,158466.0,158380.0,158465.0,50
2026-08-27T20:30:00+0530,158466.0,158555.0,158456.0,158504.0,106
2026-08-27T20:35:00+0530,158459.0,158489.0,158410.0,158434.0,42
2026-08-27T20:40:00+0530,158480.0,158480.0,158408.0,158441.0,16
2026-08-27T20:45:00+0530,158441.0,158550.0,158441.0,158531.0,56
2026-08-27T20:50:00+0530,158530.0,158531.0,158401.0,158401.0,93
2026-08-27T20:55:00+0530,158501.0,158575.0,158402.0,158500.0,107
2026-08-27T21:00:00+0530,158570.0,158880.0,158525.0,158880.0,272
2026-08-27T21:05:00+0530,158900.0,159072.0,158890.0,159001.0,342
2026-08-27T21:10:00+0530,159001.0,159368.0,159001.0,159237.0,512
2026-08-27T21:15:00+0530,159210.0,159490.0,159210.0,159465.0,386
2026-08-27T21:20:00+0530,159441.0,159898.0,159432.0,159885.0,646
2026-08-27T21:25:00+0530,159900.0,159950.0,159707.0,159828.0,356
2026-08-27T21:30:00+0530,159846.0,159888.0,159399.0,159557.0,842
2026-08-27T21:35:00+0530,159512.0,159535.0,159400.0,159428.0,224
2026-08-27T21:40:00+0530,159428.0,159499.0,159277.0,159300.0,217
2026-08-27T21:45:00+0530,159253.0,159479.0,159013.0,159180.0,435
2026-08-27T21:50:00+0530,159198.0,159479.0,159198.0,159287.0,176
2026-08-27T21:55:00+0530,159331.0,159550.0,159301.0,159482.0,211
2026-08-27T22:00:00+0530,159464.0,159507.0,159334.0,159477.0,226
2026-08-27T22:05:00+0530,159433.0,159578.0,159368.0,159506.0,172
2026-08-27T22:10:00+0530,159528.0,159528.0,159324.0,159348.0,92
2026-08-27T22:15:00+0530,159367.0,159523.0,159283.0,159285.0,161
2026-08-27T22:20:00+0530,159305.0,159452.0,159261.0,159445.0,77
2026-08-27T22:25:00+0530,159443.0,159466.0,159287.0,159318.0,151
2026-08-27T22:30:00+0530,159350.0,159440.0,159301.0,159390.0,106
2026-08-27T22:35:00+0530,159390.0,159390.0,159158.0,159185.0,145
2026-08-27T22:40:00+0530,159204.0,159240.0,159151.0,159205.0,101
2026-08-27T22:45:00+0530,159204.0,159204.0,158952.0,158968.0,200
2026-08-27T22:50:00+0530,158980.0,159099.0,158948.0,159099.0,289
2026-08-27T22:55:00+0530,159092.0,159123.0,159047.0,159109.0,91
2026-08-27T23:00:00+0530,159095.0,159110.0,159050.0,159077.0,55
2026-08-27T23:05:00+0530,159057.0,159076.0,158925.0,159017.0,219
2026-08-27T23:10:00+0530,159006.0,159200.0,158960.0,159060.0,329
2026-08-27T23:15:00+0530,159062.0,159129.0,158950.0,158989.0,149
2026-08-27T23:20:00+0530,158998.0,159041.0,158934.0,158978.0,151
2026-08-27T23:25:00+0530,158967.0,159144.0,158967.0,159001.0,231
2026-08-28T09:05:00+0530,158234.0,158423.0,158234.0,158272.0,274
2026-08-28T09:10:00+0530,158285.0,158352.0,158045.0,158085.0,369
2026-08-28T09:15:00+0530,158060.0,158100.0,158004.0,158010.0,374
2026-08-28T09:20:00+0530,158050.0,158088.0,157951.0,157960.0,203
2026-08-28T09:25:00+0530,157960.0,157996.0,157901.0,157947.0,257
2026-08-28T09:30:00+0530,157947.0,157975.0,157871.0,157974.0,242
2026-08-28T09:35:00+0530,157975.0,158019.0,157920.0,158011.0,219
2026-08-28T09:40:00+0530,158018.0,158200.0,158018.0,158149.0,322
2026-08-28T09:45:00+0530,158100.0,158311.0,158100.0,158280.0,246
2026-08-28T09:50:00+0530,158309.0,158400.0,158280.0,158394.0,211
2026-08-28T09:55:00+0530,158394.0,158422.0,158286.0,158286.0,78
2026-08-28T10:00:00+0530,158280.0,158320.0,158166.0,158270.0,163
2026-08-28T10:05:00+0530,158273.0,158273.0,158135.0,158136.0,81
2026-08-28T10:10:00+0530,158140.0,158200.0,158107.0,158174.0,65
2026-08-28T10:15:00+0530,158211.0,158245.0,158111.0,158226.0,142
2026-08-28T10:20:00+0530,158210.0,158272.0,158203.0,158249.0,81
2026-08-28T10:25:00+0530,158249.0,158356.0,158226.0,158313.0,121
2026-08-28T10:30:00+0530,158304.0,158350.0,158225.0,158225.0,46
2026-08-28T10:35:00+0530,158225.0,158236.0,158105.0,158150.0,82
2026-08-28T10:40:00+0530,158126.0,158231.0,158126.0,158184.0,40
2026-08-28T10:45:00+0530,158187.0,158240.0,158160.0,158240.0,21
2026-08-28T10:50:00+0530,158250.0,158300.0,158200.0,158300.0,54
2026-08-28T10:55:00+0530,158286.0,158300.0,158179.0,158190.0,64
2026-08-28T11:00:00+0530,158151.0,158179.0,158044.0,158104.0,127
2026-08-28T11:05:00+0530,158060.0,158120.0,158028.0,158045.0,91
2026-08-28T11:10:00+0530,158027.0,158032.0,157911.0,157957.0,228
2026-08-28T11:15:00+0530,157957.0,158025.0,157914.0,157955.0,179
2026-08-28T11:20:00+0530,157980.0,158059.0,157952.0,158056.0,114
2026-08-28T11:25:00+0530,158058.0,158062.0,157903.0,157903.0,107
2026-08-28T11:30:00+0530,157907.0,158025.0,157825.0,157975.0,164
2026-08-28T11:35:00+0530,157975.0,158050.0,157908.0,158050.0,54
2026-08-28T11:40:00+0530,158061.0,158244.0,158061.0,158169.0,121
2026-08-28T11:45:00+0530,158151.0,158244.0,158139.0,158165.0,127
2026-08-28T11:50:00+0530,158157.0,158250.0,158150.0,158203.0,124
2026-08-28T11:55:00+0530,158244.0,158317.0,158215.0,158317.0,102
2026-08-28T12:00:00+0530,158317.0,158345.0,158250.0,158272.0,144
2026-08-28T12:05:00+0530,158276.0,158340.0,158205.0,158300.0,104
2026-08-28T12:10:00+0530,158262.0,158331.0,158258.0,158331.0,43
2026-08-28T12:15:00+0530,158337.0,158725.0,158335.0,158711.0,325
2026-08-28T12:20:00+0530,158750.0,158900.0,158577.0,158812.0,416
2026-08-28T12:25:00+0530,158802.0,159310.0,158802.0,159163.0,880
2026-08-28T12:30:00+0530,159150.0,159230.0,159001.0,159200.0,461
2026-08-28T12:35:00+0530,159200.0,159207.0,158845.0,158977.0,331
2026-08-28T12:40:00+0530,158949.0,159091.0,158840.0,159000.0,183
2026-08-28T12:45:00+0530,159005.0,159228.0,158995.0,159219.0,244
2026-08-28T12:50:00+0530,159219.0,159258.0,159124.0,159150.0,220
2026-08-28T12:55:00+0530,159160.0,159294.0,159160.0,159280.0,200
2026-08-28T13:00:00+0530,159280.0,159753.0,159260.0,159721.0,712
2026-08-28T13:05:00+0530,159737.0,159795.0,159520.0,159548.0,460
2026-08-28T13:10:00+0530,159600.0,159620.0,159450.0,159511.0,261
2026-08-28T13:15:00+0530,159509.0,159599.0,159405.0,159590.0,321
2026-08-28T13:20:00+0530,159590.0,159679.0,159552.0,159662.0,195
2026-08-28T13:25:00+0530,159666.0,159738.0,159600.0,159640.0,161
2026-08-28T13:30:00+0530,159650.0,159767.0,159650.0,159695.0,257
2026-08-28T13:35:00+0530,159700.0,159700.0,159500.0,159589.0,160
2026-08-28T13:40:00+0530,159580.0,159631.0,159546.0,159570.0,66
2026-08-28T13:45:00+0530,159580.0,159580.0,159395.0,159396.0,142
2026-08-28T13:50:00+0530,159372.0,159590.0,159281.0,159544.0,157
2026-08-28T13:55:00+0530,159560.0,159585.0,159476.0,159476.0,108
2026-08-28T14:00:00+0530,159473.0,159650.0,159439.0,159546.0,167
2026-08-28T14:05:00+0530,159565.0,159600.0,159490.0,159490.0,74
2026-08-28T14:10:00+0530,159490.0,159500.0,159250.0,159262.0,175
2026-08-28T14:15:00+0530,159262.0,159340.0,159135.0,159200.0,144
2026-08-28T14:20:00+0530,159219.0,159434.0,159197.0,159409.0,74
2026-08-28T14:25:00+0530,159404.0,159404.0,159271.0,159330.0,67
2026-08-28T14:30:00+0530,159302.0,159394.0,159286.0,159350.0,72
2026-08-28T14:35:00+0530,159386.0,159386.0,159270.0,159270.0,59
2026-08-28T14:40:00+0530,159250.0,159269.0,159200.0,159269.0,85
2026-08-28T14:45:00+0530,159271.0,159372.0,159251.0,159372.0,58
2026-08-28T14:50:00+0530,159385.0,159549.0,159369.0,159450.0,280
2026-08-28T14:55:00+0530,159450.0,159450.0,159370.0,159430.0,33
2026-08-28T15:00:00+0530,159427.0,159460.0,159365.0,159378.0,60
2026-08-28T15:05:00+0530,159370.0,159450.0,159342.0,159432.0,40
2026-08-28T15:10:00+0530,159414.0,159470.0,159406.0,159430.0,34
2026-08-28T15:15:00+0530,159433.0,159470.0,159392.0,159430.0,55
2026-08-28T15:20:00+0530,159450.0,159648.0,159450.0,159637.0,159
2026-08-28T15:25:00+0530,159640.0,159641.0,159546.0,159599.0,81
2026-08-28T15:30:00+0530,159550.0,159598.0,159503.0,159598.0,95
2026-08-28T15:35:00+0530,159599.0,159760.0,159553.0,159760.0,234
2026-08-28T15:40:00+0530,159760.0,159782.0,159700.0,159750.0,161
2026-08-28T15:45:00+0530,159770.0,159819.0,159651.0,159675.0,320
2026-08-28T15:50:00+0530,159671.0,159695.0,159606.0,159653.0,168
2026-08-28T15:55:00+0530,159691.0,159710.0,159611.0,159710.0,60
2026-08-28T16:00:00+0530,159715.0,159799.0,159715.0,159730.0,80
2026-08-28T16:05:00+0530,159750.0,159750.0,159649.0,159654.0,52
2026-08-28T16:10:00+0530,159656.0,159682.0,159601.0,159611.0,51
2026-08-28T16:15:00+0530,159611.0,159618.0,159422.0,159466.0,151
2026-08-28T16:20:00+0530,159469.0,159500.0,159400.0,159491.0,94
2026-08-28T16:25:00+0530,159504.0,159526.0,159400.0,159466.0,109
2026-08-28T16:30:00+0530,159498.0,159498.0,159401.0,159420.0,59
2026-08-28T16:35:00+0530,159428.0,159428.0,159369.0,159380.0,58
2026-08-28T16:40:00+0530,159371.0,159600.0,159339.0,159600.0,150
2026-08-28T16:45:00+0530,159560.0,159613.0,159500.0,159589.0,85
2026-08-28T16:50:00+0530,159589.0,159630.0,159525.0,159575.0,79
2026-08-28T16:55:00+0530,159541.0,159632.0,159523.0,159568.0,71
2026-08-28T17:00:00+0530,159600.0,159600.0,159456.0,159482.0,49
2026-08-28T17:05:00+0530,159482.0,159520.0,159391.0,159460.0,65
2026-08-28T17:10:00+0530,159439.0,159440.0,159281.0,159384.0,204
2026-08-28T17:15:00+0530,159369.0,159421.0,159356.0,159356.0,35
2026-08-28T17:20:00+0530,159362.0,159450.0,159362.0,159429.0,49
2026-08-28T17:25:00+0530,159385.0,159404.0,159341.0,159359.0,42
2026-08-28T17:30:00+0530,159361.0,159482.0,159303.0,159448.0,85
2026-08-28T17:35:00+0530,159413.0,159524.0,159413.0,159510.0,60
2026-08-28T17:40:00+0530,159480.0,159510.0,159398.0,159440.0,83
2026-08-28T17:45:00+0530,159458.0,159458.0,159312.0,159392.0,105
2026-08-28T17:50:00+0530,159425.0,159600.0,159425.0,159572.0,118
2026-08-28T17:55:00+0530,159600.0,159664.0,159533.0,159586.0,129
2026-08-28T18:00:00+0530,159581.0,159600.0,159420.0,159420.0,96
2026-08-28T18:05:00+0530,159450.0,159450.0,159310.0,159328.0,129
2026-08-28T18:10:00+0530,159349.0,159400.0,159321.0,159400.0,52
2026-08-28T18:15:00+0530,159396.0,159446.0,159370.0,159416.0,52
2026-08-28T18:20:00+0530,159438.0,159485.0,159370.0,159473.0,65
2026-08-28T18:25:00+0530,159485.0,159580.0,159485.0,159555.0,101
2026-08-28T18:30:00+0530,159560.0,159595.0,159439.0,159484.0,73
2026-08-28T18:35:00+0530,159488.0,159592.0,159486.0,159536.0,102
2026-08-28T18:40:00+0530,159536.0,159560.0,159498.0,159498.0,35
2026-08-28T18:45:00+0530,159512.0,159512.0,159400.0,159510.0,87
2026-08-28T18:50:00+0530,159460.0,159510.0,159435.0,159510.0,39
2026-08-28T18:55:00+0530,159510.0,159622.0,159485.0,159622.0,111
2026-08-28T19:00:00+0530,159602.0,159628.0,159550.0,159615.0,98
2026-08-28T19:05:00+0530,159625.0,159764.0,159604.0,159720.0,301
2026-08-28T19:10:00+0530,159708.0,159756.0,159666.0,159704.0,130
2026-08-28T19:15:00+0530,159720.0,159790.0,159704.0,159741.0,191
2026-08-28T19:20:00+0530,159755.0,159780.0,159718.0,159770.0,104
2026-08-28T19:25:00+0530,159766.0,160200.0,159738.0,159800.0,955
2026-08-28T19:30:00+0530,159754.0,160331.0,159243.0,159265.0,2090
2026-08-28T19:35:00+0530,159280.0,159399.0,158411.0,159126.0,2181
2026-08-28T19:40:00+0530,159080.0,159146.0,158472.0,158670.0,1085
2026-08-28T19:45:00+0530,158618.0,158850.0,158452.0,158458.0,805
2026-08-28T19:50:00+0530,158450.0,158724.0,158400.0,158557.0,513
2026-08-28T19:55:00+0530,158597.0,158623.0,157880.0,158216.0,1294
2026-08-28T20:00:00+0530,158275.0,158542.0,158165.0,158525.0,704
2026-08-28T20:05:00+0530,158540.0,158755.0,158469.0,158500.0,564
2026-08-28T20:10:00+0530,158441.0,158548.0,158302.0,158315.0,412
2026-08-28T20:15:00+0530,158310.0,158373.0,158052.0,158170.0,519
2026-08-28T20:20:00+0530,158153.0,158600.0,158108.0,158599.0,273
2026-08-28T20:25:00+0530,158599.0,158779.0,158451.0,158682.0,378
2026-08-28T20:30:00+0530,158655.0,158750.0,158458.0,158650.0,291
2026-08-28T20:35:00+0530,158659.0,158681.0,158532.0,158610.0,128
2026-08-28T20:40:00+0530,158590.0,158590.0,158254.0,158281.0,329
2026-08-28T20:45:00+0530,158266.0,158428.0,158221.0,158278.0,277
2026-08-28T20:50:00+0530,158275.0,158460.0,158235.0,158404.0,325
2026-08-28T20:55:00+0530,158429.0,158500.0,158343.0,158458.0,137
2026-08-28T21:00:00+0530,158451.0,158458.0,158221.0,158236.0,281
2026-08-28T21:05:00+0530,158254.0,158306.0,158052.0,158059.0,303
2026-08-28T21:10:00+0530,158050.0,158096.0,157800.0,157873.0,741
2026-08-28T21:15:00+0530,157878.0,158016.0,157810.0,157850.0,444
2026-08-28T21:20:00+0530,157850.0,158028.0,157850.0,158006.0,217
2026-08-28T21:25:00+0530,157964.0,158016.0,157650.0,157650.0,596
2026-08-28T21:30:00+0530,157581.0,157740.0,157551.0,157632.0,564
2026-08-28T21:35:00+0530,157622.0,157634.0,157279.0,157310.0,898
2026-08-28T21:40:00+0530,157296.0,157499.0,157224.0,157265.0,866
2026-08-28T21:45:00+0530,157223.0,157400.0,156900.0,156900.0,1137
2026-08-28T21:50:00+0530,156909.0,156928.0,156324.0,156444.0,1770
2026-08-28T21:55:00+0530,156400.0,156795.0,156300.0,156750.0,1381
2026-08-28T22:00:00+0530,156772.0,156895.0,156417.0,156489.0,880
2026-08-28T22:05:00+0530,156482.0,156746.0,156458.0,156640.0,440
2026-08-28T22:10:00+0530,156640.0,156662.0,156368.0,156377.0,637
2026-08-28T22:15:00+0530,156406.0,156660.0,156377.0,156660.0,460
2026-08-28T22:20:00+0530,156640.0,156957.0,156599.0,156645.0,667
2026-08-28T22:25:00+0530,156650.0,156750.0,156510.0,156600.0,264
2026-08-28T22:30:00+0530,156600.0,156612.0,156446.0,156486.0,402
2026-08-28T22:35:00+0530,156500.0,156650.0,156433.0,156579.0,287
2026-08-28T22:40:00+0530,156515.0,156536.0,156375.0,156458.0,319
2026-08-28T22:45:00+0530,156511.0,156597.0,156430.0,156486.0,243
2026-08-28T22:50:00+0530,156480.0,156796.0,156480.0,156671.0,649
2026-08-28T22:55:00+0530,156689.0,156721.0,156500.0,156585.0,353
2026-08-28T23:00:00+0530,156600.0,156670.0,156498.0,156629.0,311
2026-08-28T23:05:00+0530,156586.0,156667.0,156450.0,156470.0,472
2026-08-28T23:10:00+0530,156450.0,156544.0,156250.0,156337.0,899
2026-08-28T23:15:00+0530,156334.0,156405.0,156250.0,156398.0,381
2026-08-28T23:20:00+0530,156397.0,156500.0,156352.0,156450.0,405
2026-08-28T23:25:00+0530,156460.0,156499.0,156328.0,156499.0,577
2026-08-31T09:00:00+0530,155161.0,155399.0,154331.0,154681.0,1971
2026-08-31T09:05:00+0530,154700.0,154784.0,154565.0,154586.0,543
2026-08-31T09:10:00+0530,154529.0,154700.0,154512.0,154571.0,422
2026-08-31T09:15:00+0530,154552.0,154599.0,154444.0,154500.0,347
2026-08-31T09:20:00+0530,154490.0,154681.0,154490.0,154590.0,343
2026-08-31T09:25:00+0530,154590.0,154626.0,154500.0,154500.0,232
2026-08-31T09:30:00+0530,154537.0,154537.0,154083.0,154220.0,769
2026-08-31T09:35:00+0530,154239.0,154253.0,154060.0,154100.0,300
2026-08-31T09:40:00+0530,154096.0,154324.0,154095.0,154180.0,390
2026-08-31T09:45:00+0530,154185.0,154200.0,154126.0,154184.0,151
2026-08-31T09:50:00+0530,154197.0,154274.0,154117.0,154164.0,196
2026-08-31T09:55:00+0530,154199.0,154234.0,154000.0,154000.0,237
2026-08-31T10:00:00+0530,154019.0,154048.0,153806.0,153972.0,384
2026-08-31T10:05:00+0530,153976.0,154225.0,153975.0,154139.0,357
2026-08-31T10:10:00+0530,154130.0,154130.0,154000.0,154060.0,105
2026-08-31T10:15:00+0530,154068.0,154121.0,154001.0,154028.0,112
2026-08-31T10:20:00+0530,154027.0,154114.0,153985.0,154048.0,122
2026-08-31T10:25:00+0530,154048.0,154180.0,154018.0,154178.0,189
2026-08-31T10:30:00+0530,154151.0,154247.0,154092.0,154140.0,250
2026-08-31T10:35:00+0530,154139.0,154238.0,154040.0,154040.0,205
2026-08-31T10:40:00+0530,154049.0,154227.0,154049.0,154170.0,91
2026-08-31T10:45:00+0530,154195.0,154250.0,154124.0,154250.0,88
2026-08-31T10:50:00+0530,154285.0,154543.0,154261.0,154523.0,573
2026-08-31T10:55:00+0530,154514.0,154666.0,154452.0,154650.0,310
2026-08-31T11:00:00+0530,154667.0,154696.0,154316.0,154444.0,286
2026-08-31T11:05:00+0530,154454.0,154500.0,154389.0,154449.0,239
2026-08-31T11:10:00+0530,154424.0,154550.0,154424.0,154507.0,264
2026-08-31T11:15:00+0530,154526.0,154600.0,154482.0,154537.0,129
2026-08-31T11:20:00+0530,154521.0,154610.0,154500.0,154600.0,181
2026-08-31T11:25:00+0530,154600.0,154798.0,154551.0,154798.0,256
2026-08-31T11:30:00+0530,154775.0,154775.0,154531.0,154550.0,163
2026-08-31T11:35:00+0530,154530.0,154642.0,154500.0,154620.0,142
2026-08-31T11:40:00+0530,154625.0,154700.0,154560.0,154563.0,85
2026-08-31T11:45:00+0530,154558.0,154722.0,154500.0,154722.0,54
2026-08-31T11:50:00+0530,154690.0,154850.0,154634.0,154845.0,193
2026-08-31T11:55:00+0530,154844.0,154844.0,154709.0,154719.0,110
2026-08-31T12:00:00+0530,154719.0,154750.0,154551.0,154718.0,94
2026-08-31T12:05:00+0530,154700.0,154886.0,154686.0,154866.0,134
2026-08-31T12:10:00+0530,154867.0,154929.0,154860.0,154892.0,166
2026-08-31T12:15:00+0530,154892.0,155055.0,154892.0,154952.0,315
2026-08-31T12:20:00+0530,154959.0,154976.0,154840.0,154935.0,111
2026-08-31T12:25:00+0530,154959.0,154997.0,154825.0,154997.0,114
2026-08-31T12:30:00+0530,154980.0,155000.0,154869.0,154873.0,100
2026-08-31T12:35:00+0530,154870.0,154912.0,154738.0,154752.0,130
2026-08-31T12:40:00+0530,154770.0,154850.0,154753.0,154772.0,82
2026-08-31T12:45:00+0530,154770.0,154870.0,154722.0,154815.0,93
2026-08-31T12:50:00+0530,154786.0,155039.0,154786.0,154981.0,187
2026-08-31T12:55:00+0530,154993.0,155116.0,154929.0,154976.0,224
2026-08-31T13:00:00+0530,154996.0,155053.0,154950.0,155000.0,215
2026-08-31T13:05:00+0530,154999.0,155000.0,154900.0,154972.0,69
2026-08-31T13:10:00+0530,154930.0,155048.0,154900.0,155040.0,85
2026-08-31T13:15:00+0530,155038.0,155040.0,154893.0,154897.0,129
2026-08-31T13:20:00+0530,154897.0,154943.0,154890.0,154943.0,51
2026-08-31T13:25:00+0530,154940.0,154980.0,154728.0,154814.0,132
2026-08-31T13:30:00+0530,154820.0,155050.0,154820.0,155010.0,148
2026-08-31T13:35:00+0530,154993.0,155023.0,154859.0,154869.0,117
2026-08-31T13:40:00+0530,154865.0,154881.0,154695.0,154766.0,128
2026-08-31T13:45:00+0530,154753.0,154820.0,154705.0,154804.0,149
2026-08-31T13:50:00+0530,154804.0,154804.0,154703.0,154751.0,49
2026-08-31T13:55:00+0530,154771.0,154886.0,154737.0,154857.0,47
2026-08-31T14:00:00+0530,154850.0,154850.0,154690.0,154695.0,91
2026-08-31T14:05:00+0530,154695.0,154695.0,154528.0,154669.0,149
2026-08-31T14:10:00+0530,154681.0,154690.0,154557.0,154641.0,149
2026-08-31T14:15:00+0530,154649.0,154697.0,154581.0,154697.0,101
2026-08-31T14:20:00+0530,154690.0,154690.0,154580.0,154580.0,68
2026-08-31T14:25:00+0530,154580.0,154676.0,154559.0,154645.0,166
2026-08-31T14:30:00+0530,154648.0,154776.0,154648.0,154700.0,83
2026-08-31T14:35:00+0530,154722.0,154770.0,154695.0,154695.0,44
2026-08-31T14:40:00+0530,154688.0,154864.0,154666.0,154838.0,70
2026-08-31T14:45:00+0530,154869.0,154984.0,154851.0,154876.0,150
2026-08-31T14:50:00+0530,154877.0,154922.0,154817.0,154870.0,75
2026-08-31T14:55:00+0530,154869.0,154869.0,154803.0,154854.0,41
2026-08-31T15:00:00+0530,154841.0,154970.0,154841.0,154970.0,51
2026-08-31T15:05:00+0530,154970.0,154970.0,154856.0,154875.0,40
2026-08-31T15:10:00+0530,154872.0,154974.0,154805.0,154968.0,58
2026-08-31T15:15:00+0530,154946.0,155029.0,154917.0,154934.0,115
2026-08-31T15:20:00+0530,154923.0,154966.0,154897.0,154916.0,43
2026-08-31T15:25:00+0530,154960.0,154990.0,154960.0,154987.0,35
2026-08-31T15:30:00+0530,154988.0,155348.0,154988.0,155348.0,406
2026-08-31T15:35:00+0530,155334.0,155581.0,155300.0,155341.0,491
2026-08-31T15:40:00+0530,155333.0,155450.0,155232.0,155438.0,218
2026-08-31T15:45:00+0530,155425.0,155483.0,155301.0,155330.0,140
2026-08-31T15:50:00+0530,155350.0,155429.0,155256.0,155256.0,100
2026-08-31T15:55:00+0530,155250.0,155343.0,155148.0,155320.0,129
2026-08-31T16:00:00+0530,155320.0,155389.0,155255.0,155266.0,91
2026-08-31T16:05:00+0530,155252.0,155390.0,155252.0,155350.0,63
2026-08-31T16:10:00+0530,155317.0,155400.0,155300.0,155399.0,45
2026-08-31T16:15:00+0530,155392.0,155450.0,155325.0,155440.0,130
2026-08-31T16:20:00+0530,155400.0,155541.0,155367.0,155534.0,302
2026-08-31T16:25:00+0530,155528.0,155550.0,155415.0,155418.0,113
2026-08-31T16:30:00+0530,155450.0,155497.0,155418.0,155480.0,100
2026-08-31T16:35:00+0530,155459.0,155528.0,155387.0,155528.0,148
2026-08-31T16:40:00+0530,155528.0,155531.0,155425.0,155425.0,82
2026-08-31T16:45:00+0530,155433.0,155492.0,155390.0,155491.0,93
2026-08-31T16:50:00+0530,155495.0,155499.0,155437.0,155486.0,58
2026-08-31T16:55:00+0530,155478.0,155573.0,155455.0,155568.0,175
2026-08-31T17:00:00+0530,155561.0,155578.0,155412.0,155434.0,192
2026-08-31T17:05:00+0530,155415.0,155425.0,154775.0,154863.0,1042
2026-08-31T17:10:00+0530,154900.0,155044.0,154875.0,154933.0,249
2026-08-31T17:15:00+0530,154933.0,155027.0,154790.0,154887.0,265
2026-08-31T17:20:00+0530,154990.0,155039.0,154857.0,154972.0,133
2026-08-31T17:25:00+0530,154953.0,155114.0,154953.0,155065.0,172
2026-08-31T17:30:00+0530,155016.0,155265.0,155002.0,155250.0,208
2026-08-31T17:35:00+0530,155247.0,155281.0,154939.0,155129.0,280
2026-08-31T17:40:00+0530,155066.0,155194.0,155050.0,155111.0,150
2026-08-31T17:45:00+0530,155159.0,155159.0,155062.0,155119.0,54
2026-08-31T17:50:00+0530,155084.0,155084.0,154865.0,154921.0,157
2026-08-31T17:55:00+0530,154953.0,154980.0,154804.0,154829.0,152
2026-08-31T18:00:00+0530,154816.0,154842.0,154691.0,154721.0,411
2026-08-31T18:05:00+0530,154727.0,154804.0,154587.0,154600.0,429
2026-08-31T18:10:00+0530,154605.0,154640.0,154505.0,154580.0,331
2026-08-31T18:15:00+0530,154551.0,154571.0,154353.0,154499.0,430
2026-08-31T18:20:00+0530,154478.0,154651.0,154448.0,154500.0,220
2026-08-31T18:25:00+0530,154521.0,154643.0,154451.0,154500.0,206
2026-08-31T18:30:00+0530,154476.0,154577.0,154380.0,154541.0,229
2026-08-31T18:35:00+0530,154545.0,154850.0,154495.0,154750.0,401
2026-08-31T18:40:00+0530,154750.0,154780.0,154676.0,154725.0,106
2026-08-31T18:45:00+0530,154736.0,154800.0,154631.0,154639.0,136
2026-08-31T18:50:00+0530,154615.0,154615.0,154450.0,154500.0,166
2026-08-31T18:55:00+0530,154476.0,154673.0,154472.0,154583.0,101
2026-08-31T19:00:00+0530,154690.0,154700.0,154500.0,154505.0,119
2026-08-31T19:05:00+0530,154500.0,154607.0,154459.0,154532.0,112
2026-08-31T19:10:00+0530,154531.0,154558.0,154412.0,154421.0,141
2026-08-31T19:15:00+0530,154421.0,154456.0,154110.0,154165.0,578
2026-08-31T19:20:00+0530,154190.0,154270.0,154135.0,154266.0,296
2026-08-31T19:25:00+0530,154254.0,154278.0,154105.0,154143.0,173
2026-08-31T19:30:00+0530,154156.0,154358.0,154117.0,154346.0,279
2026-08-31T19:35:00+0530,154337.0,154461.0,154295.0,154405.0,306
2026-08-31T19:40:00+0530,154350.0,154350.0,154200.0,154295.0,149
2026-08-31T19:45:00+0530,154316.0,154395.0,154246.0,154293.0,126
2026-08-31T19:50:00+0530,154264.0,154264.0,154055.0,154079.0,260
2026-08-31T19:55:00+0530,154092.0,154211.0,154053.0,154095.0,335
2026-08-31T20:00:00+0530,154055.0,154276.0,154055.0,154200.0,189
2026-08-31T20:05:00+0530,154198.0,154583.0,154198.0,154548.0,365
2026-08-31T20:10:00+0530,154526.0,154555.0,154400.0,154400.0,151
2026-08-31T20:15:00+0530,154401.0,154537.0,154300.0,154300.0,139
2026-08-31T20:20:00+0530,154300.0,154494.0,154222.0,154494.0,121
2026-08-31T20:25:00+0530,154455.0,154735.0,154455.0,154562.0,307
2026-08-31T20:30:00+0530,154582.0,154700.0,154430.0,154430.0,163
2026-08-31T20:35:00+0530,154437.0,154581.0,154421.0,154581.0,86
2026-08-31T20:40:00+0530,154591.0,154668.0,154539.0,154640.0,100
2026-08-31T20:45:00+0530,154650.0,154688.0,154429.0,154500.0,97
2026-08-31T20:50:00+0530,154475.0,154595.0,154455.0,154499.0,77
2026-08-31T20:55:00+0530,154545.0,154565.0,154460.0,154528.0,100
2026-08-31T21:00:00+0530,154546.0,154581.0,154429.0,154483.0,104
2026-08-31T21:05:00+0530,154473.0,154490.0,154395.0,154446.0,99
2026-08-31T21:10:00+0530,154444.0,154514.0,154390.0,154397.0,106
2026-08-31T21:15:00+0530,154465.0,154597.0,154432.0,154574.0,76
2026-08-31T21:20:00+0530,154550.0,154550.0,154201.0,154235.0,250
2026-08-31T21:25:00+0530,154259.0,154346.0,154128.0,154171.0,255
2026-08-31T21:30:00+0530,154189.0,154387.0,154120.0,154292.0,135
2026-08-31T21:35:00+0530,154288.0,154464.0,154288.0,154369.0,111
2026-08-31T21:40:00+0530,154356.0,154549.0,154318.0,154404.0,154
2026-08-31T21:45:00+0530,154466.0,154520.0,154400.0,154400.0,51
2026-08-31T21:50:00+0530,154391.0,154490.0,154347.0,154422.0,55
2026-08-31T21:55:00+0530,154425.0,154668.0,154425.0,154602.0,206
2026-08-31T22:00:00+0530,154575.0,154817.0,154558.0,154561.0,535
2026-08-31T22:05:00+0530,154525.0,154525.0,154300.0,154351.0,165
2026-08-31T22:10:00+0530,154372.0,154539.0,154366.0,154526.0,145
2026-08-31T22:15:00+0530,154530.0,154549.0,154366.0,154455.0,116
2026-08-31T22:20:00+0530,154463.0,154579.0,154391.0,154409.0,211
2026-08-31T22:25:00+0530,154424.0,154496.0,154360.0,154450.0,55
2026-08-31T22:30:00+0530,154476.0,154500.0,154369.0,154408.0,71
2026-08-31T22:35:00+0530,154420.0,154430.0,154369.0,154395.0,50
2026-08-31T22:40:00+0530,154405.0,154500.0,154403.0,154463.0,69
2026-08-31T22:45:00+0530,154450.0,154690.0,154422.0,154651.0,237
2026-08-31T22:50:00+0530,154651.0,154742.0,154464.0,154500.0,138
2026-08-31T22:55:00+0530,154500.0,154550.0,154306.0,154457.0,290
2026-08-31T23:00:00+0530,154468.0,154503.0,154341.0,154499.0,112
2026-08-31T23:05:00+0530,154484.0,154523.0,154469.0,154471.0,76
2026-08-31T23:10:00+0530,154492.0,154700.0,154492.0,154666.0,243
2026-08-31T23:15:00+0530,154658.0,154770.0,154635.0,154650.0,436
2026-08-31T23:20:00+0530,154650.0,154693.0,154600.0,154606.0,184
2026-08-31T23:25:00+0530,154625.0,154690.0,154600.0,154608.0,294
2026-09-01T09:00:00+0530,154688.0,154688.0,154261.0,154502.0,391
2026-09-01T09:05:00+0530,154505.0,154680.0,154450.0,154661.0,277
2026-09-01T09:10:00+0530,154661.0,154882.0,154628.0,154810.0,362
2026-09-01T09:15:00+0530,154850.0,154986.0,154791.0,154872.0,517
2026-09-01T09:20:00+0530,154872.0,155000.0,154801.0,154802.0,467
2026-09-01T09:25:00+0530,154826.0,154826.0,154507.0,154602.0,352
2026-09-01T09:30:00+0530,154624.0,154625.0,154500.0,154530.0,195
2026-09-01T09:35:00+0530,154506.0,154544.0,154354.0,154383.0,293
2026-09-01T09:40:00+0530,154382.0,154450.0,154356.0,154390.0,262
2026-09-01T09:45:00+0530,154399.0,154413.0,154181.0,154181.0,352
2026-09-01T09:50:00+0530,154166.0,154339.0,154141.0,154278.0,248
2026-09-01T09:55:00+0530,154278.0,154380.0,154266.0,154300.0,130
2026-09-01T10:00:00+0530,154290.0,154300.0,154152.0,154290.0,245
2026-09-01T10:05:00+0530,154290.0,154367.0,154251.0,154301.0,132
2026-09-01T10:10:00+0530,154301.0,154317.0,154200.0,154290.0,115
2026-09-01T10:15:00+0530,154290.0,154331.0,154224.0,154299.0,141
2026-09-01T10:20:00+0530,154299.0,154439.0,154275.0,154437.0,93
2026-09-01T10:25:00+0530,154438.0,154438.0,154290.0,154300.0,100
2026-09-01T10:30:00+0530,154321.0,154441.0,154287.0,154439.0,115
2026-09-01T10:35:00+0530,154438.0,154446.0,154395.0,154407.0,47
2026-09-01T10:40:00+0530,154407.0,154410.0,154332.0,154360.0,64
2026-09-01T10:45:00+0530,154360.0,154360.0,154225.0,154279.0,79
2026-09-01T10:50:00+0530,154267.0,154360.0,154258.0,154339.0,112
2026-09-01T10:55:00+0530,154340.0,154398.0,154320.0,154388.0,77
2026-09-01T11:00:00+0530,154300.0,154600.0,154290.0,154600.0,273
2026-09-01T11:05:00+0530,154600.0,154738.0,154557.0,154673.0,353
2026-09-01T11:10:00+0530,154677.0,154677.0,154600.0,154655.0,169
2026-09-01T11:15:00+0530,154650.0,154748.0,154633.0,154748.0,264
2026-09-01T11:20:00+0530,154711.0,154750.0,154567.0,154619.0,147
2026-09-01T11:25:00+0530,154619.0,154661.0,154530.0,154530.0,80
2026-09-01T11:30:00+0530,154525.0,154543.0,154455.0,154455.0,141
2026-09-01T11:35:00+0530,154445.0,154500.0,154419.0,154419.0,138
2026-09-01T11:40:00+0530,154419.0,154425.0,154348.0,154403.0,152
2026-09-01T11:45:00+0530,154405.0,154444.0,154375.0,154443.0,86
2026-09-01T11:50:00+0530,154450.0,154454.0,154354.0,154400.0,108
2026-09-01T11:55:00+0530,154383.0,154391.0,154310.0,154330.0,115
2026-09-01T12:00:00+0530,154305.0,154403.0,154305.0,154375.0,95
2026-09-01T12:05:00+0530,154383.0,154490.0,154383.0,154489.0,79
2026-09-01T12:10:00+0530,154470.0,154539.0,154466.0,154539.0,63
2026-09-01T12:15:00+0530,154539.0,154554.0,154354.0,154380.0,98
2026-09-01T12:20:00+0530,154377.0,154414.0,154350.0,154405.0,100
2026-09-01T12:25:00+0530,154405.0,154454.0,154354.0,154440.0,55
2026-09-01T12:30:00+0530,154450.0,154530.0,154428.0,154498.0,58
2026-09-01T12:35:00+0530,154498.0,154498.0,154354.0,154354.0,65
2026-09-01T12:40:00+0530,154374.0,154418.0,154320.0,154418.0,84
2026-09-01T12:45:00+0530,154418.0,154418.0,154309.0,154348.0,70
2026-09-01T12:50:00+0530,154322.0,154388.0,154292.0,154292.0,93
2026-09-01T12:55:00+0530,154292.0,154384.0,154292.0,154332.0,59
2026-09-01T13:00:00+0530,154300.0,154315.0,154153.0,154279.0,268
2026-09-01T13:05:00+0530,154275.0,154275.0,154001.0,154001.0,341
2026-09-01T13:10:00+0530,153923.0,154099.0,153865.0,154005.0,421
2026-09-01T13:15:00+0530,154010.0,154070.0,153901.0,154020.0,261
2026-09-01T13:20:00+0530,154014.0,154051.0,153900.0,153920.0,207
2026-09-01T13:25:00+0530,153950.0,153980.0,153853.0,153915.0,217
2026-09-01T13:30:00+0530,153907.0,153907.0,153728.0,153777.0,407
2026-09-01T13:35:00+0530,153738.0,154089.0,153515.0,153527.0,675
2026-09-01T13:40:00+0530,153515.0,153747.0,153305.0,153609.0,834
2026-09-01T13:45:00+0530,153615.0,153615.0,153366.0,153422.0,318
2026-09-01T13:50:00+0530,153423.0,153546.0,153027.0,153054.0,675
2026-09-01T13:55:00+0530,153039.0,153140.0,152926.0,152972.0,883
2026-09-01T14:00:00+0530,152970.0,152998.0,152570.0,152620.0,1078
2026-09-01T14:05:00+0530,152693.0,152814.0,152625.0,152750.0,620
2026-09-01T14:10:00+0530,152750.0,152999.0,152611.0,152701.0,587
2026-09-01T14:15:00+0530,152701.0,152942.0,152651.0,152891.0,395
2026-09-01T14:20:00+0530,152895.0,152900.0,152751.0,152827.0,295
2026-09-01T14:25:00+0530,152820.0,152872.0,152701.0,152701.0,204
2026-09-01T14:30:00+0530,152726.0,152800.0,152600.0,152787.0,444
2026-09-01T14:35:00+0530,152712.0,152785.0,152600.0,152640.0,264
2026-09-01T14:40:00+0530,152640.0,152850.0,152640.0,152847.0,218
2026-09-01T14:45:00+0530,152847.0,152937.0,152784.0,152908.0,274
2026-09-01T14:50:00+0530,152900.0,152918.0,152812.0,152850.0,209
2026-09-01T14:55:00+0530,152850.0,152850.0,152719.0,152781.0,188
2026-09-01T15:00:00+0530,152746.0,152746.0,152604.0,152705.0,266
2026-09-01T15:05:00+0530,152690.0,152709.0,152591.0,152600.0,207
2026-09-01T15:10:00+0530,152615.0,152770.0,152598.0,152732.0,200
2026-09-01T15:15:00+0530,152766.0,152827.0,152731.0,152742.0,164
2026-09-01T15:20:00+0530,152725.0,152800.0,152693.0,152770.0,109
2026-09-01T15:25:00+0530,152775.0,152843.0,152599.0,152600.0,259
2026-09-01T15:30:00+0530,152600.0,152749.0,152600.0,152700.0,198
2026-09-01T15:35:00+0530,152700.0,152898.0,152700.0,152820.0,275
2026-09-01T15:40:00+0530,152815.0,153170.0,152815.0,153055.0,697
2026-09-01T15:45:00+0530,153069.0,153469.0,153065.0,153201.0,930
2026-09-01T15:50:00+0530,153200.0,153323.0,153158.0,153290.0,305
2026-09-01T15:55:00+0530,153299.0,153300.0,153173.0,153220.0,209
2026-09-01T16:00:00+0530,153210.0,153254.0,153030.0,153096.0,218
2026-09-01T16:05:00+0530,153085.0,153250.0,153070.0,153204.0,136
2026-09-01T16:10:00+0530,153207.0,153229.0,153040.0,153061.0,189
2026-09-01T16:15:00+0530,153070.0,153070.0,152749.0,152890.0,576
2026-09-01T16:20:00+0530,152888.0,152913.0,152800.0,152913.0,174
2026-09-01T16:25:00+0530,152893.0,153040.0,152893.0,152983.0,180
2026-09-01T16:30:00+0530,152999.0,153078.0,152900.0,153078.0,292
2026-09-01T16:35:00+0530,153068.0,153125.0,152914.0,153100.0,185
2026-09-01T16:40:00+0530,153100.0,153135.0,152919.0,152930.0,172
2026-09-01T16:45:00+0530,152918.0,152930.0,152809.0,152878.0,172
2026-09-01T16:50:00+0530,152902.0,153065.0,152851.0,153000.0,182
2026-09-01T16:55:00+0530,152982.0,153064.0,152925.0,153037.0,95
2026-09-01T17:00:00+0530,153047.0,153047.0,152933.0,152967.0,47
2026-09-01T17:05:00+0530,152967.0,153126.0,152933.0,153100.0,131
2026-09-01T17:10:00+0530,153100.0,153111.0,153040.0,153090.0,69
2026-09-01T17:15:00+0530,153090.0,153143.0,153056.0,153124.0,116
2026-09-01T17:20:00+0530,153134.0,153200.0,152960.0,152979.0,183
2026-09-01T17:25:00+0530,152933.0,152961.0,152800.0,152855.0,235
2026-09-01T17:30:00+0530,152837.0,152880.0,152765.0,152815.0,202
2026-09-01T17:35:00+0530,152805.0,152885.0,152788.0,152795.0,189
2026-09-01T17:40:00+0530,152795.0,152840.0,152671.0,152770.0,283
2026-09-01T17:45:00+0530,152760.0,152860.0,152740.0,152770.0,127
2026-09-01T17:50:00+0530,152770.0,152776.0,152679.0,152736.0,252
2026-09-01T17:55:00+0530,152736.0,152900.0,152712.0,152712.0,161
2026-09-01T18:00:00+0530,152712.0,152803.0,152500.0,152536.0,686
2026-09-01T18:05:00+0530,152468.0,152468.0,152182.0,152399.0,1261
2026-09-01T18:10:00+0530,152416.0,152489.0,152244.0,152488.0,315
2026-09-01T18:15:00+0530,152457.0,152622.0,152401.0,152486.0,421
2026-09-01T18:20:00+0530,152484.0,152484.0,152380.0,152423.0,169
2026-09-01T18:25:00+0530,152418.0,152454.0,152250.0,152294.0,241
2026-09-01T18:30:00+0530,152296.0,152319.0,151801.0,151902.0,1532
2026-09-01T18:35:00+0530,151901.0,151999.0,151700.0,151720.0,1123
2026-09-01T18:40:00+0530,151716.0,151860.0,151600.0,151687.0,964
2026-09-01T18:45:00+0530,151669.0,151849.0,151661.0,151844.0,590
2026-09-01T18:50:00+0530,151840.0,151886.0,151769.0,151800.0,558
2026-09-01T18:55:00+0530,151795.0,152067.0,151780.0,152049.0,413
2026-09-01T19:00:00+0530,152040.0,152300.0,151994.0,152230.0,700
2026-09-01T19:05:00+0530,152224.0,152286.0,151912.0,152151.0,571
2026-09-01T19:10:00+0530,152165.0,152429.0,152100.0,152400.0,367
2026-09-01T19:15:00+0530,152428.0,152428.0,152202.0,152321.0,372
2026-09-01T19:20:00+0530,152330.0,152398.0,152181.0,152220.0,269
2026-09-01T19:25:00+0530,152220.0,152455.0,152220.0,152447.0,270
2026-09-01T19:30:00+0530,152477.0,152553.0,152050.0,152066.0,669
2026-09-01T19:35:00+0530,152055.0,152481.0,152046.0,152398.0,418
2026-09-01T19:40:00+0530,152400.0,152544.0,152290.0,152544.0,257
2026-09-01T19:45:00+0530,152531.0,152820.0,152531.0,152670.0,732
2026-09-01T19:50:00+0530,152660.0,152799.0,152660.0,152769.0,247
2026-09-01T19:55:00+0530,152750.0,152750.0,152471.0,152490.0,455
2026-09-01T20:00:00+0530,152475.0,152640.0,152475.0,152640.0,165
2026-09-01T20:05:00+0530,152650.0,152699.0,152415.0,152421.0,214
2026-09-01T20:10:00+0530,152455.0,152499.0,152350.0,152398.0,306
2026-09-01T20:15:00+0530,152399.0,152528.0,152300.0,152324.0,209
2026-09-01T20:20:00+0530,152305.0,152467.0,152256.0,152256.0,226
2026-09-01T20:25:00+0530,152259.0,152312.0,152210.0,152312.0,189
2026-09-01T20:30:00+0530,152306.0,152399.0,152186.0,152213.0,151
2026-09-01T20:35:00+0530,152199.0,152349.0,152199.0,152347.0,87
2026-09-01T20:40:00+0530,152349.0,152426.0,152270.0,152287.0,139
2026-09-01T20:45:00+0530,152328.0,152500.0,152226.0,152480.0,184
2026-09-01T20:50:00+0530,152490.0,152500.0,152321.0,152378.0,99
2026-09-01T20:55:00+0530,152353.0,152470.0,152300.0,152470.0,98
2026-09-01T21:00:00+0530,152490.0,152490.0,152355.0,152413.0,123
2026-09-01T21:05:00+0530,152409.0,152490.0,152395.0,152444.0,73
2026-09-01T21:10:00+0530,152455.0,152602.0,152455.0,152602.0,190
2026-09-01T21:15:00+0530,152615.0,152649.0,152527.0,152569.0,186
2026-09-01T21:20:00+0530,152569.0,152688.0,152536.0,152688.0,193
2026-09-01T21:25:00+0530,152690.0,152772.0,152614.0,152630.0,261
2026-09-01T21:30:00+0530,152628.0,152700.0,152616.0,152630.0,87
2026-09-01T21:35:00+0530,152630.0,152695.0,152530.0,152530.0,292
2026-09-01T21:40:00+0530,152530.0,152530.0,152300.0,152331.0,507
2026-09-01T21:45:00+0530,152331.0,152438.0,152250.0,152262.0,215
2026-09-01T21:50:00+0530,152248.0,152345.0,152202.0,152309.0,225
2026-09-01T21:55:00+0530,152323.0,152372.0,152078.0,152099.0,438
2026-09-01T22:00:00+0530,152043.0,152100.0,151964.0,152013.0,503
2026-09-01T22:05:00+0530,152024.0,152200.0,151984.0,152190.0,320
2026-09-01T22:10:00+0530,152200.0,152323.0,152130.0,152155.0,194
2026-09-01T22:15:00+0530,152200.0,152270.0,152080.0,152228.0,188
2026-09-01T22:20:00+0530,152232.0,152270.0,152101.0,152131.0,231
2026-09-01T22:25:00+0530,152140.0,152194.0,152060.0,152062.0,121
2026-09-01T22:30:00+0530,152062.0,152089.0,151923.0,151950.0,350
2026-09-01T22:35:00+0530,151936.0,152054.0,151876.0,152030.0,380
2026-09-01T22:40:00+0530,152037.0,152050.0,151965.0,152045.0,204
2026-09-01T22:45:00+0530,152045.0,152119.0,151810.0,151988.0,476
2026-09-01T22:50:00+0530,151954.0,151998.0,151901.0,151969.0,227
2026-09-01T22:55:00+0530,151998.0,152050.0,151824.0,152002.0,515
2026-09-01T23:00:00+0530,151987.0,152039.0,151835.0,151935.0,482
2026-09-01T23:05:00+0530,151922.0,152100.0,151902.0,152050.0,369
2026-09-01T23:10:00+0530,152069.0,152075.0,151950.0,151950.0,236
2026-09-01T23:15:00+0530,151974.0,151980.0,151891.0,151920.0,252
2026-09-01T23:20:00+0530,151919.0,151960.0,151882.0,151960.0,376
2026-09-01T23:25:00+0530,151942.0,151960.0,151900.0,151900.0,584
2026-09-02T09:00:00+0530,150522.0,150593.0,150004.0,150015.0,2393
2026-09-02T09:05:00+0530,150038.0,150353.0,149900.0,150313.0,1198
2026-09-02T09:10:00+0530,150300.0,150315.0,150050.0,150098.0,659
2026-09-02T09:15:00+0530,150077.0,150335.0,150077.0,150335.0,772
2026-09-02T09:20:00+0530,150312.0,150340.0,150158.0,150312.0,401
2026-09-02T09:25:00+0530,150300.0,150500.0,150296.0,150440.0,429
2026-09-02T09:30:00+0530,150430.0,150450.0,150316.0,150384.0,327
2026-09-02T09:35:00+0530,150399.0,150439.0,150350.0,150359.0,246
2026-09-02T09:40:00+0530,150338.0,150482.0,150333.0,150370.0,370
2026-09-02T09:45:00+0530,150394.0,150453.0,150321.0,150321.0,272
2026-09-02T09:50:00+0530,150302.0,150334.0,150240.0,150290.0,222
2026-09-02T09:55:00+0530,150291.0,150302.0,150129.0,150178.0,381
2026-09-02T10:00:00+0530,150177.0,150351.0,150172.0,150271.0,302
2026-09-02T10:05:00+0530,150292.0,150293.0,150190.0,150215.0,195
2026-09-02T10:10:00+0530,150243.0,150275.0,150179.0,150243.0,225
2026-09-02T10:15:00+0530,150265.0,150266.0,150155.0,150232.0,204
2026-09-02T10:20:00+0530,150235.0,150300.0,150235.0,150296.0,121
2026-09-02T10:25:00+0530,150295.0,150350.0,150271.0,150350.0,152
2026-09-02T10:30:00+0530,150350.0,150375.0,150302.0,150348.0,186
2026-09-02T10:35:00+0530,150347.0,150350.0,150258.0,150281.0,86
2026-09-02T10:40:00+0530,150297.0,150375.0,150270.0,150375.0,152
2026-09-02T10:45:00+0530,150356.0,150480.0,150356.0,150450.0,533
2026-09-02T10:50:00+0530,150450.0,150450.0,150370.0,150450.0,143
2026-09-02T10:55:00+0530,150450.0,150500.0,150450.0,150500.0,160
2026-09-02T11:00:00+0530,150500.0,150960.0,150500.0,150944.0,1070
2026-09-02T11:05:00+0530,150937.0,150972.0,150758.0,150820.0,355
2026-09-02T11:10:00+0530,150823.0,150941.0,150755.0,150925.0,269
2026-09-02T11:15:00+0530,150926.0,151300.0,150926.0,151274.0,803
2026-09-02T11:20:00+0530,151300.0,151300.0,150884.0,150947.0,415
2026-09-02T11:25:00+0530,150930.0,151032.0,150825.0,150827.0,257
2026-09-02T11:30:00+0530,150853.0,150950.0,150772.0,150800.0,229
2026-09-02T11:35:00+0530,150800.0,150924.0,150716.0,150901.0,300
2026-09-02T11:40:00+0530,150924.0,151155.0,150874.0,151059.0,301
2026-09-02T11:45:00+0530,151100.0,151193.0,150964.0,151111.0,258
2026-09-02T11:50:00+0530,151129.0,151148.0,151016.0,151130.0,110
2026-09-02T11:55:00+0530,151140.0,151186.0,151010.0,151010.0,150
2026-09-02T12:00:00+0530,151020.0,151120.0,150930.0,150950.0,141
2026-09-02T12:05:00+0530,150930.0,151050.0,150841.0,151050.0,198
2026-09-02T12:10:00+0530,151095.0,151200.0,151046.0,151050.0,178
2026-09-02T12:15:00+0530,151056.0,151095.0,150825.0,150828.0,121
2026-09-02T12:20:00+0530,150830.0,150848.0,150736.0,150765.0,207
2026-09-02T12:25:00+0530,150750.0,150964.0,150750.0,150956.0,162
2026-09-02T12:30:00+0530,150949.0,151058.0,150931.0,150960.0,111
2026-09-02T12:35:00+0530,151000.0,151084.0,150858.0,151077.0,207
2026-09-02T12:40:00+0530,151055.0,151200.0,151026.0,151057.0,264
2026-09-02T12:45:00+0530,151026.0,151089.0,151006.0,151068.0,128
2026-09-02T12:50:00+0530,151053.0,151100.0,151017.0,151097.0,59
2026-09-02T12:55:00+0530,151092.0,151150.0,151032.0,151069.0,90
2026-09-02T13:00:00+0530,151067.0,151188.0,151035.0,151085.0,140
2026-09-02T13:05:00+0530,151096.0,151200.0,151086.0,151110.0,89
2026-09-02T13:10:00+0530,151107.0,151125.0,150970.0,151001.0,137
2026-09-02T13:15:00+0530,151000.0,151011.0,150890.0,150890.0,92
2026-09-02T13:20:00+0530,150890.0,150987.0,150866.0,150967.0,67
2026-09-02T13:25:00+0530,150950.0,151044.0,150911.0,151029.0,90
2026-09-02T13:30:00+0530,151030.0,151150.0,151010.0,151146.0,193
2026-09-02T13:35:00+0530,151100.0,151188.0,151019.0,151166.0,101
2026-09-02T13:40:00+0530,151184.0,151250.0,151140.0,151151.0,185
2026-09-02T13:45:00+0530,151151.0,151180.0,151092.0,151092.0,53
2026-09-02T13:50:00+0530,151090.0,151135.0,151058.0,151124.0,61
2026-09-02T13:55:00+0530,151102.0,151125.0,151016.0,151056.0,80
2026-09-02T14:00:00+0530,151056.0,151103.0,150927.0,150928.0,135
2026-09-02T14:05:00+0530,150928.0,151049.0,150833.0,150963.0,259
2026-09-02T14:10:00+0530,151019.0,151044.0,150924.0,150930.0,119
2026-09-02T14:15:00+0530,150961.0,151000.0,150917.0,150947.0,77
2026-09-02T14:20:00+0530,150925.0,150925.0,150601.0,150601.0,414
2026-09-02T14:25:00+0530,150610.0,150750.0,150525.0,150528.0,397
2026-09-02T14:30:00+0530,150525.0,150700.0,150500.0,150677.0,353
2026-09-02T14:35:00+0530,150653.0,150903.0,150653.0,150774.0,265
2026-09-02T14:40:00+0530,150788.0,150806.0,150540.0,150600.0,201
2026-09-02T14:45:00+0530,150589.0,150639.0,150550.0,150608.0,213
2026-09-02T14:50:00+0530,150567.0,150578.0,150312.0,150410.0,504
2026-09-02T14:55:00+0530,150400.0,150447.0,150221.0,150372.0,579
2026-09-02T15:00:00+0530,150411.0,150411.0,150300.0,150400.0,286
2026-09-02T15:05:00+0530,150400.0,150408.0,150304.0,150312.0,287
2026-09-02T15:10:00+0530,150342.0,150493.0,150340.0,150435.0,203
2026-09-02T15:15:00+0530,150450.0,150600.0,150442.0,150500.0,235
2026-09-02T15:20:00+0530,150480.0,150500.0,150331.0,150390.0,324
2026-09-02T15:25:00+0530,150376.0,150450.0,150369.0,150390.0,135
2026-09-02T15:30:00+0530,150395.0,150453.0,150253.0,150289.0,174
2026-09-02T15:35:00+0530,150259.0,150282.0,150200.0,150208.0,274
2026-09-02T15:40:00+0530,150230.0,150448.0,150230.0,150404.0,192
2026-09-02T15:45:00+0530,150380.0,150498.0,150339.0,150473.0,122
2026-09-02T15:50:00+0530,150481.0,150689.0,150477.0,150540.0,324
2026-09-02T15:55:00+0530,150537.0,150576.0,150500.0,150537.0,106
2026-09-02T16:00:00+0530,150520.0,150536.0,150400.0,150494.0,144
2026-09-02T16:05:00+0530,150450.0,150493.0,150410.0,150430.0,66
2026-09-02T16:10:00+0530,150430.0,150551.0,150430.0,150538.0,102
2026-09-02T16:15:00+0530,150537.0,150565.0,150463.0,150522.0,88
2026-09-02T16:20:00+0530,150545.0,150545.0,150338.0,150398.0,195
2026-09-02T16:25:00+0530,150426.0,150480.0,150391.0,150480.0,79
2026-09-02T16:30:00+0530,150473.0,150658.0,150473.0,150625.0,252
2026-09-02T16:35:00+0530,150614.0,150633.0,150445.0,150594.0,188
2026-09-02T16:40:00+0530,150578.0,151000.0,150561.0,150995.0,684
2026-09-02T16:45:00+0530,150925.0,150951.0,150777.0,150880.0,835
2026-09-02T16:50:00+0530,150862.0,150969.0,150815.0,150866.0,372
2026-09-02T16:55:00+0530,150876.0,150990.0,150801.0,150960.0,204
2026-09-02T17:00:00+0530,150965.0,151244.0,150965.0,151187.0,716
2026-09-02T17:05:00+0530,151168.0,151490.0,151104.0,151436.0,1013
2026-09-02T17:10:00+0530,151442.0,151469.0,151007.0,151112.0,822
2026-09-02T17:15:00+0530,151110.0,151280.0,151110.0,151184.0,248
2026-09-02T17:20:00+0530,151150.0,151346.0,151031.0,151328.0,358
2026-09-02T17:25:00+0530,151338.0,151421.0,151221.0,151367.0,352
2026-09-02T17:30:00+0530,151367.0,151518.0,151264.0,151450.0,786
2026-09-02T17:35:00+0530,151470.0,151499.0,151304.0,151400.0,428
2026-09-02T17:40:00+0530,151400.0,151416.0,151230.0,151415.0,234
2026-09-02T17:45:00+0530,151419.0,151428.0,151315.0,151334.0,277
2026-09-02T17:50:00+0530,151317.0,151786.0,151290.0,151725.0,1243
2026-09-02T17:55:00+0530,151741.0,151860.0,151556.0,151668.0,920
2026-09-02T18:00:00+0530,151675.0,151700.0,151370.0,151370.0,477
2026-09-02T18:05:00+0530,151392.0,151470.0,151251.0,151470.0,528
2026-09-02T18:10:00+0530,151466.0,151585.0,151454.0,151560.0,214
2026-09-02T18:15:00+0530,151550.0,151656.0,151450.0,151656.0,296
2026-09-02T18:20:00+0530,151660.0,151664.0,151366.0,151411.0,351
2026-09-02T18:25:00+0530,151422.0,151422.0,151288.0,151295.0,232
2026-09-02T18:30:00+0530,151290.0,151619.0,151275.0,151503.0,326
2026-09-02T18:35:00+0530,151507.0,151667.0,151507.0,151615.0,341
2026-09-02T18:40:00+0530,151621.0,151637.0,151321.0,151351.0,490
2026-09-02T18:45:00+0530,151352.0,151479.0,151308.0,151405.0,322
2026-09-02T18:50:00+0530,151420.0,151562.0,151419.0,151543.0,262
2026-09-02T18:55:00+0530,151506.0,151600.0,151460.0,151540.0,623
2026-09-02T19:00:00+0530,151555.0,151999.0,151555.0,151900.0,1346
2026-09-02T19:05:00+0530,151887.0,151974.0,151810.0,151908.0,630
2026-09-02T19:10:00+0530,151913.0,152227.0,151864.0,152197.0,896
2026-09-02T19:15:00+0530,152215.0,152298.0,151921.0,151921.0,1048
2026-09-02T19:20:00+0530,151957.0,152180.0,151932.0,152135.0,373
2026-09-02T19:25:00+0530,152136.0,152345.0,152016.0,152345.0,502
2026-09-02T19:30:00+0530,152348.0,152498.0,152212.0,152498.0,1152
2026-09-02T19:35:00+0530,152488.0,152777.0,152464.0,152650.0,1325
2026-09-02T19:40:00+0530,152601.0,152770.0,152551.0,152601.0,1052
2026-09-02T19:45:00+0530,152616.0,152742.0,152511.0,152730.0,585
2026-09-02T19:50:00+0530,152743.0,152980.0,152723.0,152757.0,1173
2026-09-02T19:55:00+0530,152767.0,152873.0,152701.0,152850.0,499
2026-09-02T20:00:00+0530,152843.0,152855.0,152744.0,152744.0,458
2026-09-02T20:05:00+0530,152719.0,152764.0,152615.0,152667.0,598
2026-09-02T20:10:00+0530,152697.0,152749.0,152635.0,152740.0,212
2026-09-02T20:15:00+0530,152750.0,152775.0,152435.0,152488.0,641
2026-09-02T20:20:00+0530,152505.0,152541.0,152380.0,152400.0,610
2026-09-02T20:25:00+0530,152400.0,152450.0,152392.0,152450.0,285
2026-09-02T20:30:00+0530,152444.0,152600.0,152303.0,152500.0,552
2026-09-02T20:35:00+0530,152479.0,152600.0,152358.0,152450.0,337
2026-09-02T20:40:00+0530,152442.0,152526.0,152350.0,152365.0,188
2026-09-02T20:45:00+0530,152360.0,152365.0,152266.0,152300.0,365
2026-09-02T20:50:00+0530,152299.0,152338.0,152147.0,152269.0,484
2026-09-02T20:55:00+0530,152269.0,152314.0,152167.0,152307.0,274
2026-09-02T21:00:00+0530,152328.0,152525.0,152328.0,152430.0,462
2026-09-02T21:05:00+0530,152435.0,152450.0,152233.0,152314.0,249
2026-09-02T21:10:00+0530,152320.0,152396.0,152205.0,152205.0,218
2026-09-02T21:15:00+0530,152205.0,152316.0,152130.0,152316.0,311
2026-09-02T21:20:00+0530,152289.0,152380.0,152277.0,152320.0,114
2026-09-02T21:25:00+0530,152320.0,152546.0,152320.0,152513.0,271
2026-09-02T21:30:00+0530,152520.0,152583.0,152473.0,152540.0,268
2026-09-02T21:35:00+0530,152536.0,152536.0,152404.0,152449.0,139
2026-09-02T21:40:00+0530,152450.0,152516.0,152280.0,152360.0,214
2026-09-02T21:45:00+0530,152386.0,152386.0,152250.0,152274.0,109
2026-09-02T21:50:00+0530,152267.0,152367.0,152267.0,152336.0,114
2026-09-02T21:55:00+0530,152337.0,152350.0,152281.0,152287.0,48
2026-09-02T22:00:00+0530,152300.0,152350.0,152232.0,152278.0,141
2026-09-02T22:05:00+0530,152278.0,152320.0,152245.0,152300.0,61
2026-09-02T22:10:00+0530,152290.0,152291.0,152100.0,152127.0,256
2026-09-02T22:15:00+0530,152110.0,152150.0,152025.0,152140.0,391
2026-09-02T22:20:00+0530,152112.0,152383.0,152100.0,152354.0,253
2026-09-02T22:25:00+0530,152353.0,152429.0,152290.0,152354.0,259
2026-09-02T22:30:00+0530,152327.0,152380.0,152276.0,152309.0,143
2026-09-02T22:35:00+0530,152321.0,152371.0,152275.0,152326.0,62
2026-09-02T22:40:00+0530,152314.0,152343.0,152224.0,152292.0,123
2026-09-02T22:45:00+0530,152252.0,152290.0,152160.0,152174.0,166
2026-09-02T22:50:00+0530,152163.0,152290.0,152163.0,152290.0,143
2026-09-02T22:55:00+0530,152292.0,152364.0,152283.0,152350.0,114
2026-09-02T23:00:00+0530,152364.0,152395.0,152325.0,152330.0,180
2026-09-02T23:05:00+0530,152328.0,152350.0,152246.0,152265.0,128
2026-09-02T23:10:00+0530,152265.0,152700.0,152252.0,152670.0,621
2026-09-02T23:15:00+0530,152663.0,152790.0,152595.0,152595.0,699
2026-09-02T23:20:00+0530,152557.0,152640.0,152550.0,152637.0,306
2026-09-02T23:25:00+0530,152638.0,152740.0,152611.0,152700.0,544
2026-09-03T09:00:00+0530,152850.0,154440.0,152850.0,153908.0,1696
2026-09-03T09:05:00+0530,153888.0,153950.0,153792.0,153936.0,792
2026-09-03T09:10:00+0530,153908.0,153939.0,153657.0,153691.0,746
2026-09-03T09:15:00+0530,153680.0,153794.0,153630.0,153751.0,414
2026-09-03T09:20:00+0530,153755.0,153930.0,153725.0,153930.0,369
2026-09-03T09:25:00+0530,153931.0,154144.0,153917.0,154081.0,815
2026-09-03T09:30:00+0530,154076.0,154077.0,153854.0,153929.0,347
2026-09-03T09:35:00+0530,153922.0,154076.0,153829.0,154064.0,310
2026-09-03T09:40:00+0530,154069.0,154183.0,154016.0,154087.0,367
2026-09-03T09:45:00+0530,154088.0,154089.0,154012.0,154031.0,149
2026-09-03T09:50:00+0530,154032.0,154135.0,153980.0,154129.0,173
2026-09-03T09:55:00+0530,154106.0,154250.0,154089.0,154250.0,426
2026-09-03T10:00:00+0530,154250.0,154300.0,154185.0,154290.0,441
2026-09-03T10:05:00+0530,154247.0,154390.0,154247.0,154364.0,372
2026-09-03T10:10:00+0530,154364.0,154376.0,154300.0,154357.0,319
2026-09-03T10:15:00+0530,154337.0,154389.0,154229.0,154324.0,249
2026-09-03T10:20:00+0530,154329.0,154329.0,154155.0,154234.0,242
2026-09-03T10:25:00+0530,154201.0,154278.0,154090.0,154278.0,292
2026-09-03T10:30:00+0530,154275.0,154330.0,154229.0,154229.0,224
2026-09-03T10:35:00+0530,154229.0,154250.0,154043.0,154076.0,292
2026-09-03T10:40:00+0530,154076.0,154095.0,153961.0,153966.0,217
2026-09-03T10:45:00+0530,153952.0,154033.0,153855.0,154027.0,305
2026-09-03T10:50:00+0530,154007.0,154019.0,153750.0,153876.0,377
2026-09-03T10:55:00+0530,153899.0,153940.0,153792.0,153900.0,199
2026-09-03T11:00:00+0530,153850.0,154100.0,153807.0,154073.0,308
2026-09-03T11:05:00+0530,154063.0,154084.0,153860.0,153875.0,163
2026-09-03T11:10:00+0530,153864.0,154062.0,153830.0,154024.0,160
2026-09-03T11:15:00+0530,154022.0,154130.0,153950.0,154075.0,172
2026-09-03T11:20:00+0530,154101.0,154195.0,154000.0,154000.0,227
2026-09-03T11:25:00+0530,154033.0,154145.0,154000.0,154000.0,122
2026-09-03T11:30:00+0530,154001.0,154080.0,153925.0,153979.0,140
2026-09-03T11:35:00+0530,153953.0,154118.0,153950.0,154017.0,89
2026-09-03T11:40:00+0530,154017.0,154024.0,153862.0,153918.0,157
2026-09-03T11:45:00+0530,153909.0,153990.0,153860.0,153890.0,109
2026-09-03T11:50:00+0530,153869.0,153900.0,153594.0,153594.0,441
2026-09-03T11:55:00+0530,153580.0,153774.0,153579.0,153701.0,449
2026-09-03T12:00:00+0530,153701.0,153761.0,153700.0,153730.0,92
2026-09-03T12:05:00+0530,153732.0,153830.0,153717.0,153748.0,148
2026-09-03T12:10:00+0530,153734.0,153840.0,153734.0,153800.0,52
2026-09-03T12:15:00+0530,153817.0,153850.0,153800.0,153801.0,127
2026-09-03T12:20:00+0530,153801.0,153835.0,153700.0,153701.0,147
2026-09-03T12:25:00+0530,153700.0,153700.0,153521.0,153522.0,297
2026-09-03T12:30:00+0530,153547.0,153849.0,153420.0,153849.0,529
2026-09-03T12:35:00+0530,153850.0,153930.0,153706.0,153810.0,242
2026-09-03T12:40:00+0530,153838.0,153842.0,153711.0,153718.0,83
2026-09-03T12:45:00+0530,153749.0,153930.0,153749.0,153898.0,125
2026-09-03T12:50:00+0530,153832.0,153989.0,153822.0,153978.0,160
2026-09-03T12:55:00+0530,153970.0,153980.0,153876.0,153900.0,82
2026-09-03T13:00:00+0530,153895.0,153950.0,153884.0,153931.0,66
2026-09-03T13:05:00+0530,153990.0,154050.0,153900.0,153982.0,189
2026-09-03T13:10:00+0530,153974.0,154043.0,153936.0,153937.0,147
2026-09-03T13:15:00+0530,153951.0,153978.0,153863.0,153880.0,108
2026-09-03T13:20:00+0530,153880.0,153981.0,153801.0,153958.0,152
2026-09-03T13:25:00+0530,153915.0,153981.0,153901.0,153969.0,77
2026-09-03T13:30:00+0530,153980.0,154248.0,153932.0,154152.0,396
2026-09-03T13:35:00+0530,154167.0,154349.0,154133.0,154133.0,558
2026-09-03T13:40:00+0530,154128.0,154144.0,154020.0,154028.0,172
2026-09-03T13:45:00+0530,154025.0,154200.0,154020.0,154189.0,174
2026-09-03T13:50:00+0530,154213.0,154240.0,154091.0,154150.0,174
2026-09-03T13:55:00+0530,154146.0,154182.0,154082.0,154143.0,123
2026-09-03T14:00:00+0530,154151.0,154215.0,154091.0,154215.0,106
2026-09-03T14:05:00+0530,154188.0,154198.0,154081.0,154097.0,83
2026-09-03T14:10:00+0530,154077.0,154077.0,153956.0,154031.0,277
2026-09-03T14:15:00+0530,154040.0,154199.0,154040.0,154172.0,127
2026-09-03T14:20:00+0530,154160.0,154172.0,154040.0,154172.0,127
2026-09-03T14:25:00+0530,154154.0,154171.0,154089.0,154117.0,75
2026-09-03T14:30:00+0530,154101.0,154172.0,154055.0,154148.0,107
2026-09-03T14:35:00+0530,154130.0,154262.0,154076.0,154206.0,221
2026-09-03T14:40:00+0530,154197.0,154197.0,154100.0,154107.0,82
2026-09-03T14:45:00+0530,154138.0,154138.0,154001.0,154001.0,152
2026-09-03T14:50:00+0530,154038.0,154066.0,153919.0,153940.0,156
2026-09-03T14:55:00+0530,153926.0,154028.0,153900.0,153976.0,122
2026-09-03T15:00:00+0530,154029.0,154125.0,154029.0,154080.0,175
2026-09-03T15:05:00+0530,154063.0,154093.0,153844.0,153934.0,381
2026-09-03T15:10:00+0530,153927.0,153977.0,153850.0,153850.0,113
2026-09-03T15:15:00+0530,153851.0,153949.0,153750.0,153896.0,324
2026-09-03T15:20:00+0530,153920.0,153940.0,153771.0,153790.0,145
2026-09-03T15:25:00+0530,153810.0,153850.0,153752.0,153778.0,182
2026-09-03T15:30:00+0530,153758.0,153789.0,153641.0,153757.0,429
2026-09-03T15:35:00+0530,153781.0,153873.0,153700.0,153702.0,208
2026-09-03T15:40:00+0530,153721.0,153742.0,153606.0,153644.0,336
2026-09-03T15:45:00+0530,153644.0,153700.0,153525.0,153530.0,379
2026-09-03T15:50:00+0530,153553.0,153634.0,153506.0,153535.0,297
2026-09-03T15:55:00+0530,153530.0,153692.0,153528.0,153585.0,201
2026-09-03T16:00:00+0530,153570.0,153676.0,153550.0,153620.0,200
2026-09-03T16:05:00+0530,153612.0,153720.0,153612.0,153720.0,148
2026-09-03T16:10:00+0530,153723.0,153852.0,153707.0,153774.0,265
2026-09-03T16:15:00+0530,153795.0,153816.0,153740.0,153749.0,102
2026-09-03T16:20:00+0530,153771.0,153960.0,153748.0,153912.0,228
2026-09-03T16:25:00+0530,153952.0,153952.0,153847.0,153888.0,148
2026-09-03T16:30:00+0530,153849.0,153949.0,153810.0,153833.0,69
2026-09-03T16:35:00+0530,153833.0,153950.0,153766.0,153948.0,170
2026-09-03T16:40:00+0530,153947.0,154109.0,153903.0,154020.0,455
2026-09-03T16:45:00+0530,154048.0,154149.0,153980.0,154109.0,426
2026-09-03T16:50:00+0530,154109.0,154112.0,153931.0,153931.0,127
2026-09-03T16:55:00+0530,153946.0,154099.0,153935.0,154043.0,145
2026-09-03T17:00:00+0530,154065.0,154100.0,153845.0,154032.0,390
2026-09-03T17:05:00+0530,154005.0,154056.0,153940.0,153984.0,139
2026-09-03T17:10:00+0530,154008.0,154149.0,153981.0,154100.0,227
2026-09-03T17:15:00+0530,154079.0,154112.0,153935.0,154000.0,189
2026-09-03T17:20:00+0530,153993.0,154080.0,153936.0,154026.0,228
2026-09-03T17:25:00+0530,154038.0,154400.0,154038.0,154359.0,1222
2026-09-03T17:30:00+0530,154385.0,154617.0,154232.0,154555.0,1230
2026-09-03T17:35:00+0530,154563.0,154563.0,154372.0,154534.0,474
2026-09-03T17:40:00+0530,154548.0,154598.0,154351.0,154430.0,432
2026-09-03T17:45:00+0530,154429.0,154435.0,154250.0,154352.0,359
2026-09-03T17:50:00+0530,154300.0,154564.0,154202.0,154500.0,555
2026-09-03T17:55:00+0530,154520.0,154571.0,154474.0,154524.0,336
2026-09-03T18:00:00+0530,154530.0,155200.0,154530.0,155041.0,3675
2026-09-03T18:05:00+0530,154998.0,155449.0,154900.0,155320.0,1457
2026-09-03T18:10:00+0530,155316.0,155350.0,155074.0,155124.0,734
2026-09-03T18:15:00+0530,155127.0,155425.0,155056.0,155410.0,746
2026-09-03T18:20:00+0530,155410.0,155849.0,155350.0,155808.0,1553
2026-09-03T18:25:00+0530,155800.0,155850.0,155700.0,155769.0,1070
2026-09-03T18:30:00+0530,155746.0,155765.0,155505.0,155580.0,1128
2026-09-03T18:35:00+0530,155587.0,155644.0,155425.0,155531.0,691
2026-09-03T18:40:00+0530,155514.0,155620.0,155443.0,155562.0,383
2026-09-03T18:45:00+0530,155546.0,155600.0,155400.0,155400.0,505
2026-09-03T18:50:00+0530,155400.0,155555.0,155333.0,155555.0,361
2026-09-03T18:55:00+0530,155537.0,155568.0,155364.0,155480.0,293
2026-09-03T19:00:00+0530,155471.0,155500.0,155350.0,155452.0,338
2026-09-03T19:05:00+0530,155428.0,155460.0,155300.0,155302.0,332
2026-09-03T19:10:00+0530,155302.0,155302.0,155105.0,155139.0,589
2026-09-03T19:15:00+0530,155192.0,155192.0,154821.0,154857.0,924
2026-09-03T19:20:00+0530,154860.0,155129.0,154858.0,155076.0,603
2026-09-03T19:25:00+0530,155091.0,155311.0,155050.0,155306.0,549
2026-09-03T19:30:00+0530,155062.0,155144.0,154878.0,155055.0,985
2026-09-03T19:35:00+0530,155056.0,155250.0,154989.0,155083.0,474
2026-09-03T19:40:00+0530,155057.0,155200.0,154986.0,155189.0,233
2026-09-03T19:45:00+0530,155175.0,155450.0,155175.0,155423.0,636
2026-09-03T19:50:00+0530,155450.0,155599.0,155308.0,155427.0,724
2026-09-03T19:55:00+0530,155417.0,155497.0,155273.0,155488.0,269
2026-09-03T20:00:00+0530,155460.0,155560.0,155309.0,155360.0,281
2026-09-03T20:05:00+0530,155315.0,155398.0,155200.0,155250.0,263
2026-09-03T20:10:00+0530,155250.0,155399.0,155151.0,155313.0,227
2026-09-03T20:15:00+0530,155296.0,155550.0,155296.0,155438.0,337
2026-09-03T20:20:00+0530,155451.0,155540.0,155430.0,155458.0,124
2026-09-03T20:25:00+0530,155501.0,155570.0,155272.0,155550.0,457
2026-09-03T20:30:00+0530,155544.0,155999.0,155544.0,155973.0,1285
2026-09-03T20:35:00+0530,155962.0,156124.0,155865.0,156015.0,1233
2026-09-03T20:40:00+0530,156045.0,156146.0,155881.0,156123.0,696
2026-09-03T20:45:00+0530,156125.0,156381.0,156109.0,156381.0,945
2026-09-03T20:50:00+0530,156370.0,156372.0,156102.0,156205.0,563
2026-09-03T20:55:00+0530,156156.0,156255.0,156104.0,156230.0,385
2026-09-03T21:00:00+0530,156250.0,156299.0,156000.0,156120.0,663
2026-09-03T21:05:00+0530,156105.0,156195.0,155900.0,155959.0,434
2026-09-03T21:10:00+0530,155969.0,156046.0,155949.0,155971.0,186
2026-09-03T21:15:00+0530,155954.0,155970.0,155772.0,155820.0,475
2026-09-03T21:20:00+0530,155803.0,155950.0,155800.0,155900.0,380
2026-09-03T21:25:00+0530,155899.0,156011.0,155800.0,156011.0,257
2026-09-03T21:30:00+0530,156017.0,156017.0,155910.0,155930.0,178
2026-09-03T21:35:00+0530,155925.0,155948.0,155803.0,155932.0,107
2026-09-03T21:40:00+0530,155943.0,155999.0,155943.0,155988.0,114
2026-09-03T21:45:00+0530,155977.0,156000.0,155925.0,155970.0,166
2026-09-03T21:50:00+0530,155950.0,155969.0,155871.0,155909.0,111
2026-09-03T21:55:00+0530,155915.0,155980.0,155850.0,155952.0,112
2026-09-03T22:00:00+0530,155957.0,156092.0,155882.0,155896.0,269
2026-09-03T22:05:00+0530,155896.0,155929.0,155880.0,155920.0,123
2026-09-03T22:10:00+0530,155913.0,155923.0,155740.0,155752.0,324
2026-09-03T22:15:00+0530,155765.0,155880.0,155765.0,155800.0,134
2026-09-03T22:20:00+0530,155806.0,155842.0,155715.0,155793.0,172
2026-09-03T22:25:00+0530,155763.0,155788.0,155750.0,155750.0,135
2026-09-03T22:30:00+0530,155750.0,155789.0,155632.0,155780.0,454
2026-09-03T22:35:00+0530,155779.0,155857.0,155753.0,155772.0,220
2026-09-03T22:40:00+0530,155772.0,155820.0,155740.0,155820.0,115
2026-09-03T22:45:00+0530,155820.0,155840.0,155700.0,155780.0,187
2026-09-03T22:50:00+0530,155778.0,155850.0,155765.0,155830.0,149
2026-09-03T22:55:00+0530,155850.0,156056.0,155836.0,156034.0,581
2026-09-03T23:00:00+0530,156045.0,156059.0,155956.0,155982.0,296
2026-09-03T23:05:00+0530,155990.0,156030.0,155983.0,156011.0,165
2026-09-03T23:10:00+0530,155990.0,156025.0,155943.0,155961.0,250
2026-09-03T23:15:00+0530,155968.0,156000.0,155939.0,155959.0,349
2026-09-03T23:20:00+0530,155980.0,155985.0,155899.0,155943.0,453
2026-09-03T23:25:00+0530,155947.0,155970.0,155891.0,155930.0,610
2026-09-03T23:30:00+0530,155930.0,155930.0,155930.0,155930.0,0
2026-09-04T09:00:00+0530,155266.0,155444.0,154924.0,155206.0,1312
2026-09-04T09:05:00+0530,155217.0,155387.0,155168.0,155200.0,381
2026-09-04T09:10:00+0530,155200.0,155230.0,155030.0,155067.0,499
2026-09-04T09:15:00+0530,155079.0,155184.0,155005.0,155143.0,343
2026-09-04T09:20:00+0530,155123.0,155150.0,155055.0,155110.0,205
2026-09-04T09:25:00+0530,155110.0,155186.0,155008.0,155008.0,194
2026-09-04T09:30:00+0530,155010.0,155103.0,154860.0,155098.0,597
2026-09-04T09:35:00+0530,155077.0,155178.0,155073.0,155119.0,153
2026-09-04T09:40:00+0530,155129.0,155129.0,154959.0,155115.0,234
2026-09-04T09:45:00+0530,155088.0,155179.0,155066.0,155168.0,173
2026-09-04T09:50:00+0530,155134.0,155220.0,155107.0,155193.0,220
2026-09-04T09:55:00+0530,155193.0,155398.0,155168.0,155322.0,356
2026-09-04T10:00:00+0530,155309.0,155488.0,155309.0,155361.0,512
2026-09-04T10:05:00+0530,155353.0,155485.0,155333.0,155475.0,169
2026-09-04T10:10:00+0530,155451.0,155510.0,155450.0,155467.0,313
2026-09-04T10:15:00+0530,155471.0,155497.0,155401.0,155417.0,135
2026-09-04T10:20:00+0530,155430.0,155523.0,155430.0,155476.0,141
2026-09-04T10:25:00+0530,155508.0,155519.0,155467.0,155477.0,79
2026-09-04T10:30:00+0530,155457.0,155482.0,155220.0,155290.0,284
2026-09-04T10:35:00+0530,155230.0,155299.0,155152.0,155214.0,285
2026-09-04T10:40:00+0530,155181.0,155240.0,155151.0,155240.0,106
2026-09-04T10:45:00+0530,155276.0,155440.0,155240.0,155380.0,151
2026-09-04T10:50:00+0530,155399.0,155407.0,155274.0,155350.0,73
2026-09-04T10:55:00+0530,155321.0,155321.0,155150.0,155155.0,147
2026-09-04T11:00:00+0530,155148.0,155300.0,155120.0,155295.0,167
2026-09-04T11:05:00+0530,155295.0,155419.0,155171.0,155417.0,91
2026-09-04T11:10:00+0530,155429.0,155437.0,155283.0,155325.0,129
2026-09-04T11:15:00+0530,155325.0,155388.0,155280.0,155291.0,66
2026-09-04T11:20:00+0530,155299.0,155305.0,155200.0,155200.0,64
2026-09-04T11:25:00+0530,155200.0,155341.0,155200.0,155340.0,60
2026-09-04T11:30:00+0530,155302.0,155374.0,155262.0,155262.0,114
2026-09-04T11:35:00+0530,155270.0,155329.0,155200.0,155206.0,55
2026-09-04T11:40:00+0530,155206.0,155235.0,155036.0,155187.0,220
2026-09-04T11:45:00+0530,155167.0,155205.0,155080.0,155155.0,125
2026-09-04T11:50:00+0530,155163.0,155300.0,155163.0,155176.0,126
2026-09-04T11:55:00+0530,155205.0,155240.0,155172.0,155175.0,58
2026-09-04T12:00:00+0530,155166.0,155174.0,155050.0,155050.0,124
2026-09-04T12:05:00+0530,155051.0,155051.0,154907.0,154988.0,445
2026-09-04T12:10:00+0530,155015.0,155098.0,154961.0,154961.0,137
2026-09-04T12:15:00+0530,154956.0,154969.0,154733.0,154743.0,747
2026-09-04T12:20:00+0530,154739.0,154908.0,154731.0,154852.0,191
2026-09-04T12:25:00+0530,154866.0,154938.0,154819.0,154938.0,146
2026-09-04T12:30:00+0530,154919.0,155110.0,154876.0,155047.0,225
2026-09-04T12:35:00+0530,155047.0,155228.0,155001.0,155218.0,231
2026-09-04T12:40:00+0530,155217.0,155228.0,155071.0,155137.0,119
2026-09-04T12:45:00+0530,155100.0,155133.0,155050.0,155101.0,88
2026-09-04T12:50:00+0530,155110.0,155200.0,155080.0,155199.0,102
2026-09-04T12:55:00+0530,155180.0,155399.0,155172.0,155376.0,313
2026-09-04T13:00:00+0530,155376.0,155468.0,155327.0,155367.0,385
2026-09-04T13:05:00+0530,155368.0,155430.0,155364.0,155409.0,126
2026-09-04T13:10:00+0530,155382.0,155830.0,155292.0,155789.0,810
2026-09-04T13:15:00+0530,155792.0,155945.0,155756.0,155883.0,813
2026-09-04T13:20:00+0530,155879.0,155906.0,155625.0,155742.0,471
2026-09-04T13:25:00+0530,155769.0,155830.0,155623.0,155719.0,296
2026-09-04T13:30:00+0530,155717.0,155815.0,155681.0,155718.0,160
2026-09-04T13:35:00+0530,155658.0,155718.0,155560.0,155600.0,188
2026-09-04T13:40:00+0530,155600.0,155687.0,155520.0,155601.0,167
2026-09-04T13:45:00+0530,155631.0,155706.0,155600.0,155648.0,125
2026-09-04T13:50:00+0530,155648.0,155752.0,155606.0,155606.0,217
2026-09-04T13:55:00+0530,155600.0,155638.0,155561.0,155620.0,147
2026-09-04T14:00:00+0530,155622.0,155676.0,155521.0,155560.0,97
2026-09-04T14:05:00+0530,155596.0,155600.0,155500.0,155503.0,125
2026-09-04T14:10:00+0530,155503.0,155533.0,155411.0,155449.0,162
2026-09-04T14:15:00+0530,155450.0,155520.0,155375.0,155381.0,83
2026-09-04T14:20:00+0530,155371.0,155447.0,155265.0,155443.0,284
2026-09-04T14:25:00+0530,155400.0,155625.0,155384.0,155589.0,255
2026-09-04T14:30:00+0530,155581.0,155632.0,155507.0,155521.0,124
2026-09-04T14:35:00+0530,155557.0,155557.0,155344.0,155448.0,186
2026-09-04T14:40:00+0530,155443.0,155443.0,155150.0,155215.0,344
2026-09-04T14:45:00+0530,155216.0,155297.0,155148.0,155195.0,222
2026-09-04T14:50:00+0530,155185.0,155220.0,155028.0,155117.0,384
2026-09-04T14:55:00+0530,155120.0,155173.0,155058.0,155153.0,205
2026-09-04T15:00:00+0530,155161.0,155288.0,155102.0,155224.0,209
2026-09-04T15:05:00+0530,155201.0,155340.0,155200.0,155262.0,135
2026-09-04T15:10:00+0530,155252.0,155270.0,155155.0,155214.0,137
2026-09-04T15:15:00+0530,155214.0,155309.0,155208.0,155295.0,103
2026-09-04T15:20:00+0530,155318.0,155318.0,155156.0,155180.0,143
2026-09-04T15:25:00+0530,155160.0,155237.0,155106.0,155151.0,152
2026-09-04T15:30:00+0530,155154.0,155272.0,155106.0,155252.0,177
2026-09-04T15:35:00+0530,155256.0,155342.0,155232.0,155318.0,116
2026-09-04T15:40:00+0530,155317.0,155398.0,155252.0,155383.0,142
2026-09-04T15:45:00+0530,155339.0,155431.0,155324.0,155427.0,293
2026-09-04T15:50:00+0530,155424.0,155427.0,155262.0,155294.0,164
2026-09-04T15:55:00+0530,155278.0,155374.0,155276.0,155331.0,95
2026-09-04T16:00:00+0530,155323.0,155535.0,155323.0,155450.0,255
2026-09-04T16:05:00+0530,155456.0,155456.0,155300.0,155428.0,164
2026-09-04T16:10:00+0530,155434.0,155497.0,155397.0,155402.0,116
2026-09-04T16:15:00+0530,155402.0,155514.0,155402.0,155466.0,115
2026-09-04T16:20:00+0530,155460.0,155470.0,155351.0,155440.0,90
2026-09-04T16:25:00+0530,155434.0,155449.0,155377.0,155377.0,52
2026-09-04T16:30:00+0530,155350.0,155354.0,155266.0,155284.0,177
2026-09-04T16:35:00+0530,155280.0,155325.0,155226.0,155226.0,107
2026-09-04T16:40:00+0530,155210.0,155262.0,155210.0,155249.0,83
2026-09-04T16:45:00+0530,155254.0,155265.0,155050.0,155050.0,294
2026-09-04T16:50:00+0530,155055.0,155263.0,155050.0,155235.0,119
2026-09-04T16:55:00+0530,155167.0,155188.0,155081.0,155100.0,131
2026-09-04T17:00:00+0530,155081.0,155173.0,155050.0,155070.0,182
2026-09-04T17:05:00+0530,155107.0,155200.0,155072.0,155179.0,99
2026-09-04T17:10:00+0530,155179.0,155246.0,155113.0,155173.0,98
2026-09-04T17:15:00+0530,155166.0,155246.0,155166.0,155168.0,95
2026-09-04T17:20:00+0530,155200.0,155299.0,155100.0,155106.0,168
2026-09-04T17:25:00+0530,155101.0,155217.0,155006.0,155063.0,336
2026-09-04T17:30:00+0530,155084.0,155147.0,154887.0,155049.0,506
2026-09-04T17:35:00+0530,155085.0,155116.0,155019.0,155019.0,182
2026-09-04T17:40:00+0530,155001.0,155044.0,154829.0,154907.0,358
2026-09-04T17:45:00+0530,154919.0,155050.0,154900.0,155015.0,244
2026-09-04T17:50:00+0530,154990.0,155082.0,154914.0,155026.0,217
2026-09-04T17:55:00+0530,155026.0,155421.0,155000.0,155368.0,883
2026-09-04T18:00:00+0530,155391.0,155391.0,152010.0,152608.0,11324
2026-09-04T18:05:00+0530,152563.0,152799.0,152275.0,152588.0,2534
2026-09-04T18:10:00+0530,152572.0,153165.0,152400.0,152651.0,1991
2026-09-04T18:15:00+0530,152647.0,152647.0,152223.0,152584.0,2491
2026-09-04T18:20:00+0530,152577.0,152783.0,152413.0,152651.0,1617
2026-09-04T18:25:00+0530,152657.0,152757.0,152330.0,152341.0,1056
2026-09-04T18:30:00+0530,152317.0,152317.0,151519.0,151795.0,3762
2026-09-04T18:35:00+0530,151764.0,152098.0,151693.0,152080.0,1032
2026-09-04T18:40:00+0530,152057.0,152210.0,151847.0,152162.0,929
2026-09-04T18:45:00+0530,152169.0,152374.0,152100.0,152340.0,1051
2026-09-04T18:50:00+0530,152350.0,152694.0,152264.0,152578.0,997
2026-09-04T18:55:00+0530,152585.0,152751.0,152457.0,152710.0,845
2026-09-04T19:00:00+0530,152697.0,152950.0,152661.0,152721.0,1696
2026-09-04T19:05:00+0530,152743.0,152898.0,152535.0,152612.0,1223
2026-09-04T19:10:00+0530,152602.0,153099.0,152590.0,153099.0,934
2026-09-04T19:15:00+0530,153073.0,153384.0,152915.0,153180.0,1182
2026-09-04T19:20:00+0530,153199.0,153225.0,152921.0,152958.0,673
2026-09-04T19:25:00+0530,152999.0,153159.0,152680.0,152680.0,841
2026-09-04T19:30:00+0530,152680.0,152998.0,152646.0,152998.0,663
2026-09-04T19:35:00+0530,152989.0,153249.0,152912.0,153137.0,451
2026-09-04T19:40:00+0530,153131.0,153290.0,152914.0,153269.0,413
2026-09-04T19:45:00+0530,153265.0,153302.0,153110.0,153278.0,442
2026-09-04T19:50:00+0530,153224.0,153469.0,153170.0,153285.0,839
2026-09-04T19:55:00+0530,153250.0,153459.0,153220.0,153220.0,391
2026-09-04T20:00:00+0530,153200.0,153493.0,153200.0,153453.0,435
2026-09-04T20:05:00+0530,153468.0,153498.0,153010.0,153050.0,763
2026-09-04T20:10:00+0530,153060.0,153228.0,152928.0,153056.0,731
2026-09-04T20:15:00+0530,153048.0,153162.0,152851.0,153027.0,482
2026-09-04T20:20:00+0530,153050.0,153098.0,152850.0,152857.0,402
2026-09-04T20:25:00+0530,152860.0,153300.0,152860.0,153211.0,391
2026-09-04T20:30:00+0530,153198.0,153270.0,153051.0,153240.0,228
2026-09-04T20:35:00+0530,153200.0,153500.0,153200.0,153370.0,541
2026-09-04T20:40:00+0530,153371.0,153550.0,153299.0,153550.0,442
2026-09-04T20:45:00+0530,153562.0,153879.0,153483.0,153864.0,857
2026-09-04T20:50:00+0530,153878.0,153878.0,153600.0,153714.0,893
2026-09-04T20:55:00+0530,153716.0,153802.0,153530.0,153570.0,380
2026-09-04T21:00:00+0530,153570.0,153723.0,153550.0,153561.0,194
2026-09-04T21:05:00+0530,153586.0,153602.0,153412.0,153555.0,371
2026-09-04T21:10:00+0530,153542.0,153833.0,153434.0,153650.0,363
2026-09-04T21:15:00+0530,153660.0,153713.0,153592.0,153661.0,145
2026-09-04T21:20:00+0530,153662.0,153733.0,153499.0,153499.0,323
2026-09-04T21:25:00+0530,153477.0,153563.0,153349.0,153400.0,363
2026-09-04T21:30:00+0530,153400.0,153540.0,153400.0,153495.0,171
2026-09-04T21:35:00+0530,153500.0,153540.0,153279.0,153279.0,308
2026-09-04T21:40:00+0530,153244.0,153448.0,153217.0,153426.0,275
2026-09-04T21:45:00+0530,153426.0,153610.0,153379.0,153514.0,273
2026-09-04T21:50:00+0530,153515.0,153582.0,153333.0,153406.0,279
2026-09-04T21:55:00+0530,153444.0,153444.0,153310.0,153339.0,131
2026-09-04T22:00:00+0530,153310.0,153475.0,153301.0,153400.0,112
2026-09-04T22:05:00+0530,153389.0,153447.0,153357.0,153400.0,117
2026-09-04T22:10:00+0530,153370.0,153519.0,153366.0,153475.0,134
2026-09-04T22:15:00+0530,153457.0,153524.0,153411.0,153500.0,117
2026-09-04T22:20:00+0530,153503.0,153503.0,153333.0,153345.0,136
2026-09-04T22:25:00+0530,153343.0,153472.0,153325.0,153409.0,231
2026-09-04T22:30:00+0530,153400.0,153424.0,153159.0,153302.0,449
2026-09-04T22:35:00+0530,153299.0,153370.0,153215.0,153302.0,159
2026-09-04T22:40:00+0530,153328.0,153380.0,153275.0,153350.0,154
2026-09-04T22:45:00+0530,153305.0,153499.0,153278.0,153432.0,198
2026-09-04T22:50:00+0530,153465.0,153544.0,153260.0,153316.0,285
2026-09-04T22:55:00+0530,153316.0,153330.0,153156.0,153156.0,297
2026-09-04T23:00:00+0530,153155.0,153156.0,152942.0,152990.0,639
2026-09-04T23:05:00+0530,153014.0,153110.0,152952.0,153007.0,300
2026-09-04T23:10:00+0530,152980.0,152980.0,152725.0,152740.0,738
2026-09-04T23:15:00+0530,152771.0,152833.0,152705.0,152820.0,403
2026-09-04T23:20:00+0530,152820.0,152950.0,152820.0,152950.0,505
2026-09-04T23:25:00+0530,152926.0,152979.0,152850.0,152950.0,582
