datetime,open,high,low,close,volume
2026-08-03T09:05:00+0530,225400.0,225586.0,225255.0,225586.0,37
2026-08-03T09:10:00+0530,225586.0,225749.0,225534.0,225534.0,15
2026-08-03T09:15:00+0530,225534.0,225607.0,225473.0,225538.0,22
2026-08-03T09:20:00+0530,225538.0,225614.0,225519.0,225606.0,10
2026-08-03T09:25:00+0530,225609.0,225624.0,225567.0,225624.0,15
2026-08-03T09:30:00+0530,225624.0,225853.0,225624.0,225755.0,38
2026-08-03T09:35:00+0530,225755.0,226010.0,225703.0,226010.0,32
2026-08-03T09:40:00+0530,226010.0,226010.0,225700.0,225777.0,9
2026-08-03T09:45:00+0530,225777.0,225968.0,225777.0,225968.0,23
2026-08-03T09:50:00+0530,225968.0,226000.0,225949.0,225949.0,15
2026-08-03T09:55:00+0530,225949.0,226050.0,225949.0,226050.0,10
2026-08-03T10:00:00+0530,226050.0,226419.0,226050.0,226419.0,44
2026-08-03T10:05:00+0530,226419.0,226436.0,226201.0,226303.0,22
2026-08-03T10:10:00+0530,226303.0,226319.0,226160.0,226319.0,19
2026-08-03T10:15:00+0530,226319.0,226453.0,226286.0,226443.0,22
2026-08-03T10:20:00+0530,226443.0,226641.0,226086.0,226086.0,63
2026-08-03T10:25:00+0530,226086.0,226097.0,226001.0,226011.0,15
2026-08-03T10:30:00+0530,226011.0,226011.0,225919.0,225919.0,28
2026-08-03T10:35:00+0530,225919.0,225919.0,225646.0,225683.0,20
2026-08-03T10:40:00+0530,225683.0,225700.0,225501.0,225598.0,42
2026-08-03T10:45:00+0530,225598.0,225602.0,225416.0,225473.0,30
2026-08-03T10:50:00+0530,225473.0,225590.0,225473.0,225590.0,28
2026-08-03T10:55:00+0530,225590.0,225800.0,225590.0,225645.0,51
2026-08-03T11:00:00+0530,225645.0,225645.0,225162.0,225162.0,52
2026-08-03T11:05:00+0530,225162.0,225215.0,224950.0,225010.0,60
2026-08-03T11:10:00+0530,225010.0,225344.0,224800.0,225252.0,61
2026-08-03T11:15:00+0530,225252.0,225263.0,225187.0,225199.0,18
2026-08-03T11:20:00+0530,225199.0,225254.0,225111.0,225197.0,15
2026-08-03T11:25:00+0530,225197.0,225642.0,225197.0,225642.0,23
2026-08-03T11:30:00+0530,225642.0,225704.0,225395.0,225395.0,50
2026-08-03T11:35:00+0530,225395.0,225651.0,225395.0,225575.0,14
2026-08-03T11:40:00+0530,225575.0,225575.0,225501.0,225562.0,5
2026-08-03T11:45:00+0530,225562.0,225748.0,225520.0,225748.0,7
2026-08-03T11:50:00+0530,225748.0,226326.0,225747.0,226143.0,19
2026-08-03T11:55:00+0530,226143.0,226143.0,225775.0,225775.0,22
2026-08-03T12:00:00+0530,225775.0,225867.0,225705.0,225742.0,33
2026-08-03T12:05:00+0530,225742.0,225742.0,225591.0,225603.0,34
2026-08-03T12:10:00+0530,225603.0,225603.0,225549.0,225549.0,2
2026-08-03T12:15:00+0530,225549.0,225602.0,225549.0,225601.0,3
2026-08-03T12:20:00+0530,225601.0,225601.0,225490.0,225490.0,9
2026-08-03T12:25:00+0530,225490.0,225504.0,225430.0,225430.0,12
2026-08-03T12:30:00+0530,225430.0,225430.0,225200.0,225249.0,14
2026-08-03T12:35:00+0530,225249.0,225357.0,225249.0,225357.0,8
2026-08-03T12:40:00+0530,225357.0,225489.0,225357.0,225411.0,2
2026-08-03T12:45:00+0530,225411.0,225411.0,224900.0,224900.0,48
2026-08-03T12:50:00+0530,224900.0,225238.0,224900.0,225238.0,6
2026-08-03T12:55:00+0530,225238.0,225314.0,225238.0,225314.0,1
2026-08-03T13:00:00+0530,225314.0,225314.0,225202.0,225202.0,1
2026-08-03T13:05:00+0530,225202.0,225590.0,225202.0,225590.0,12
2026-08-03T13:10:00+0530,225590.0,225739.0,225590.0,225641.0,17
2026-08-03T13:15:00+0530,225641.0,225645.0,225641.0,225645.0,3
2026-08-03T13:20:00+0530,225645.0,225800.0,225645.0,225800.0,34
2026-08-03T13:25:00+0530,225800.0,225800.0,225600.0,225600.0,4
2026-08-03T13:30:00+0530,225600.0,225600.0,225445.0,225445.0,3
2026-08-03T13:35:00+0530,225445.0,225661.0,225445.0,225661.0,6
2026-08-03T13:40:00+0530,225661.0,225661.0,225526.0,225527.0,7
2026-08-03T13:45:00+0530,225527.0,225527.0,225400.0,225400.0,7
2026-08-03T13:50:00+0530,225400.0,225500.0,225400.0,225417.0,4
2026-08-03T13:55:00+0530,225417.0,225417.0,225417.0,225417.0,0
2026-08-03T14:00:00+0530,225417.0,225485.0,225400.0,225400.0,2
2026-08-03T14:05:00+0530,225400.0,225772.0,225400.0,225772.0,10
2026-08-03T14:10:00+0530,225772.0,225784.0,225700.0,225700.0,7
2026-08-03T14:15:00+0530,225700.0,226098.0,225662.0,225825.0,82
2026-08-03T14:20:00+0530,225825.0,225825.0,225738.0,225738.0,2
2026-08-03T14:25:00+0530,225738.0,225846.0,225738.0,225846.0,6
2026-08-03T14:30:00+0530,225846.0,225901.0,225843.0,225901.0,8
2026-08-03T14:35:00+0530,225901.0,225901.0,225869.0,225900.0,12
2026-08-03T14:40:00+0530,225900.0,226000.0,225872.0,225928.0,23
2026-08-03T14:45:00+0530,225928.0,225999.0,225717.0,225757.0,16
2026-08-03T14:50:00+0530,225757.0,225757.0,225527.0,225588.0,10
2026-08-03T14:55:00+0530,225588.0,225648.0,225515.0,225555.0,7
2026-08-03T15:00:00+0530,225555.0,225555.0,225337.0,225365.0,27
2026-08-03T15:05:00+0530,225365.0,225476.0,225335.0,225408.0,14
2026-08-03T15:10:00+0530,225408.0,225757.0,225408.0,225757.0,17
2026-08-03T15:15:00+0530,225757.0,225894.0,225756.0,225820.0,18
2026-08-03T15:20:00+0530,225850.0,225865.0,225773.0,225773.0,3
2026-08-03T15:25:00+0530,225773.0,225838.0,225761.0,225761.0,4
2026-08-03T15:30:00+0530,225761.0,225761.0,225700.0,225700.0,6
2026-08-03T15:35:00+0530,225700.0,225700.0,225592.0,225640.0,5
2026-08-03T15:40:00+0530,225640.0,225855.0,225640.0,225756.0,8
2026-08-03T15:45:00+0530,225756.0,225850.0,225697.0,225701.0,8
2026-08-03T15:50:00+0530,225701.0,225755.0,225539.0,225551.0,14
2026-08-03T15:55:00+0530,225551.0,225708.0,225551.0,225660.0,5
2026-08-03T16:00:00+0530,225660.0,225670.0,225412.0,225412.0,17
2026-08-03T16:05:00+0530,225412.0,225545.0,225400.0,225545.0,6
2026-08-03T16:10:00+0530,225545.0,225545.0,225469.0,225469.0,8
2026-08-03T16:15:00+0530,225469.0,225469.0,225405.0,225469.0,10
2026-08-03T16:20:00+0530,225469.0,225469.0,225318.0,225333.0,6
2026-08-03T16:25:00+0530,225333.0,225354.0,225202.0,225288.0,31
2026-08-03T16:30:00+0530,225288.0,225313.0,225250.0,225259.0,15
2026-08-03T16:35:00+0530,225259.0,225442.0,225259.0,225428.0,17
2026-08-03T16:40:00+0530,225428.0,225430.0,225428.0,225430.0,3
2026-08-03T16:45:00+0530,225430.0,225430.0,225133.0,225238.0,13
2026-08-03T16:50:00+0530,225238.0,225294.0,225190.0,225190.0,9
2026-08-03T16:55:00+0530,225190.0,225450.0,225190.0,225430.0,28
2026-08-03T17:00:00+0530,225430.0,225430.0,225219.0,225219.0,29
2026-08-03T17:05:00+0530,225219.0,225272.0,225016.0,225087.0,27
2026-08-03T17:10:00+0530,225069.0,225250.0,225013.0,225235.0,15
2026-08-03T17:15:00+0530,225235.0,225235.0,225200.0,225230.0,8
2026-08-03T17:20:00+0530,225230.0,225643.0,225230.0,225459.0,16
2026-08-03T17:25:00+0530,225459.0,225527.0,225459.0,225527.0,6
2026-08-03T17:30:00+0530,225527.0,225527.0,225350.0,225350.0,1
2026-08-03T17:35:00+0530,225350.0,225448.0,225350.0,225376.0,3
2026-08-03T17:40:00+0530,225376.0,225376.0,225025.0,225025.0,15
2026-08-03T17:45:00+0530,225025.0,225244.0,225025.0,225075.0,14
2026-08-03T17:50:00+0530,225075.0,225075.0,224700.0,224792.0,55
2026-08-03T17:55:00+0530,224792.0,224792.0,224589.0,224606.0,33
2026-08-03T18:00:00+0530,224606.0,224606.0,224248.0,224384.0,62
2026-08-03T18:05:00+0530,224384.0,224470.0,224200.0,224435.0,62
2026-08-03T18:10:00+0530,224435.0,224435.0,224110.0,224170.0,35
2026-08-03T18:15:00+0530,224170.0,224374.0,224170.0,224200.0,24
2026-08-03T18:20:00+0530,224200.0,224269.0,224100.0,224269.0,25
2026-08-03T18:25:00+0530,224152.0,224448.0,224007.0,224118.0,44
2026-08-03T18:30:00+0530,224118.0,224454.0,222540.0,222863.0,452
2026-08-03T18:35:00+0530,222863.0,223410.0,222800.0,223114.0,112
2026-08-03T18:40:00+0530,223114.0,223200.0,222390.0,222597.0,160
2026-08-03T18:45:00+0530,222597.0,222795.0,222222.0,222660.0,177
2026-08-03T18:50:00+0530,222660.0,222660.0,222025.0,222386.0,142
2026-08-03T18:55:00+0530,222386.0,222639.0,222140.0,222441.0,106
2026-08-03T19:00:00+0530,222441.0,222538.0,222112.0,222237.0,63
2026-08-03T19:05:00+0530,222237.0,222522.0,222053.0,222522.0,86
2026-08-03T19:10:00+0530,222522.0,223240.0,222522.0,223060.0,98
2026-08-03T19:15:00+0530,223060.0,223274.0,222880.0,223000.0,40
2026-08-03T19:20:00+0530,223000.0,223305.0,222847.0,223155.0,43
2026-08-03T19:25:00+0530,223141.0,223439.0,223141.0,223397.0,46
2026-08-03T19:30:00+0530,223298.0,223405.0,222990.0,223189.0,129
2026-08-03T19:35:00+0530,223189.0,223300.0,222999.0,222999.0,14
2026-08-03T19:40:00+0530,222999.0,223405.0,222996.0,223400.0,37
2026-08-03T19:45:00+0530,223400.0,223455.0,223167.0,223359.0,18
2026-08-03T19:50:00+0530,223359.0,223500.0,223304.0,223338.0,34
2026-08-03T19:55:00+0530,223338.0,223338.0,223006.0,223126.0,16
2026-08-03T20:00:00+0530,223126.0,223126.0,223011.0,223092.0,21
2026-08-03T20:05:00+0530,223092.0,223334.0,222850.0,223012.0,58
2026-08-03T20:10:00+0530,223012.0,223267.0,223012.0,223250.0,37
2026-08-03T20:15:00+0530,223250.0,223250.0,223150.0,223150.0,13
2026-08-03T20:20:00+0530,223150.0,223500.0,223150.0,223224.0,81
2026-08-03T20:25:00+0530,223224.0,223400.0,223224.0,223400.0,18
2026-08-03T20:30:00+0530,223400.0,223411.0,223300.0,223314.0,19
2026-08-03T20:35:00+0530,223314.0,223760.0,223252.0,223720.0,38
2026-08-03T20:40:00+0530,223720.0,223804.0,223552.0,223552.0,57
2026-08-03T20:45:00+0530,223552.0,223735.0,223552.0,223650.0,12
2026-08-03T20:50:00+0530,223650.0,223749.0,223626.0,223704.0,33
2026-08-03T20:55:00+0530,223704.0,223704.0,223188.0,223255.0,30
2026-08-03T21:00:00+0530,223255.0,223432.0,223255.0,223344.0,12
2026-08-03T21:05:00+0530,223344.0,223551.0,223303.0,223551.0,5
2026-08-03T21:10:00+0530,223551.0,223651.0,223535.0,223651.0,19
2026-08-03T21:15:00+0530,223651.0,223865.0,223651.0,223775.0,51
2026-08-03T21:20:00+0530,223775.0,223815.0,223650.0,223650.0,9
2026-08-03T21:25:00+0530,223650.0,223650.0,223438.0,223438.0,9
2026-08-03T21:30:00+0530,223438.0,223539.0,223403.0,223403.0,27
2026-08-03T21:35:00+0530,223403.0,223517.0,223403.0,223451.0,2
2026-08-03T21:40:00+0530,223451.0,223514.0,223451.0,223491.0,2
2026-08-03T21:45:00+0530,223491.0,223721.0,223451.0,223688.0,6
2026-08-03T21:50:00+0530,223688.0,223709.0,223643.0,223643.0,9
2026-08-03T21:55:00+0530,223643.0,223742.0,223643.0,223700.0,13
2026-08-03T22:00:00+0530,223700.0,223847.0,223700.0,223847.0,46
2026-08-03T22:05:00+0530,223847.0,224117.0,223738.0,223738.0,85
2026-08-03T22:10:00+0530,223738.0,223897.0,223738.0,223838.0,19
2026-08-03T22:15:00+0530,223838.0,223910.0,223711.0,223853.0,19
2026-08-03T22:20:00+0530,223853.0,224178.0,223853.0,224044.0,33
2026-08-03T22:25:00+0530,224044.0,224044.0,223962.0,223962.0,6
2026-08-03T22:30:00+0530,223962.0,223987.0,223756.0,223756.0,18
2026-08-03T22:35:00+0530,223756.0,223950.0,223691.0,223950.0,11
2026-08-03T22:40:00+0530,223950.0,223950.0,223841.0,223841.0,8
2026-08-03T22:45:00+0530,223841.0,224131.0,223841.0,224014.0,12
2026-08-03T22:50:00+0530,224014.0,224017.0,223865.0,223865.0,9
2026-08-03T22:55:00+0530,223865.0,223994.0,223865.0,223994.0,12
2026-08-03T23:00:00+0530,223994.0,224010.0,223891.0,223898.0,27
2026-08-03T23:05:00+0530,223898.0,224060.0,223898.0,224060.0,15
2026-08-03T23:10:00+0530,224060.0,224080.0,224008.0,224066.0,10
2026-08-03T23:15:00+0530,224066.0,224104.0,224008.0,224008.0,15
2026-08-03T23:20:00+0530,224008.0,224044.0,223948.0,223948.0,24
2026-08-03T23:25:00+0530,223948.0,224000.0,223845.0,223859.0,27
2026-08-04T09:00:00+0530,227319.0,227319.0,225855.0,226189.0,504
2026-08-04T09:05:00+0530,226189.0,226189.0,225742.0,225852.0,90
2026-08-04T09:10:00+0530,225852.0,225852.0,225501.0,225680.0,75
2026-08-04T09:15:00+0530,225680.0,226040.0,225680.0,225851.0,93
2026-08-04T09:20:00+0530,225865.0,226011.0,225800.0,225902.0,71
2026-08-04T09:25:00+0530,225902.0,225951.0,225800.0,225842.0,57
2026-08-04T09:30:00+0530,225842.0,226075.0,225842.0,225925.0,39
2026-08-04T09:35:00+0530,225925.0,225925.0,225815.0,225850.0,26
2026-08-04T09:40:00+0530,225850.0,225945.0,225797.0,225945.0,13
2026-08-04T09:45:00+0530,225949.0,225976.0,225878.0,225887.0,30
2026-08-04T09:50:00+0530,225887.0,225887.0,225784.0,225784.0,22
2026-08-04T09:55:00+0530,225784.0,226171.0,225784.0,226171.0,72
2026-08-04T10:00:00+0530,226171.0,226302.0,226171.0,226300.0,52
2026-08-04T10:05:00+0530,226300.0,226450.0,226210.0,226417.0,52
2026-08-04T10:10:00+0530,226417.0,226417.0,226287.0,226315.0,44
2026-08-04T10:15:00+0530,226315.0,226366.0,226240.0,226350.0,28
2026-08-04T10:20:00+0530,226350.0,226499.0,226299.0,226471.0,51
2026-08-04T10:25:00+0530,226471.0,226543.0,226300.0,226327.0,144
2026-08-04T10:30:00+0530,226327.0,226350.0,225917.0,225917.0,31
2026-08-04T10:35:00+0530,225917.0,226066.0,225882.0,226045.0,43
2026-08-04T10:40:00+0530,226045.0,226045.0,225801.0,225931.0,16
2026-08-04T10:45:00+0530,225931.0,226147.0,225900.0,226143.0,13
2026-08-04T10:50:00+0530,226141.0,226446.0,226135.0,226441.0,52
2026-08-04T10:55:00+0530,226441.0,226492.0,226396.0,226423.0,58
2026-08-04T11:00:00+0530,226423.0,226650.0,226423.0,226438.0,75
2026-08-04T11:05:00+0530,226438.0,226438.0,226220.0,226263.0,21
2026-08-04T11:10:00+0530,226263.0,226383.0,226151.0,226383.0,16
2026-08-04T11:15:00+0530,226383.0,226443.0,226361.0,226443.0,11
2026-08-04T11:20:00+0530,226443.0,226596.0,226357.0,226363.0,15
2026-08-04T11:25:00+0530,226363.0,226563.0,226328.0,226505.0,12
2026-08-04T11:30:00+0530,226505.0,226999.0,226505.0,226825.0,119
2026-08-04T11:35:00+0530,226825.0,226841.0,226697.0,226777.0,28
2026-08-04T11:40:00+0530,226777.0,226806.0,226700.0,226779.0,11
2026-08-04T11:45:00+0530,226779.0,226779.0,226500.0,226525.0,54
2026-08-04T11:50:00+0530,226525.0,226582.0,226525.0,226566.0,9
2026-08-04T11:55:00+0530,226566.0,226589.0,226444.0,226444.0,28
2026-08-04T12:00:00+0530,226444.0,226444.0,226234.0,226234.0,11
2026-08-04T12:05:00+0530,226234.0,226250.0,226100.0,226115.0,31
2026-08-04T12:10:00+0530,226115.0,226300.0,226050.0,226237.0,16
2026-08-04T12:15:00+0530,226237.0,226237.0,226170.0,226170.0,5
2026-08-04T12:20:00+0530,226170.0,226300.0,226170.0,226175.0,13
2026-08-04T12:25:00+0530,226175.0,226332.0,226175.0,226332.0,8
2026-08-04T12:30:00+0530,226332.0,226565.0,226332.0,226556.0,13
2026-08-04T12:35:00+0530,226556.0,226560.0,226336.0,226389.0,33
2026-08-04T12:40:00+0530,226389.0,226389.0,226386.0,226386.0,1
2026-08-04T12:45:00+0530,226386.0,226408.0,226386.0,226408.0,5
2026-08-04T12:50:00+0530,226408.0,226505.0,226390.0,226505.0,5
2026-08-04T12:55:00+0530,226505.0,226529.0,226404.0,226473.0,20
2026-08-04T13:00:00+0530,226473.0,226544.0,226473.0,226500.0,7
2026-08-04T13:05:00+0530,226500.0,226500.0,226364.0,226364.0,7
2026-08-04T13:10:00+0530,226364.0,226365.0,226325.0,226325.0,5
2026-08-04T13:15:00+0530,226325.0,226379.0,226325.0,226379.0,1
2026-08-04T13:20:00+0530,226379.0,226379.0,226358.0,226358.0,2
2026-08-04T13:25:00+0530,226358.0,226430.0,226358.0,226430.0,2
2026-08-04T13:30:00+0530,226430.0,226689.0,226430.0,226649.0,16
2026-08-04T13:35:00+0530,226649.0,226673.0,226536.0,226562.0,15
2026-08-04T13:40:00+0530,226562.0,226606.0,226562.0,226600.0,7
2026-08-04T13:45:00+0530,226600.0,226658.0,226546.0,226588.0,13
2026-08-04T13:50:00+0530,226588.0,226588.0,226386.0,226386.0,8
2026-08-04T13:55:00+0530,226386.0,226386.0,226301.0,226334.0,5
2026-08-04T14:00:00+0530,226334.0,226368.0,226240.0,226240.0,4
2026-08-04T14:05:00+0530,226240.0,226270.0,226240.0,226240.0,8
2026-08-04T14:10:00+0530,226240.0,226240.0,226106.0,226168.0,45
2026-08-04T14:15:00+0530,226168.0,226200.0,226110.0,226128.0,14
2026-08-04T14:20:00+0530,226128.0,226162.0,226100.0,226100.0,16
2026-08-04T14:25:00+0530,226100.0,226100.0,226000.0,226000.0,11
2026-08-04T14:30:00+0530,226000.0,226011.0,225927.0,225933.0,17
2026-08-04T14:35:00+0530,225933.0,225991.0,225646.0,225708.0,44
2026-08-04T14:40:00+0530,225708.0,225708.0,225475.0,225600.0,69
2026-08-04T14:45:00+0530,225600.0,225842.0,225600.0,225842.0,7
2026-08-04T14:50:00+0530,225842.0,226186.0,225842.0,226089.0,34
2026-08-04T14:55:00+0530,226089.0,226199.0,226050.0,226194.0,7
2026-08-04T15:00:00+0530,226194.0,226212.0,226099.0,226113.0,26
2026-08-04T15:05:00+0530,226113.0,226131.0,225912.0,225941.0,15
2026-08-04T15:10:00+0530,225941.0,226101.0,225941.0,226101.0,3
2026-08-04T15:15:00+0530,226101.0,226101.0,226004.0,226073.0,14
2026-08-04T15:20:00+0530,226073.0,226073.0,225855.0,225855.0,8
2026-08-04T15:25:00+0530,225855.0,225900.0,225816.0,225816.0,11
2026-08-04T15:30:00+0530,225816.0,225850.0,225816.0,225843.0,2
2026-08-04T15:35:00+0530,225843.0,225893.0,225843.0,225893.0,5
2026-08-04T15:40:00+0530,225893.0,226003.0,225860.0,226003.0,6
2026-08-04T15:45:00+0530,226003.0,226003.0,225848.0,225851.0,7
2026-08-04T15:50:00+0530,225851.0,225851.0,225851.0,225851.0,0
2026-08-04T15:55:00+0530,225851.0,225852.0,225851.0,225852.0,2
2026-08-04T16:00:00+0530,225852.0,225912.0,225810.0,225866.0,15
2026-08-04T16:05:00+0530,225866.0,225914.0,225850.0,225914.0,8
2026-08-04T16:10:00+0530,225914.0,226229.0,225850.0,226229.0,26
2026-08-04T16:15:00+0530,226229.0,226700.0,226229.0,226550.0,88
2026-08-04T16:20:00+0530,226550.0,226558.0,226386.0,226475.0,35
2026-08-04T16:25:00+0530,226475.0,226497.0,226118.0,226118.0,12
2026-08-04T16:30:00+0530,226118.0,226221.0,226118.0,226221.0,2
2026-08-04T16:35:00+0530,226221.0,226300.0,226209.0,226300.0,11
2026-08-04T16:40:00+0530,226300.0,226472.0,226197.0,226472.0,13
2026-08-04T16:45:00+0530,226472.0,226550.0,226409.0,226469.0,23
2026-08-04T16:50:00+0530,226469.0,226750.0,226469.0,226672.0,61
2026-08-04T16:55:00+0530,226672.0,226787.0,226608.0,226787.0,20
2026-08-04T17:00:00+0530,226787.0,226849.0,226705.0,226706.0,39
2026-08-04T17:05:00+0530,226706.0,226769.0,226632.0,226769.0,19
2026-08-04T17:10:00+0530,226769.0,227149.0,226652.0,227126.0,66
2026-08-04T17:15:00+0530,227126.0,227767.0,227016.0,227579.0,233
2026-08-04T17:20:00+0530,227579.0,227810.0,227452.0,227595.0,129
2026-08-04T17:25:00+0530,227595.0,227787.0,227430.0,227762.0,90
2026-08-04T17:30:00+0530,227762.0,227851.0,227307.0,227374.0,45
2026-08-04T17:35:00+0530,227374.0,227374.0,227023.0,227180.0,35
2026-08-04T17:40:00+0530,227180.0,227361.0,227180.0,227236.0,30
2026-08-04T17:45:00+0530,227236.0,227496.0,227079.0,227448.0,42
2026-08-04T17:50:00+0530,227448.0,227600.0,227448.0,227562.0,50
2026-08-04T17:55:00+0530,227562.0,228256.0,227562.0,228255.0,133
2026-08-04T18:00:00+0530,228255.0,228800.0,228255.0,228600.0,165
2026-08-04T18:05:00+0530,228600.0,228745.0,228358.0,228426.0,63
2026-08-04T18:10:00+0530,228426.0,228550.0,228165.0,228165.0,26
2026-08-04T18:15:00+0530,228165.0,228370.0,228136.0,228227.0,34
2026-08-04T18:20:00+0530,228227.0,228473.0,228201.0,228473.0,23
2026-08-04T18:25:00+0530,228473.0,228488.0,228159.0,228488.0,30
2026-08-04T18:30:00+0530,228413.0,228476.0,227741.0,227881.0,75
2026-08-04T18:35:00+0530,227881.0,227976.0,227780.0,227976.0,20
2026-08-04T18:40:00+0530,227976.0,227976.0,227825.0,227845.0,10
2026-08-04T18:45:00+0530,227845.0,228040.0,227662.0,227679.0,36
2026-08-04T18:50:00+0530,227679.0,228555.0,227605.0,228398.0,71
2026-08-04T18:55:00+0530,228398.0,228548.0,228375.0,228535.0,80
2026-08-04T19:00:00+0530,228535.0,228657.0,228167.0,228450.0,67
2026-08-04T19:05:00+0530,228450.0,228790.0,228430.0,228646.0,68
2026-08-04T19:10:00+0530,228646.0,228695.0,228371.0,228371.0,69
2026-08-04T19:15:00+0530,228371.0,228524.0,228280.0,228524.0,30
2026-08-04T19:20:00+0530,228524.0,228635.0,228501.0,228523.0,36
2026-08-04T19:25:00+0530,228523.0,228523.0,228291.0,228336.0,31
2026-08-04T19:30:00+0530,228336.0,228484.0,228130.0,228484.0,29
2026-08-04T19:35:00+0530,228484.0,228506.0,228304.0,228506.0,22
2026-08-04T19:40:00+0530,228506.0,228622.0,228449.0,228622.0,23
2026-08-04T19:45:00+0530,228622.0,228622.0,228149.0,228150.0,19
2026-08-04T19:50:00+0530,228150.0,228163.0,228087.0,228111.0,11
2026-08-04T19:55:00+0530,228111.0,228200.0,228056.0,228122.0,20
2026-08-04T20:00:00+0530,228122.0,228170.0,227912.0,227912.0,36
2026-08-04T20:05:00+0530,227912.0,227975.0,227322.0,227774.0,83
2026-08-04T20:10:00+0530,227774.0,227794.0,227600.0,227600.0,26
2026-08-04T20:15:00+0530,227600.0,227789.0,227600.0,227789.0,11
2026-08-04T20:20:00+0530,227789.0,228132.0,227789.0,228047.0,26
2026-08-04T20:25:00+0530,228047.0,228113.0,228047.0,228075.0,18
2026-08-04T20:30:00+0530,228075.0,228300.0,228075.0,228300.0,10
2026-08-04T20:35:00+0530,228300.0,228300.0,228050.0,228050.0,16
2026-08-04T20:40:00+0530,228050.0,228129.0,228000.0,228000.0,5
2026-08-04T20:45:00+0530,228000.0,228052.0,227769.0,227769.0,14
2026-08-04T20:50:00+0530,227769.0,227926.0,227747.0,227814.0,20
2026-08-04T20:55:00+0530,227814.0,227814.0,227779.0,227779.0,1
2026-08-04T21:00:00+0530,227779.0,227967.0,227779.0,227871.0,12
2026-08-04T21:05:00+0530,227871.0,228275.0,227827.0,228226.0,32
2026-08-04T21:10:00+0530,228226.0,228372.0,228193.0,228350.0,35
2026-08-04T21:15:00+0530,228350.0,228350.0,228203.0,228203.0,10
2026-08-04T21:20:00+0530,228203.0,228400.0,228203.0,228395.0,11
2026-08-04T21:25:00+0530,228395.0,228441.0,228345.0,228345.0,9
2026-08-04T21:30:00+0530,228345.0,228345.0,228284.0,228286.0,6
2026-08-04T21:35:00+0530,228286.0,228286.0,228199.0,228204.0,14
2026-08-04T21:40:00+0530,228204.0,228204.0,228121.0,228201.0,7
2026-08-04T21:45:00+0530,228201.0,228201.0,228120.0,228120.0,4
2026-08-04T21:50:00+0530,228120.0,228428.0,227933.0,228428.0,29
2026-08-04T21:55:00+0530,228428.0,228428.0,228354.0,228400.0,7
2026-08-04T22:00:00+0530,228400.0,228400.0,228240.0,228272.0,6
2026-08-04T22:05:00+0530,228272.0,228272.0,228153.0,228174.0,15
2026-08-04T22:10:00+0530,228174.0,228291.0,228174.0,228291.0,9
2026-08-04T22:15:00+0530,228291.0,228371.0,228291.0,228354.0,16
2026-08-04T22:20:00+0530,228354.0,228422.0,228354.0,228360.0,21
2026-08-04T22:25:00+0530,228360.0,228398.0,228324.0,228398.0,11
2026-08-04T22:30:00+0530,228398.0,228500.0,228340.0,228492.0,38
2026-08-04T22:35:00+0530,228492.0,228647.0,228492.0,228525.0,37
2026-08-04T22:40:00+0530,228525.0,228525.0,228428.0,228490.0,17
2026-08-04T22:45:00+0530,228490.0,228500.0,228400.0,228472.0,37
2026-08-04T22:50:00+0530,228472.0,228700.0,228472.0,228658.0,46
2026-08-04T22:55:00+0530,228658.0,228750.0,228574.0,228574.0,27
2026-08-04T23:00:00+0530,228574.0,228574.0,228444.0,228529.0,16
2026-08-04T23:05:00+0530,228529.0,228529.0,228464.0,228464.0,1
2026-08-04T23:10:00+0530,228464.0,228576.0,228464.0,228576.0,13
2026-08-04T23:15:00+0530,228576.0,228649.0,228556.0,228579.0,15
2026-08-04T23:20:00+0530,228501.0,228501.0,228450.0,228495.0,49
2026-08-04T23:25:00+0530,228495.0,229000.0,227635.0,228490.0,140
2026-08-05T09:00:00+0530,231555.0,232437.0,230039.0,230512.0,522
2026-08-05T09:05:00+0530,230512.0,230512.0,230211.0,230299.0,65
2026-08-05T09:10:00+0530,230299.0,230420.0,230217.0,230339.0,58
2026-08-05T09:15:00+0530,230339.0,230600.0,230339.0,230556.0,44
2026-08-05T09:20:00+0530,230556.0,230783.0,230483.0,230725.0,86
2026-08-05T09:25:00+0530,230725.0,230793.0,230665.0,230700.0,67
2026-08-05T09:30:00+0530,230700.0,230882.0,230643.0,230829.0,77
2026-08-05T09:35:00+0530,230829.0,230861.0,230750.0,230861.0,24
2026-08-05T09:40:00+0530,230861.0,230862.0,230673.0,230719.0,88
2026-08-05T09:45:00+0530,230719.0,230719.0,230506.0,230649.0,111
2026-08-05T09:50:00+0530,230649.0,230859.0,230565.0,230566.0,79
2026-08-05T09:55:00+0530,230620.0,230702.0,230536.0,230550.0,52
2026-08-05T10:00:00+0530,230550.0,230612.0,230349.0,230558.0,32
2026-08-05T10:05:00+0530,230558.0,230574.0,230359.0,230400.0,55
2026-08-05T10:10:00+0530,230400.0,230400.0,230181.0,230393.0,22
2026-08-05T10:15:00+0530,230393.0,230393.0,230149.0,230202.0,17
2026-08-05T10:20:00+0530,230202.0,230343.0,230184.0,230299.0,14
2026-08-05T10:25:00+0530,230299.0,230439.0,230299.0,230410.0,5
2026-08-05T10:30:00+0530,230440.0,230571.0,230440.0,230539.0,11
2026-08-05T10:35:00+0530,230539.0,230656.0,230500.0,230520.0,13
2026-08-05T10:40:00+0530,230520.0,230700.0,230520.0,230688.0,19
2026-08-05T10:45:00+0530,230688.0,230807.0,230687.0,230807.0,32
2026-08-05T10:50:00+0530,230807.0,230990.0,230774.0,230950.0,39
2026-08-05T10:55:00+0530,230950.0,230971.0,230860.0,230971.0,24
2026-08-05T11:00:00+0530,231040.0,231631.0,231040.0,231631.0,150
2026-08-05T11:05:00+0530,231631.0,231900.0,231595.0,231900.0,76
2026-08-05T11:10:00+0530,231900.0,232350.0,231755.0,232349.0,85
2026-08-05T11:15:00+0530,232349.0,232919.0,232221.0,232661.0,198
2026-08-05T11:20:00+0530,232702.0,232943.0,232577.0,232620.0,140
2026-08-05T11:25:00+0530,232620.0,232761.0,232168.0,232291.0,108
2026-08-05T11:30:00+0530,232291.0,232417.0,232185.0,232185.0,75
2026-08-05T11:35:00+0530,232185.0,232506.0,232075.0,232506.0,42
2026-08-05T11:40:00+0530,232506.0,232600.0,232458.0,232520.0,21
2026-08-05T11:45:00+0530,232520.0,232520.0,232155.0,232335.0,45
2026-08-05T11:50:00+0530,232335.0,232510.0,232251.0,232298.0,46
2026-08-05T11:55:00+0530,232298.0,232434.0,232298.0,232364.0,25
2026-08-05T12:00:00+0530,232364.0,232700.0,232364.0,232688.0,42
2026-08-05T12:05:00+0530,232688.0,233121.0,232688.0,233121.0,138
2026-08-05T12:10:00+0530,233121.0,233500.0,233121.0,233259.0,157
2026-08-05T12:15:00+0530,233259.0,233285.0,233073.0,233194.0,61
2026-08-05T12:20:00+0530,233194.0,233377.0,233194.0,233377.0,26
2026-08-05T12:25:00+0530,233377.0,233377.0,233205.0,233268.0,39
2026-08-05T12:30:00+0530,233268.0,233350.0,233089.0,233100.0,50
2026-08-05T12:35:00+0530,233100.0,233208.0,232901.0,232912.0,20
2026-08-05T12:40:00+0530,232912.0,232999.0,232555.0,232601.0,43
2026-08-05T12:45:00+0530,232601.0,232933.0,232601.0,232867.0,33
2026-08-05T12:50:00+0530,232867.0,233223.0,232867.0,233105.0,54
2026-08-05T12:55:00+0530,233105.0,233107.0,232596.0,232817.0,43
2026-08-05T13:00:00+0530,232817.0,232817.0,232612.0,232651.0,22
2026-08-05T13:05:00+0530,232651.0,232890.0,232642.0,232890.0,17
2026-08-05T13:10:00+0530,232890.0,233122.0,232890.0,232986.0,13
2026-08-05T13:15:00+0530,232986.0,233065.0,232805.0,232950.0,27
2026-08-05T13:20:00+0530,232950.0,233146.0,232906.0,232947.0,40
2026-08-05T13:25:00+0530,232947.0,233300.0,232947.0,233145.0,38
2026-08-05T13:30:00+0530,233145.0,233146.0,232993.0,233020.0,12
2026-08-05T13:35:00+0530,233020.0,233020.0,232798.0,232916.0,15
2026-08-05T13:40:00+0530,232916.0,232916.0,232669.0,232809.0,22
2026-08-05T13:45:00+0530,232809.0,232809.0,232592.0,232793.0,27
2026-08-05T13:50:00+0530,232793.0,232793.0,232451.0,232451.0,56
2026-08-05T13:55:00+0530,232451.0,232632.0,232406.0,232632.0,18
2026-08-05T14:00:00+0530,232632.0,232639.0,232632.0,232639.0,2
2026-08-05T14:05:00+0530,232639.0,232745.0,232537.0,232679.0,22
2026-08-05T14:10:00+0530,232679.0,232891.0,232668.0,232774.0,22
2026-08-05T14:15:00+0530,232774.0,232774.0,232466.0,232526.0,26
2026-08-05T14:20:00+0530,232526.0,232526.0,232352.0,232380.0,17
2026-08-05T14:25:00+0530,232380.0,232518.0,232369.0,232369.0,34
2026-08-05T14:30:00+0530,232435.0,232549.0,232428.0,232542.0,37
2026-08-05T14:35:00+0530,232542.0,232685.0,232542.0,232685.0,3
2026-08-05T14:40:00+0530,232685.0,232738.0,232643.0,232643.0,4
2026-08-05T14:45:00+0530,232643.0,232714.0,232493.0,232493.0,4
2026-08-05T14:50:00+0530,232493.0,232526.0,232420.0,232526.0,6
2026-08-05T14:55:00+0530,232526.0,232526.0,232422.0,232422.0,4
2026-08-05T15:00:00+0530,232422.0,232500.0,232422.0,232500.0,19
2026-08-05T15:05:00+0530,232550.0,232883.0,232550.0,232873.0,38
2026-08-05T15:10:00+0530,232848.0,233000.0,232848.0,232957.0,39
2026-08-05T15:15:00+0530,232957.0,233082.0,232806.0,232806.0,26
2026-08-05T15:20:00+0530,232806.0,232814.0,232775.0,232775.0,4
2026-08-05T15:25:00+0530,232775.0,232831.0,232567.0,232666.0,10
2026-08-05T15:30:00+0530,232666.0,232666.0,232241.0,232260.0,42
2026-08-05T15:35:00+0530,232260.0,232277.0,232130.0,232201.0,51
2026-08-05T15:40:00+0530,232201.0,232201.0,231769.0,231769.0,65
2026-08-05T15:45:00+0530,231769.0,232456.0,231730.0,232456.0,49
2026-08-05T15:50:00+0530,232456.0,232556.0,232250.0,232250.0,35
2026-08-05T15:55:00+0530,232250.0,232250.0,231946.0,232066.0,28
2026-08-05T16:00:00+0530,232066.0,232066.0,231900.0,232021.0,28
2026-08-05T16:05:00+0530,231943.0,231943.0,231771.0,231900.0,40
2026-08-05T16:10:00+0530,231900.0,232000.0,231734.0,231753.0,36
2026-08-05T16:15:00+0530,231753.0,231771.0,231636.0,231726.0,28
2026-08-05T16:20:00+0530,231726.0,231826.0,231726.0,231804.0,11
2026-08-05T16:25:00+0530,231804.0,232167.0,231804.0,232136.0,38
2026-08-05T16:30:00+0530,232136.0,232442.0,232054.0,232434.0,45
2026-08-05T16:35:00+0530,232434.0,232657.0,232390.0,232529.0,66
2026-08-05T16:40:00+0530,232529.0,232751.0,232529.0,232710.0,24
2026-08-05T16:45:00+0530,232710.0,232843.0,232650.0,232715.0,28
2026-08-05T16:50:00+0530,232715.0,232780.0,232661.0,232737.0,9
2026-08-05T16:55:00+0530,232737.0,233000.0,232633.0,232839.0,39
2026-08-05T17:00:00+0530,232839.0,233199.0,232839.0,233199.0,39
2026-08-05T17:05:00+0530,233199.0,233357.0,233175.0,233200.0,77
2026-08-05T17:10:00+0530,233200.0,233264.0,232885.0,233180.0,30
2026-08-05T17:15:00+0530,233180.0,233300.0,232949.0,233289.0,31
2026-08-05T17:20:00+0530,233289.0,233405.0,233289.0,233323.0,58
2026-08-05T17:25:00+0530,233323.0,233498.0,233323.0,233400.0,50
2026-08-05T17:30:00+0530,233400.0,233894.0,233400.0,233622.0,95
2026-08-05T17:35:00+0530,233622.0,233835.0,233622.0,233818.0,46
2026-08-05T17:40:00+0530,233818.0,233990.0,233783.0,233790.0,35
2026-08-05T17:45:00+0530,233790.0,234537.0,233790.0,234205.0,178
2026-08-05T17:50:00+0530,234205.0,234566.0,234153.0,234450.0,113
2026-08-05T17:55:00+0530,234450.0,234500.0,233800.0,233800.0,63
2026-08-05T18:00:00+0530,233800.0,234131.0,233399.0,233895.0,156
2026-08-05T18:05:00+0530,233895.0,234100.0,233841.0,233911.0,48
2026-08-05T18:10:00+0530,233911.0,233911.0,233487.0,233569.0,26
2026-08-05T18:15:00+0530,233624.0,233740.0,233441.0,233601.0,64
2026-08-05T18:20:00+0530,233601.0,233601.0,233035.0,233035.0,39
2026-08-05T18:25:00+0530,233035.0,233136.0,232751.0,232834.0,86
2026-08-05T18:30:00+0530,232834.0,233408.0,232834.0,233348.0,50
2026-08-05T18:35:00+0530,233348.0,233755.0,233348.0,233602.0,55
2026-08-05T18:40:00+0530,233602.0,233644.0,233118.0,233229.0,20
2026-08-05T18:45:00+0530,233229.0,233462.0,233229.0,233462.0,3
2026-08-05T18:50:00+0530,233462.0,233900.0,233462.0,233674.0,31
2026-08-05T18:55:00+0530,233674.0,233835.0,233577.0,233800.0,27
2026-08-05T19:00:00+0530,233800.0,233870.0,233742.0,233809.0,22
2026-08-05T19:05:00+0530,233809.0,233899.0,233382.0,233899.0,42
2026-08-05T19:10:00+0530,233899.0,233951.0,233707.0,233789.0,28
2026-08-05T19:15:00+0530,233789.0,233789.0,233386.0,233412.0,25
2026-08-05T19:20:00+0530,233412.0,233999.0,233233.0,233933.0,131
2026-08-05T19:25:00+0530,233933.0,234265.0,233833.0,234222.0,68
2026-08-05T19:30:00+0530,234222.0,234500.0,234047.0,234379.0,88
2026-08-05T19:35:00+0530,234379.0,234980.0,234379.0,234947.0,255
2026-08-05T19:40:00+0530,234947.0,235100.0,234379.0,234613.0,206
2026-08-05T19:45:00+0530,234613.0,234918.0,234500.0,234899.0,60
2026-08-05T19:50:00+0530,234899.0,234899.0,234369.0,234507.0,81
2026-08-05T19:55:00+0530,234507.0,234793.0,234473.0,234633.0,44
2026-08-05T20:00:00+0530,234633.0,234703.0,234167.0,234241.0,112
2026-08-05T20:05:00+0530,234241.0,234499.0,234240.0,234403.0,24
2026-08-05T20:10:00+0530,234403.0,234800.0,234207.0,234651.0,77
2026-08-05T20:15:00+0530,234651.0,234705.0,234475.0,234657.0,19
2026-08-05T20:20:00+0530,234657.0,234690.0,234000.0,234255.0,57
2026-08-05T20:25:00+0530,234255.0,234511.0,234190.0,234260.0,40
2026-08-05T20:30:00+0530,234260.0,234770.0,234260.0,234555.0,46
2026-08-05T20:35:00+0530,234555.0,234574.0,234398.0,234500.0,34
2026-08-05T20:40:00+0530,234500.0,234800.0,234500.0,234672.0,43
2026-08-05T20:45:00+0530,234672.0,234707.0,234236.0,234613.0,39
2026-08-05T20:50:00+0530,234613.0,234613.0,234559.0,234600.0,20
2026-08-05T20:55:00+0530,234600.0,234800.0,234579.0,234579.0,37
2026-08-05T21:00:00+0530,234579.0,234579.0,234403.0,234531.0,23
2026-08-05T21:05:00+0530,234531.0,234700.0,234531.0,234647.0,35
2026-08-05T21:10:00+0530,234647.0,234647.0,234355.0,234385.0,39
2026-08-05T21:15:00+0530,234385.0,234385.0,233859.0,233859.0,100
2026-08-05T21:20:00+0530,233859.0,233973.0,233439.0,233485.0,104
2026-08-05T21:25:00+0530,233485.0,233850.0,233322.0,233785.0,44
2026-08-05T21:30:00+0530,233785.0,233785.0,233400.0,233429.0,34
2026-08-05T21:35:00+0530,233429.0,233850.0,233429.0,233784.0,12
2026-08-05T21:40:00+0530,233784.0,233848.0,233641.0,233694.0,21
2026-08-05T21:45:00+0530,233694.0,233821.0,233694.0,233787.0,11
2026-08-05T21:50:00+0530,233787.0,234048.0,233687.0,234013.0,21
2026-08-05T21:55:00+0530,234013.0,234190.0,234013.0,234146.0,16
2026-08-05T22:00:00+0530,234146.0,234200.0,233858.0,234000.0,14
2026-08-05T22:05:00+0530,234000.0,234151.0,233916.0,234081.0,16
2026-08-05T22:10:00+0530,234081.0,234223.0,234062.0,234062.0,17
2026-08-05T22:15:00+0530,234062.0,234120.0,234000.0,234048.0,26
2026-08-05T22:20:00+0530,234048.0,234132.0,234000.0,234132.0,12
2026-08-05T22:25:00+0530,234132.0,234132.0,233870.0,233884.0,13
2026-08-05T22:30:00+0530,233884.0,233931.0,233783.0,233857.0,16
2026-08-05T22:35:00+0530,233857.0,234119.0,233848.0,234119.0,9
2026-08-05T22:40:00+0530,234119.0,234119.0,233900.0,234000.0,10
2026-08-05T22:45:00+0530,234000.0,234004.0,233859.0,233859.0,16
2026-08-05T22:50:00+0530,233859.0,233962.0,233800.0,233962.0,26
2026-08-05T22:55:00+0530,233962.0,234008.0,233851.0,234008.0,5
2026-08-05T23:00:00+0530,234008.0,234104.0,233994.0,234104.0,17
2026-08-05T23:05:00+0530,234104.0,234219.0,234080.0,234200.0,30
2026-08-05T23:10:00+0530,234200.0,234218.0,234127.0,234188.0,15
2026-08-05T23:15:00+0530,234188.0,234200.0,234121.0,234196.0,35
2026-08-05T23:20:00+0530,234200.0,234297.0,234133.0,234201.0,66
2026-08-05T23:25:00+0530,234201.0,234280.0,234150.0,234150.0,102
2026-08-05T23:30:00+0530,234150.0,234150.0,234150.0,234150.0,0
2026-08-06T09:00:00+0530,234017.0,234358.0,233413.0,234010.0,217
2026-08-06T09:05:00+0530,234010.0,234269.0,233844.0,234269.0,40
2026-08-06T09:10:00+0530,234269.0,234475.0,234200.0,234200.0,68
2026-08-06T09:15:00+0530,234200.0,234309.0,234137.0,234226.0,45
2026-08-06T09:20:00+0530,234226.0,234400.0,234158.0,234400.0,44
2026-08-06T09:25:00+0530,234400.0,234760.0,234400.0,234742.0,43
2026-08-06T09:30:00+0530,234742.0,235000.0,234742.0,235000.0,100
2026-08-06T09:35:00+0530,235000.0,235199.0,234837.0,235142.0,84
2026-08-06T09:40:00+0530,235142.0,235142.0,234699.0,234699.0,61
2026-08-06T09:45:00+0530,234699.0,234921.0,234587.0,234921.0,49
2026-08-06T09:50:00+0530,234921.0,234921.0,234761.0,234761.0,13
2026-08-06T09:55:00+0530,234761.0,234787.0,234452.0,234498.0,28
2026-08-06T10:00:00+0530,234498.0,234619.0,234498.0,234500.0,24
2026-08-06T10:05:00+0530,234500.0,234600.0,234400.0,234538.0,13
2026-08-06T10:10:00+0530,234538.0,234587.0,234466.0,234545.0,6
2026-08-06T10:15:00+0530,234545.0,234550.0,234467.0,234500.0,4
2026-08-06T10:20:00+0530,234500.0,234624.0,234476.0,234624.0,10
2026-08-06T10:25:00+0530,234624.0,234850.0,234610.0,234692.0,29
2026-08-06T10:30:00+0530,234692.0,234797.0,234606.0,234606.0,18
2026-08-06T10:35:00+0530,234606.0,234678.0,234606.0,234678.0,4
2026-08-06T10:40:00+0530,234678.0,234678.0,234500.0,234500.0,8
2026-08-06T10:45:00+0530,234500.0,234500.0,234100.0,234109.0,19
2026-08-06T10:50:00+0530,234109.0,234123.0,233785.0,233785.0,63
2026-08-06T10:55:00+0530,233785.0,233839.0,233200.0,233355.0,142
2026-08-06T11:00:00+0530,233355.0,233355.0,232309.0,233018.0,345
2026-08-06T11:05:00+0530,233018.0,233500.0,232993.0,233500.0,85
2026-08-06T11:10:00+0530,233500.0,233709.0,233500.0,233709.0,28
2026-08-06T11:15:00+0530,233709.0,233999.0,233689.0,233894.0,52
2026-08-06T11:20:00+0530,233894.0,234400.0,233894.0,234213.0,54
2026-08-06T11:25:00+0530,234213.0,234275.0,234117.0,234250.0,35
2026-08-06T11:30:00+0530,234250.0,234250.0,234000.0,234054.0,34
2026-08-06T11:35:00+0530,234054.0,234255.0,233818.0,233818.0,28
2026-08-06T11:40:00+0530,233878.0,233878.0,233672.0,233777.0,19
2026-08-06T11:45:00+0530,233777.0,233872.0,233500.0,233568.0,42
2026-08-06T11:50:00+0530,233568.0,233689.0,233548.0,233613.0,15
2026-08-06T11:55:00+0530,233613.0,233613.0,233351.0,233499.0,28
2026-08-06T12:00:00+0530,233499.0,233499.0,233184.0,233225.0,16
2026-08-06T12:05:00+0530,233225.0,233424.0,233136.0,233136.0,19
2026-08-06T12:10:00+0530,233136.0,233431.0,232775.0,233431.0,44
2026-08-06T12:15:00+0530,233431.0,233520.0,233374.0,233376.0,19
2026-08-06T12:20:00+0530,233376.0,233376.0,233200.0,233200.0,8
2026-08-06T12:25:00+0530,233200.0,233229.0,233122.0,233221.0,17
2026-08-06T12:30:00+0530,233221.0,233221.0,233100.0,233200.0,14
2026-08-06T12:35:00+0530,233200.0,233656.0,233200.0,233656.0,22
2026-08-06T12:40:00+0530,233656.0,233847.0,233656.0,233749.0,19
2026-08-06T12:45:00+0530,233749.0,233940.0,233660.0,233940.0,13
2026-08-06T12:50:00+0530,233940.0,233941.0,233749.0,233850.0,5
2026-08-06T12:55:00+0530,233850.0,233866.0,233750.0,233750.0,8
2026-08-06T13:00:00+0530,233750.0,233750.0,233670.0,233670.0,6
2026-08-06T13:05:00+0530,233670.0,233670.0,233470.0,233470.0,8
2026-08-06T13:10:00+0530,233470.0,233470.0,233182.0,233182.0,2
2026-08-06T13:15:00+0530,233182.0,233459.0,233182.0,233404.0,4
2026-08-06T13:20:00+0530,233404.0,233404.0,233138.0,233400.0,7
2026-08-06T13:25:00+0530,233400.0,233677.0,233400.0,233650.0,5
2026-08-06T13:30:00+0530,233650.0,233772.0,233500.0,233500.0,6
2026-08-06T13:35:00+0530,233500.0,233677.0,233500.0,233677.0,2
2026-08-06T13:40:00+0530,233677.0,233883.0,233660.0,233883.0,10
2026-08-06T13:45:00+0530,233883.0,233883.0,233721.0,233740.0,9
2026-08-06T13:50:00+0530,233740.0,233740.0,233550.0,233595.0,7
2026-08-06T13:55:00+0530,233595.0,233743.0,233572.0,233743.0,5
2026-08-06T14:00:00+0530,233743.0,233880.0,233743.0,233826.0,7
2026-08-06T14:05:00+0530,233826.0,233850.0,233653.0,233696.0,11
2026-08-06T14:10:00+0530,233696.0,233800.0,233696.0,233786.0,4
2026-08-06T14:15:00+0530,233786.0,233802.0,233692.0,233769.0,7
2026-08-06T14:20:00+0530,233769.0,234192.0,233769.0,234192.0,27
2026-08-06T14:25:00+0530,234192.0,234621.0,234192.0,234621.0,55
2026-08-06T14:30:00+0530,234621.0,234921.0,234531.0,234531.0,82
2026-08-06T14:35:00+0530,234531.0,234603.0,234077.0,234077.0,43
2026-08-06T14:40:00+0530,234077.0,234426.0,234070.0,234426.0,14
2026-08-06T14:45:00+0530,234426.0,234580.0,234426.0,234530.0,25
2026-08-06T14:50:00+0530,234530.0,234580.0,234478.0,234559.0,27
2026-08-06T14:55:00+0530,234559.0,234560.0,234407.0,234542.0,23
2026-08-06T15:00:00+0530,234542.0,234560.0,234333.0,234397.0,27
2026-08-06T15:05:00+0530,234397.0,234436.0,234224.0,234224.0,16
2026-08-06T15:10:00+0530,234224.0,234224.0,233803.0,233803.0,25
2026-08-06T15:15:00+0530,233803.0,234125.0,233803.0,234069.0,14
2026-08-06T15:20:00+0530,234069.0,234070.0,234036.0,234036.0,3
2026-08-06T15:25:00+0530,234036.0,234267.0,234009.0,234235.0,18
2026-08-06T15:30:00+0530,234235.0,234400.0,234146.0,234146.0,26
2026-08-06T15:35:00+0530,234146.0,234211.0,233934.0,233934.0,15
2026-08-06T15:40:00+0530,233934.0,234048.0,233900.0,233908.0,8
2026-08-06T15:45:00+0530,233861.0,234000.0,233810.0,234000.0,13
2026-08-06T15:50:00+0530,234000.0,234198.0,234000.0,234174.0,6
2026-08-06T15:55:00+0530,234174.0,234200.0,234174.0,234174.0,3
2026-08-06T16:00:00+0530,234174.0,234174.0,234093.0,234093.0,5
2026-08-06T16:05:00+0530,234093.0,234093.0,233949.0,233967.0,8
2026-08-06T16:10:00+0530,233967.0,233967.0,233581.0,233609.0,12
2026-08-06T16:15:00+0530,233609.0,234095.0,233609.0,234093.0,18
2026-08-06T16:20:00+0530,234093.0,234093.0,233995.0,233995.0,7
2026-08-06T16:25:00+0530,233995.0,233995.0,233671.0,233900.0,27
2026-08-06T16:30:00+0530,233900.0,234075.0,233429.0,233429.0,42
2026-08-06T16:35:00+0530,233429.0,233656.0,233429.0,233656.0,11
2026-08-06T16:40:00+0530,233656.0,233735.0,233637.0,233700.0,6
2026-08-06T16:45:00+0530,233700.0,233955.0,233700.0,233772.0,3
2026-08-06T16:50:00+0530,233772.0,233772.0,233501.0,233550.0,34
2026-08-06T16:55:00+0530,233550.0,233867.0,233505.0,233854.0,8
2026-08-06T17:00:00+0530,233854.0,233994.0,233854.0,233931.0,11
2026-08-06T17:05:00+0530,233931.0,233996.0,233747.0,233747.0,12
2026-08-06T17:10:00+0530,233747.0,233747.0,233491.0,233491.0,17
2026-08-06T17:15:00+0530,233491.0,233532.0,233203.0,233302.0,27
2026-08-06T17:20:00+0530,233302.0,233415.0,233250.0,233350.0,28
2026-08-06T17:25:00+0530,233350.0,233792.0,233350.0,233792.0,27
2026-08-06T17:30:00+0530,233792.0,233792.0,233358.0,233513.0,10
2026-08-06T17:35:00+0530,233513.0,233680.0,233227.0,233227.0,19
2026-08-06T17:40:00+0530,233227.0,233300.0,233217.0,233297.0,25
2026-08-06T17:45:00+0530,233297.0,233308.0,233175.0,233296.0,34
2026-08-06T17:50:00+0530,233296.0,233550.0,233296.0,233451.0,22
2026-08-06T17:55:00+0530,233451.0,233451.0,233400.0,233401.0,8
2026-08-06T18:00:00+0530,233401.0,233959.0,233126.0,233730.0,76
2026-08-06T18:05:00+0530,233730.0,233730.0,233495.0,233604.0,10
2026-08-06T18:10:00+0530,233604.0,233604.0,233308.0,233308.0,22
2026-08-06T18:15:00+0530,233308.0,233309.0,232706.0,232904.0,117
2026-08-06T18:20:00+0530,232904.0,232904.0,232520.0,232600.0,85
2026-08-06T18:25:00+0530,232600.0,232707.0,232387.0,232460.0,79
2026-08-06T18:30:00+0530,232460.0,233110.0,232417.0,232941.0,57
2026-08-06T18:35:00+0530,232941.0,232941.0,231754.0,231824.0,156
2026-08-06T18:40:00+0530,231824.0,232249.0,231790.0,231800.0,99
2026-08-06T18:45:00+0530,231800.0,232377.0,231800.0,232345.0,64
2026-08-06T18:50:00+0530,232345.0,232666.0,232189.0,232255.0,38
2026-08-06T18:55:00+0530,232255.0,232508.0,232128.0,232396.0,19
2026-08-06T19:00:00+0530,232396.0,232601.0,232305.0,232601.0,22
2026-08-06T19:05:00+0530,232601.0,233143.0,232601.0,232887.0,69
2026-08-06T19:10:00+0530,232887.0,233485.0,232783.0,233300.0,63
2026-08-06T19:15:00+0530,233300.0,233300.0,232833.0,232833.0,34
2026-08-06T19:20:00+0530,232833.0,233013.0,232833.0,232993.0,7
2026-08-06T19:25:00+0530,232993.0,233189.0,232993.0,233099.0,8
2026-08-06T19:30:00+0530,233099.0,233321.0,233099.0,233103.0,27
2026-08-06T19:35:00+0530,233103.0,233229.0,233000.0,233071.0,39
2026-08-06T19:40:00+0530,233071.0,233410.0,233001.0,233100.0,36
2026-08-06T19:45:00+0530,233100.0,233100.0,232765.0,233038.0,29
2026-08-06T19:50:00+0530,233038.0,233038.0,232714.0,232714.0,6
2026-08-06T19:55:00+0530,232714.0,232900.0,232645.0,232900.0,21
2026-08-06T20:00:00+0530,232900.0,233087.0,232900.0,233087.0,8
2026-08-06T20:05:00+0530,233087.0,233367.0,233087.0,233133.0,23
2026-08-06T20:10:00+0530,233133.0,233260.0,233133.0,233260.0,6
2026-08-06T20:15:00+0530,233260.0,233300.0,232901.0,232901.0,9
2026-08-06T20:20:00+0530,232901.0,232948.0,232772.0,232948.0,14
2026-08-06T20:25:00+0530,232948.0,233200.0,232948.0,233200.0,10
2026-08-06T20:30:00+0530,233200.0,233341.0,233200.0,233233.0,8
2026-08-06T20:35:00+0530,233233.0,233269.0,233066.0,233066.0,7
2026-08-06T20:40:00+0530,233066.0,233142.0,232852.0,232944.0,10
2026-08-06T20:45:00+0530,232999.0,232999.0,232500.0,232550.0,24
2026-08-06T20:50:00+0530,232550.0,232738.0,232400.0,232568.0,30
2026-08-06T20:55:00+0530,232568.0,232884.0,232568.0,232610.0,17
2026-08-06T21:00:00+0530,232610.0,232644.0,232574.0,232644.0,11
2026-08-06T21:05:00+0530,232644.0,232644.0,232349.0,232562.0,13
2026-08-06T21:10:00+0530,232562.0,232625.0,232490.0,232599.0,14
2026-08-06T21:15:00+0530,232599.0,232599.0,232413.0,232520.0,11
2026-08-06T21:20:00+0530,232520.0,232520.0,232022.0,232022.0,38
2026-08-06T21:25:00+0530,232102.0,232400.0,231900.0,232200.0,71
2026-08-06T21:30:00+0530,232200.0,232400.0,232132.0,232202.0,32
2026-08-06T21:35:00+0530,232202.0,232385.0,232202.0,232385.0,11
2026-08-06T21:40:00+0530,232385.0,232497.0,232055.0,232083.0,12
2026-08-06T21:45:00+0530,232083.0,232083.0,231559.0,231687.0,132
2026-08-06T21:50:00+0530,231687.0,231880.0,231627.0,231627.0,44
2026-08-06T21:55:00+0530,231627.0,232064.0,231627.0,232050.0,46
2026-08-06T22:00:00+0530,232050.0,232179.0,232010.0,232125.0,22
2026-08-06T22:05:00+0530,232125.0,232401.0,232125.0,232304.0,17
2026-08-06T22:10:00+0530,232304.0,232342.0,232050.0,232078.0,22
2026-08-06T22:15:00+0530,232078.0,232220.0,232078.0,232142.0,8
2026-08-06T22:20:00+0530,232261.0,232376.0,232240.0,232355.0,27
2026-08-06T22:25:00+0530,232355.0,232559.0,232355.0,232453.0,22
2026-08-06T22:30:00+0530,232453.0,232635.0,232453.0,232635.0,55
2026-08-06T22:35:00+0530,232635.0,232701.0,232551.0,232595.0,22
2026-08-06T22:40:00+0530,232595.0,232702.0,232502.0,232565.0,29
2026-08-06T22:45:00+0530,232565.0,232746.0,232427.0,232746.0,42
2026-08-06T22:50:00+0530,232746.0,232800.0,232635.0,232643.0,21
2026-08-06T22:55:00+0530,232681.0,232747.0,232643.0,232643.0,25
2026-08-06T23:00:00+0530,232643.0,232647.0,232505.0,232598.0,20
2026-08-06T23:05:00+0530,232598.0,232695.0,232550.0,232650.0,4
2026-08-06T23:10:00+0530,232650.0,232719.0,232589.0,232719.0,14
2026-08-06T23:15:00+0530,232719.0,232719.0,232545.0,232646.0,10
2026-08-06T23:20:00+0530,232646.0,232899.0,232646.0,232843.0,39
2026-08-06T23:25:00+0530,232843.0,232999.0,232843.0,232860.0,32
2026-08-07T09:00:00+0530,234458.0,234836.0,234030.0,234196.0,186
2026-08-07T09:05:00+0530,234196.0,234631.0,234196.0,234430.0,89
2026-08-07T09:10:00+0530,234430.0,234640.0,234398.0,234570.0,42
2026-08-07T09:15:00+0530,234570.0,234751.0,234570.0,234650.0,74
2026-08-07T09:20:00+0530,234650.0,234721.0,234580.0,234580.0,21
2026-08-07T09:25:00+0530,234580.0,234800.0,234530.0,234790.0,49
2026-08-07T09:30:00+0530,234790.0,234995.0,234640.0,234740.0,91
2026-08-07T09:35:00+0530,234740.0,236000.0,234740.0,235008.0,270
2026-08-07T09:40:00+0530,235008.0,235100.0,234800.0,234951.0,54
2026-08-07T09:45:00+0530,234951.0,234999.0,234662.0,234755.0,23
2026-08-07T09:50:00+0530,234755.0,234951.0,234686.0,234849.0,44
2026-08-07T09:55:00+0530,234849.0,234908.0,234759.0,234908.0,13
2026-08-07T10:00:00+0530,234908.0,235400.0,234892.0,235399.0,65
2026-08-07T10:05:00+0530,235399.0,235399.0,235152.0,235152.0,40
2026-08-07T10:10:00+0530,235152.0,235243.0,235056.0,235183.0,31
2026-08-07T10:15:00+0530,235183.0,235183.0,235056.0,235100.0,28
2026-08-07T10:20:00+0530,235100.0,235147.0,235002.0,235124.0,73
2026-08-07T10:25:00+0530,235124.0,235196.0,235080.0,235080.0,21
2026-08-07T10:30:00+0530,235080.0,235094.0,234900.0,235037.0,22
2026-08-07T10:35:00+0530,235037.0,235037.0,234868.0,234955.0,12
2026-08-07T10:40:00+0530,234955.0,235254.0,234934.0,235077.0,58
2026-08-07T10:45:00+0530,235077.0,235085.0,235025.0,235079.0,13
2026-08-07T10:50:00+0530,235079.0,235100.0,234999.0,235007.0,16
2026-08-07T10:55:00+0530,235007.0,235164.0,235000.0,235000.0,27
2026-08-07T11:00:00+0530,235000.0,235515.0,235000.0,235452.0,89
2026-08-07T11:05:00+0530,235452.0,235537.0,235216.0,235399.0,56
2026-08-07T11:10:00+0530,235399.0,235399.0,235278.0,235303.0,8
2026-08-07T11:15:00+0530,235303.0,235921.0,235303.0,235869.0,87
2026-08-07T11:20:00+0530,235869.0,235999.0,235631.0,235829.0,86
2026-08-07T11:25:00+0530,235829.0,236298.0,235829.0,236176.0,127
2026-08-07T11:30:00+0530,236176.0,236250.0,235935.0,236250.0,77
2026-08-07T11:35:00+0530,236250.0,236736.0,236250.0,236584.0,146
2026-08-07T11:40:00+0530,236584.0,237420.0,236584.0,237313.0,168
2026-08-07T11:45:00+0530,237313.0,237995.0,237171.0,237800.0,233
2026-08-07T11:50:00+0530,237800.0,237975.0,237630.0,237916.0,204
2026-08-07T11:55:00+0530,237916.0,237916.0,237416.0,237511.0,88
2026-08-07T12:00:00+0530,237511.0,237700.0,237300.0,237614.0,137
2026-08-07T12:05:00+0530,237614.0,238381.0,237614.0,238381.0,146
2026-08-07T12:10:00+0530,238381.0,238699.0,238067.0,238699.0,193
2026-08-07T12:15:00+0530,238699.0,239482.0,238611.0,238921.0,317
2026-08-07T12:20:00+0530,238921.0,239155.0,238707.0,238873.0,108
2026-08-07T12:25:00+0530,238873.0,238900.0,238622.0,238796.0,115
2026-08-07T12:30:00+0530,238796.0,238796.0,238067.0,238495.0,128
2026-08-07T12:35:00+0530,238495.0,238495.0,238095.0,238172.0,38
2026-08-07T12:40:00+0530,238172.0,238515.0,238113.0,238515.0,36
2026-08-07T12:45:00+0530,238515.0,238680.0,238500.0,238579.0,46
2026-08-07T12:50:00+0530,238579.0,238752.0,238500.0,238500.0,43
2026-08-07T12:55:00+0530,238500.0,238592.0,238450.0,238528.0,21
2026-08-07T13:00:00+0530,238528.0,238715.0,238499.0,238650.0,31
2026-08-07T13:05:00+0530,238650.0,238750.0,238650.0,238700.0,17
2026-08-07T13:10:00+0530,238700.0,238797.0,238512.0,238700.0,38
2026-08-07T13:15:00+0530,238700.0,238932.0,238700.0,238900.0,69
2026-08-07T13:20:00+0530,238900.0,239100.0,238827.0,238993.0,46
2026-08-07T13:25:00+0530,238993.0,239180.0,238993.0,239100.0,31
2026-08-07T13:30:00+0530,239100.0,239400.0,239087.0,239300.0,77
2026-08-07T13:35:00+0530,239275.0,239750.0,239275.0,239750.0,96
2026-08-07T13:40:00+0530,239750.0,240250.0,239698.0,240105.0,208
2026-08-07T13:45:00+0530,240157.0,240400.0,239433.0,239700.0,146
2026-08-07T13:50:00+0530,239700.0,239700.0,239403.0,239672.0,76
2026-08-07T13:55:00+0530,239672.0,239699.0,239423.0,239600.0,41
2026-08-07T14:00:00+0530,239604.0,240611.0,239604.0,240565.0,138
2026-08-07T14:05:00+0530,240565.0,240762.0,240169.0,240427.0,124
2026-08-07T14:10:00+0530,240427.0,240450.0,240071.0,240071.0,58
2026-08-07T14:15:00+0530,240071.0,240307.0,239908.0,240212.0,60
2026-08-07T14:20:00+0530,240212.0,240294.0,240100.0,240137.0,43
2026-08-07T14:25:00+0530,240137.0,240300.0,240137.0,240260.0,35
2026-08-07T14:30:00+0530,240260.0,240441.0,240200.0,240441.0,59
2026-08-07T14:35:00+0530,240455.0,240494.0,240300.0,240450.0,39
2026-08-07T14:40:00+0530,240450.0,240500.0,240100.0,240279.0,101
2026-08-07T14:45:00+0530,240279.0,240402.0,240221.0,240262.0,34
2026-08-07T14:50:00+0530,240262.0,240437.0,240262.0,240420.0,31
2026-08-07T14:55:00+0530,240420.0,240462.0,240099.0,240099.0,65
2026-08-07T15:00:00+0530,240099.0,240200.0,240000.0,240200.0,30
2026-08-07T15:05:00+0530,240200.0,240420.0,240150.0,240420.0,17
2026-08-07T15:10:00+0530,240408.0,240655.0,240310.0,240586.0,52
2026-08-07T15:15:00+0530,240586.0,241000.0,240560.0,240850.0,124
2026-08-07T15:20:00+0530,240850.0,241012.0,240763.0,240869.0,60
2026-08-07T15:25:00+0530,240869.0,240869.0,240132.0,240497.0,79
2026-08-07T15:30:00+0530,240497.0,240497.0,240105.0,240235.0,41
2026-08-07T15:35:00+0530,240235.0,240321.0,240137.0,240227.0,39
2026-08-07T15:40:00+0530,240227.0,240271.0,240150.0,240191.0,39
2026-08-07T15:45:00+0530,240191.0,240210.0,239940.0,240025.0,56
2026-08-07T15:50:00+0530,240025.0,240044.0,239977.0,239977.0,33
2026-08-07T15:55:00+0530,239977.0,240277.0,239977.0,239980.0,36
2026-08-07T16:00:00+0530,239980.0,240200.0,239980.0,240182.0,10
2026-08-07T16:05:00+0530,240182.0,240459.0,239993.0,240459.0,44
2026-08-07T16:10:00+0530,240459.0,240500.0,240279.0,240365.0,60
2026-08-07T16:15:00+0530,240365.0,240365.0,240141.0,240314.0,13
2026-08-07T16:20:00+0530,240314.0,240357.0,240254.0,240311.0,10
2026-08-07T16:25:00+0530,240311.0,240311.0,240130.0,240139.0,6
2026-08-07T16:30:00+0530,240139.0,240413.0,240139.0,240413.0,21
2026-08-07T16:35:00+0530,240413.0,240442.0,240300.0,240300.0,18
2026-08-07T16:40:00+0530,240300.0,240300.0,239700.0,239700.0,61
2026-08-07T16:45:00+0530,239700.0,239918.0,239183.0,239527.0,168
2026-08-07T16:50:00+0530,239527.0,239650.0,239372.0,239650.0,47
2026-08-07T16:55:00+0530,239650.0,240000.0,239604.0,239973.0,56
2026-08-07T17:00:00+0530,239973.0,240213.0,239941.0,240072.0,28
2026-08-07T17:05:00+0530,240072.0,240072.0,239500.0,240000.0,85
2026-08-07T17:10:00+0530,240000.0,240000.0,239889.0,239933.0,10
2026-08-07T17:15:00+0530,239933.0,240071.0,239900.0,240071.0,12
2026-08-07T17:20:00+0530,240071.0,240071.0,239534.0,239809.0,40
2026-08-07T17:25:00+0530,239809.0,239955.0,239675.0,239675.0,7
2026-08-07T17:30:00+0530,239695.0,239911.0,239694.0,239900.0,22
2026-08-07T17:35:00+0530,239900.0,239900.0,239695.0,239842.0,12
2026-08-07T17:40:00+0530,239807.0,239897.0,239666.0,239671.0,17
2026-08-07T17:45:00+0530,239671.0,239671.0,239339.0,239442.0,47
2026-08-07T17:50:00+0530,239442.0,239616.0,239353.0,239353.0,22
2026-08-07T17:55:00+0530,239353.0,239840.0,239061.0,239176.0,75
2026-08-07T18:00:00+0530,239176.0,241287.0,239176.0,241055.0,565
2026-08-07T18:05:00+0530,241055.0,241588.0,240846.0,241558.0,344
2026-08-07T18:10:00+0530,241558.0,241860.0,241160.0,241631.0,181
2026-08-07T18:15:00+0530,241631.0,242050.0,241631.0,241800.0,185
2026-08-07T18:20:00+0530,241721.0,241909.0,241490.0,241500.0,126
2026-08-07T18:25:00+0530,241500.0,241573.0,241188.0,241400.0,120
2026-08-07T18:30:00+0530,241551.0,241581.0,240481.0,240646.0,251
2026-08-07T18:35:00+0530,240646.0,240754.0,240161.0,240467.0,149
2026-08-07T18:40:00+0530,240467.0,240589.0,240075.0,240122.0,90
2026-08-07T18:45:00+0530,240122.0,240195.0,239207.0,240050.0,216
2026-08-07T18:50:00+0530,240041.0,240493.0,240038.0,240493.0,117
2026-08-07T18:55:00+0530,240493.0,240677.0,240179.0,240596.0,82
2026-08-07T19:00:00+0530,240651.0,240651.0,239933.0,240156.0,85
2026-08-07T19:05:00+0530,240156.0,240913.0,239985.0,240788.0,111
2026-08-07T19:10:00+0530,240788.0,240976.0,240667.0,240800.0,27
2026-08-07T19:15:00+0530,240800.0,240990.0,240462.0,240462.0,33
2026-08-07T19:20:00+0530,240462.0,240635.0,240321.0,240588.0,55
2026-08-07T19:25:00+0530,240588.0,240644.0,239566.0,240052.0,106
2026-08-07T19:30:00+0530,240052.0,240100.0,239282.0,239300.0,106
2026-08-07T19:35:00+0530,239300.0,239588.0,239100.0,239303.0,88
2026-08-07T19:40:00+0530,239303.0,239700.0,238607.0,239127.0,156
2026-08-07T19:45:00+0530,239127.0,239600.0,238609.0,239520.0,124
2026-08-07T19:50:00+0530,239520.0,239700.0,239400.0,239618.0,39
2026-08-07T19:55:00+0530,239618.0,239699.0,239392.0,239613.0,27
2026-08-07T20:00:00+0530,239613.0,239613.0,239175.0,239438.0,23
2026-08-07T20:05:00+0530,239438.0,239600.0,239269.0,239269.0,23
2026-08-07T20:10:00+0530,239269.0,239463.0,239182.0,239332.0,47
2026-08-07T20:15:00+0530,239182.0,239281.0,238793.0,238911.0,49
2026-08-07T20:20:00+0530,238911.0,239329.0,238911.0,239105.0,26
2026-08-07T20:25:00+0530,239105.0,239105.0,238771.0,238857.0,46
2026-08-07T20:30:00+0530,238857.0,239446.0,238806.0,239225.0,62
2026-08-07T20:35:00+0530,239225.0,239597.0,239159.0,239409.0,56
2026-08-07T20:40:00+0530,239409.0,239550.0,239288.0,239500.0,41
2026-08-07T20:45:00+0530,239500.0,239500.0,239301.0,239450.0,18
2026-08-07T20:50:00+0530,239450.0,239480.0,239368.0,239401.0,17
2026-08-07T20:55:00+0530,239401.0,239401.0,239160.0,239160.0,40
2026-08-07T21:00:00+0530,239160.0,239230.0,238918.0,239230.0,34
2026-08-07T21:05:00+0530,239230.0,239414.0,239211.0,239263.0,30
2026-08-07T21:10:00+0530,239263.0,239272.0,238900.0,238916.0,27
2026-08-07T21:15:00+0530,238916.0,239226.0,238916.0,239155.0,25
2026-08-07T21:20:00+0530,239155.0,239329.0,238747.0,238929.0,53
2026-08-07T21:25:00+0530,238929.0,238929.0,238751.0,238819.0,19
2026-08-07T21:30:00+0530,238819.0,238819.0,238327.0,238600.0,131
2026-08-07T21:35:00+0530,238600.0,239149.0,238600.0,239110.0,11
2026-08-07T21:40:00+0530,239110.0,239145.0,238936.0,239099.0,22
2026-08-07T21:45:00+0530,239099.0,239099.0,238768.0,238768.0,28
2026-08-07T21:50:00+0530,238768.0,239095.0,238604.0,238625.0,64
2026-08-07T21:55:00+0530,238625.0,238825.0,238582.0,238825.0,18
2026-08-07T22:00:00+0530,238825.0,238825.0,238550.0,238813.0,19
2026-08-07T22:05:00+0530,238813.0,238813.0,238677.0,238773.0,13
2026-08-07T22:10:00+0530,238773.0,238855.0,238585.0,238623.0,20
2026-08-07T22:15:00+0530,238623.0,238824.0,238531.0,238665.0,32
2026-08-07T22:20:00+0530,238665.0,238665.0,238195.0,238300.0,99
2026-08-07T22:25:00+0530,238300.0,238300.0,238000.0,238000.0,96
2026-08-07T22:30:00+0530,238000.0,238300.0,237800.0,238220.0,95
2026-08-07T22:35:00+0530,238220.0,238599.0,238220.0,238300.0,45
2026-08-07T22:40:00+0530,238300.0,238350.0,238124.0,238345.0,33
2026-08-07T22:45:00+0530,238345.0,238399.0,238155.0,238200.0,47
2026-08-07T22:50:00+0530,238200.0,238532.0,238200.0,238532.0,38
2026-08-07T22:55:00+0530,238532.0,238588.0,238460.0,238584.0,29
2026-08-07T23:00:00+0530,238584.0,238656.0,238402.0,238612.0,47
2026-08-07T23:05:00+0530,238612.0,238612.0,238319.0,238594.0,46
2026-08-07T23:10:00+0530,238594.0,238796.0,238594.0,238680.0,54
2026-08-07T23:15:00+0530,238680.0,238680.0,238565.0,238663.0,45
2026-08-07T23:20:00+0530,238638.0,238879.0,238638.0,238807.0,107
2026-08-07T23:25:00+0530,238807.0,238989.0,238800.0,238870.0,69
2026-08-10T09:00:00+0530,238668.0,239811.0,238614.0,239741.0,203
2026-08-10T09:05:00+0530,239741.0,242000.0,239674.0,240779.0,486
2026-08-10T09:10:00+0530,240779.0,241109.0,240605.0,240750.0,325
2026-08-10T09:15:00+0530,240750.0,240930.0,240279.0,240578.0,163
2026-08-10T09:20:00+0530,240578.0,240761.0,240152.0,240645.0,134
2026-08-10T09:25:00+0530,240645.0,240734.0,240501.0,240573.0,50
2026-08-10T09:30:00+0530,240573.0,240877.0,240189.0,240455.0,77
2026-08-10T09:35:00+0530,240455.0,240602.0,240355.0,240602.0,59
2026-08-10T09:40:00+0530,240650.0,241237.0,240650.0,241181.0,95
2026-08-10T09:45:00+0530,241181.0,241284.0,240951.0,241149.0,109
2026-08-10T09:50:00+0530,241149.0,241600.0,241149.0,241459.0,118
2026-08-10T09:55:00+0530,241459.0,241459.0,241152.0,241192.0,83
2026-08-10T10:00:00+0530,241192.0,241519.0,241034.0,241480.0,114
2026-08-10T10:05:00+0530,241480.0,241525.0,241276.0,241276.0,51
2026-08-10T10:10:00+0530,241276.0,241276.0,241001.0,241143.0,53
2026-08-10T10:15:00+0530,241143.0,241325.0,241066.0,241197.0,31
2026-08-10T10:20:00+0530,241197.0,241349.0,241138.0,241349.0,16
2026-08-10T10:25:00+0530,241349.0,241420.0,241302.0,241303.0,26
2026-08-10T10:30:00+0530,241303.0,241336.0,241147.0,241300.0,73
2026-08-10T10:35:00+0530,241300.0,241461.0,241147.0,241156.0,40
2026-08-10T10:40:00+0530,241156.0,241225.0,240883.0,241013.0,29
2026-08-10T10:45:00+0530,241013.0,241152.0,240900.0,240900.0,23
2026-08-10T10:50:00+0530,240900.0,241000.0,240900.0,240973.0,34
2026-08-10T10:55:00+0530,240973.0,240973.0,240928.0,240973.0,10
2026-08-10T11:00:00+0530,240973.0,241250.0,240850.0,241177.0,58
2026-08-10T11:05:00+0530,241177.0,241666.0,241177.0,241604.0,144
2026-08-10T11:10:00+0530,241604.0,241784.0,241422.0,241617.0,46
2026-08-10T11:15:00+0530,241617.0,242219.0,241506.0,242099.0,115
2026-08-10T11:20:00+0530,242099.0,242432.0,242099.0,242289.0,118
2026-08-10T11:25:00+0530,242289.0,242399.0,241936.0,242263.0,57
2026-08-10T11:30:00+0530,242263.0,242314.0,241900.0,241900.0,50
2026-08-10T11:35:00+0530,241900.0,242237.0,241900.0,242237.0,70
2026-08-10T11:40:00+0530,242237.0,242403.0,242237.0,242343.0,76
2026-08-10T11:45:00+0530,242343.0,242500.0,241913.0,241983.0,60
2026-08-10T11:50:00+0530,241983.0,242250.0,241946.0,242208.0,55
2026-08-10T11:55:00+0530,242208.0,242450.0,242150.0,242418.0,46
2026-08-10T12:00:00+0530,242418.0,242418.0,242179.0,242264.0,24
2026-08-10T12:05:00+0530,242264.0,242405.0,242140.0,242223.0,25
2026-08-10T12:10:00+0530,242223.0,242433.0,242206.0,242433.0,12
2026-08-10T12:15:00+0530,242433.0,242500.0,242274.0,242274.0,21
2026-08-10T12:20:00+0530,242274.0,242363.0,242174.0,242363.0,40
2026-08-10T12:25:00+0530,242363.0,242363.0,242300.0,242325.0,12
2026-08-10T12:30:00+0530,242325.0,242350.0,242043.0,242052.0,52
2026-08-10T12:35:00+0530,242006.0,242368.0,242006.0,242258.0,33
2026-08-10T12:40:00+0530,242258.0,242258.0,241864.0,241883.0,24
2026-08-10T12:45:00+0530,241883.0,242130.0,241750.0,242099.0,32
2026-08-10T12:50:00+0530,242099.0,242326.0,242000.0,242326.0,32
2026-08-10T12:55:00+0530,242326.0,242343.0,242030.0,242263.0,26
2026-08-10T13:00:00+0530,242263.0,242300.0,242109.0,242109.0,13
2026-08-10T13:05:00+0530,242109.0,242275.0,242109.0,242273.0,25
2026-08-10T13:10:00+0530,242273.0,242273.0,242071.0,242177.0,17
2026-08-10T13:15:00+0530,242177.0,242200.0,242127.0,242127.0,10
2026-08-10T13:20:00+0530,242127.0,242163.0,242039.0,242041.0,7
2026-08-10T13:25:00+0530,242041.0,242095.0,242000.0,242068.0,14
2026-08-10T13:30:00+0530,242068.0,242074.0,242000.0,242000.0,20
2026-08-10T13:35:00+0530,242000.0,242046.0,241920.0,241920.0,31
2026-08-10T13:40:00+0530,241920.0,241999.0,241593.0,241850.0,50
2026-08-10T13:45:00+0530,241850.0,242200.0,241850.0,242168.0,119
2026-08-10T13:50:00+0530,242168.0,242168.0,241879.0,241879.0,11
2026-08-10T13:55:00+0530,241879.0,242200.0,241800.0,242200.0,14
2026-08-10T14:00:00+0530,242200.0,242296.0,241841.0,241841.0,16
2026-08-10T14:05:00+0530,241841.0,241932.0,241742.0,241750.0,16
2026-08-10T14:10:00+0530,241750.0,241812.0,241450.0,241525.0,71
2026-08-10T14:15:00+0530,241525.0,241614.0,241370.0,241370.0,20
2026-08-10T14:20:00+0530,241370.0,241458.0,241300.0,241418.0,20
2026-08-10T14:25:00+0530,241418.0,241590.0,241370.0,241590.0,21
2026-08-10T14:30:00+0530,241590.0,241662.0,241476.0,241662.0,13
2026-08-10T14:35:00+0530,241662.0,241671.0,241537.0,241639.0,12
2026-08-10T14:40:00+0530,241639.0,241703.0,241639.0,241703.0,9
2026-08-10T14:45:00+0530,241703.0,241819.0,241641.0,241761.0,28
2026-08-10T14:50:00+0530,241761.0,241761.0,241641.0,241641.0,4
2026-08-10T14:55:00+0530,241641.0,241732.0,241640.0,241732.0,5
2026-08-10T15:00:00+0530,241732.0,241732.0,241432.0,241553.0,17
2026-08-10T15:05:00+0530,241553.0,241595.0,241430.0,241430.0,39
2026-08-10T15:10:00+0530,241430.0,241434.0,241400.0,241400.0,9
2026-08-10T15:15:00+0530,241400.0,241430.0,241309.0,241361.0,12
2026-08-10T15:20:00+0530,241361.0,241361.0,241258.0,241308.0,22
2026-08-10T15:25:00+0530,241308.0,241500.0,241293.0,241500.0,6
2026-08-10T15:30:00+0530,241500.0,241500.0,241293.0,241378.0,13
2026-08-10T15:35:00+0530,241378.0,241378.0,241313.0,241378.0,7
2026-08-10T15:40:00+0530,241378.0,241378.0,241236.0,241308.0,15
2026-08-10T15:45:00+0530,241254.0,241410.0,241110.0,241301.0,38
2026-08-10T15:50:00+0530,241301.0,241450.0,241240.0,241425.0,14
2026-08-10T15:55:00+0530,241425.0,241425.0,241335.0,241335.0,4
2026-08-10T16:00:00+0530,241335.0,241345.0,241189.0,241275.0,15
2026-08-10T16:05:00+0530,241275.0,241322.0,241098.0,241249.0,20
2026-08-10T16:10:00+0530,241249.0,241249.0,240735.0,240870.0,97
2026-08-10T16:15:00+0530,240870.0,240896.0,240601.0,240601.0,51
2026-08-10T16:20:00+0530,240601.0,240770.0,240601.0,240616.0,19
2026-08-10T16:25:00+0530,240607.0,240799.0,240519.0,240799.0,40
2026-08-10T16:30:00+0530,240799.0,240800.0,240570.0,240683.0,29
2026-08-10T16:35:00+0530,240683.0,240683.0,240612.0,240664.0,13
2026-08-10T16:40:00+0530,240664.0,240667.0,240368.0,240425.0,44
2026-08-10T16:45:00+0530,240425.0,240463.0,240025.0,240380.0,104
2026-08-10T16:50:00+0530,240380.0,240927.0,240341.0,240900.0,58
2026-08-10T16:55:00+0530,240900.0,241357.0,240900.0,241260.0,54
2026-08-10T17:00:00+0530,241260.0,241749.0,241260.0,241501.0,45
2026-08-10T17:05:00+0530,241501.0,241507.0,241100.0,241401.0,40
2026-08-10T17:10:00+0530,241401.0,241498.0,241231.0,241377.0,30
2026-08-10T17:15:00+0530,241377.0,241377.0,240822.0,240822.0,26
2026-08-10T17:20:00+0530,240822.0,241398.0,240822.0,241206.0,37
2026-08-10T17:25:00+0530,241206.0,241379.0,241036.0,241214.0,28
2026-08-10T17:30:00+0530,241214.0,241251.0,241096.0,241227.0,23
2026-08-10T17:35:00+0530,241227.0,241379.0,241127.0,241379.0,27
2026-08-10T17:40:00+0530,241379.0,241405.0,241034.0,241034.0,8
2026-08-10T17:45:00+0530,241034.0,241119.0,241000.0,241000.0,15
2026-08-10T17:50:00+0530,241000.0,241000.0,240621.0,240705.0,32
2026-08-10T17:55:00+0530,240705.0,240859.0,240500.0,240804.0,49
2026-08-10T18:00:00+0530,240804.0,241081.0,240581.0,240581.0,68
2026-08-10T18:05:00+0530,240581.0,240884.0,240581.0,240800.0,29
2026-08-10T18:10:00+0530,240800.0,240939.0,240794.0,240939.0,3
2026-08-10T18:15:00+0530,240939.0,241048.0,240935.0,241040.0,5
2026-08-10T18:20:00+0530,241040.0,241040.0,240897.0,240918.0,16
2026-08-10T18:25:00+0530,240918.0,241080.0,240900.0,240934.0,31
2026-08-10T18:30:00+0530,240934.0,241059.0,240297.0,240505.0,102
2026-08-10T18:35:00+0530,240505.0,240950.0,240505.0,240950.0,19
2026-08-10T18:40:00+0530,240950.0,241085.0,240824.0,241025.0,16
2026-08-10T18:45:00+0530,241025.0,241160.0,240996.0,241049.0,9
2026-08-10T18:50:00+0530,241049.0,241049.0,240802.0,240802.0,11
2026-08-10T18:55:00+0530,240802.0,241059.0,240802.0,240882.0,15
2026-08-10T19:00:00+0530,240882.0,241100.0,240820.0,241100.0,25
2026-08-10T19:05:00+0530,241100.0,241616.0,241100.0,241612.0,74
2026-08-10T19:10:00+0530,241612.0,241650.0,241072.0,241072.0,47
2026-08-10T19:15:00+0530,241072.0,241114.0,240808.0,240900.0,51
2026-08-10T19:20:00+0530,240900.0,240900.0,240300.0,240553.0,113
2026-08-10T19:25:00+0530,240553.0,240553.0,240150.0,240150.0,47
2026-08-10T19:30:00+0530,240150.0,240603.0,240101.0,240550.0,25
2026-08-10T19:35:00+0530,240550.0,240650.0,240440.0,240445.0,17
2026-08-10T19:40:00+0530,240445.0,240988.0,240445.0,240941.0,46
2026-08-10T19:45:00+0530,240941.0,241020.0,240754.0,240952.0,21
2026-08-10T19:50:00+0530,240952.0,242056.0,240952.0,241884.0,137
2026-08-10T19:55:00+0530,241880.0,242400.0,241880.0,241977.0,176
2026-08-10T20:00:00+0530,241977.0,242500.0,241872.0,242094.0,147
2026-08-10T20:05:00+0530,242094.0,242654.0,242094.0,242470.0,170
2026-08-10T20:10:00+0530,242470.0,242608.0,242284.0,242453.0,128
2026-08-10T20:15:00+0530,242453.0,242830.0,242417.0,242754.0,130
2026-08-10T20:20:00+0530,242754.0,242754.0,242044.0,242232.0,88
2026-08-10T20:25:00+0530,242232.0,242626.0,242200.0,242537.0,67
2026-08-10T20:30:00+0530,242537.0,242789.0,242427.0,242644.0,74
2026-08-10T20:35:00+0530,242644.0,242676.0,242391.0,242495.0,84
2026-08-10T20:40:00+0530,242495.0,242500.0,242362.0,242412.0,27
2026-08-10T20:45:00+0530,242412.0,242570.0,242366.0,242400.0,31
2026-08-10T20:50:00+0530,242447.0,242480.0,242365.0,242377.0,42
2026-08-10T20:55:00+0530,242377.0,242400.0,242011.0,242201.0,39
2026-08-10T21:00:00+0530,242201.0,242339.0,242113.0,242134.0,21
2026-08-10T21:05:00+0530,242134.0,242350.0,242134.0,242300.0,19
2026-08-10T21:10:00+0530,242300.0,242366.0,242219.0,242271.0,10
2026-08-10T21:15:00+0530,242271.0,242366.0,242206.0,242365.0,34
2026-08-10T21:20:00+0530,242365.0,243051.0,242301.0,242956.0,193
2026-08-10T21:25:00+0530,242956.0,243762.0,242956.0,243575.0,333
2026-08-10T21:30:00+0530,243575.0,243999.0,243481.0,243657.0,146
2026-08-10T21:35:00+0530,243657.0,243898.0,243649.0,243787.0,91
2026-08-10T21:40:00+0530,243787.0,244029.0,243650.0,243650.0,126
2026-08-10T21:45:00+0530,243650.0,244029.0,243650.0,243903.0,80
2026-08-10T21:50:00+0530,243903.0,243994.0,243700.0,243818.0,115
2026-08-10T21:55:00+0530,243818.0,243893.0,243762.0,243860.0,21
2026-08-10T22:00:00+0530,243860.0,243995.0,243135.0,243261.0,179
2026-08-10T22:05:00+0530,243309.0,243498.0,243276.0,243276.0,47
2026-08-10T22:10:00+0530,243276.0,243276.0,242926.0,242926.0,52
2026-08-10T22:15:00+0530,242926.0,243310.0,242926.0,243152.0,22
2026-08-10T22:20:00+0530,243152.0,243199.0,243091.0,243091.0,17
2026-08-10T22:25:00+0530,243091.0,243357.0,243000.0,243357.0,37
2026-08-10T22:30:00+0530,243357.0,243500.0,243114.0,243203.0,40
2026-08-10T22:35:00+0530,243203.0,243393.0,243085.0,243393.0,22
2026-08-10T22:40:00+0530,243393.0,243500.0,243363.0,243500.0,15
2026-08-10T22:45:00+0530,243500.0,243500.0,243330.0,243471.0,20
2026-08-10T22:50:00+0530,243471.0,243707.0,243450.0,243477.0,31
2026-08-10T22:55:00+0530,243477.0,243722.0,243400.0,243710.0,31
2026-08-10T23:00:00+0530,243710.0,243710.0,243600.0,243619.0,44
2026-08-10T23:05:00+0530,243619.0,243853.0,243537.0,243841.0,70
2026-08-10T23:10:00+0530,243841.0,243841.0,243613.0,243711.0,31
2026-08-10T23:15:00+0530,243711.0,243711.0,243610.0,243700.0,32
2026-08-10T23:20:00+0530,243798.0,243937.0,243750.0,243800.0,79
2026-08-10T23:25:00+0530,243800.0,243951.0,243750.0,243855.0,87
2026-08-11T09:00:00+0530,245500.0,247067.0,244499.0,246705.0,541
2026-08-11T09:05:00+0530,246705.0,246738.0,246450.0,246497.0,290
2026-08-11T09:10:00+0530,246497.0,246497.0,246282.0,246309.0,188
2026-08-11T09:15:00+0530,246309.0,246309.0,245608.0,245920.0,127
2026-08-11T09:20:00+0530,245920.0,246100.0,245894.0,245960.0,130
2026-08-11T09:25:00+0530,245960.0,246107.0,245834.0,245834.0,52
2026-08-11T09:30:00+0530,245834.0,246250.0,245800.0,246167.0,41
2026-08-11T09:35:00+0530,246167.0,246323.0,246000.0,246000.0,60
2026-08-11T09:40:00+0530,246000.0,246086.0,245901.0,246000.0,45
2026-08-11T09:45:00+0530,246000.0,246345.0,246000.0,246234.0,55
2026-08-11T09:50:00+0530,246234.0,246234.0,245993.0,246166.0,42
2026-08-11T09:55:00+0530,246166.0,246166.0,246005.0,246033.0,73
2026-08-11T10:00:00+0530,246033.0,246256.0,245918.0,246123.0,67
2026-08-11T10:05:00+0530,246123.0,246123.0,245680.0,245861.0,83
2026-08-11T10:10:00+0530,245861.0,245903.0,245448.0,245503.0,48
2026-08-11T10:15:00+0530,245503.0,245550.0,245034.0,245070.0,83
2026-08-11T10:20:00+0530,245070.0,245377.0,245061.0,245283.0,61
2026-08-11T10:25:00+0530,245283.0,245400.0,245043.0,245400.0,73
2026-08-11T10:30:00+0530,245400.0,245400.0,245128.0,245135.0,50
2026-08-11T10:35:00+0530,245135.0,245230.0,244800.0,245230.0,83
2026-08-11T10:40:00+0530,245310.0,245320.0,244829.0,244900.0,49
2026-08-11T10:45:00+0530,244900.0,244900.0,244450.0,244545.0,85
2026-08-11T10:50:00+0530,244545.0,244823.0,244321.0,244821.0,82
2026-08-11T10:55:00+0530,244821.0,244845.0,243744.0,244022.0,146
2026-08-11T11:00:00+0530,244022.0,244022.0,242230.0,243338.0,348
2026-08-11T11:05:00+0530,243348.0,243469.0,242778.0,242900.0,135
2026-08-11T11:10:00+0530,242900.0,242990.0,242520.0,242848.0,105
2026-08-11T11:15:00+0530,242848.0,242992.0,242680.0,242680.0,61
2026-08-11T11:20:00+0530,242680.0,242792.0,242535.0,242748.0,58
2026-08-11T11:25:00+0530,242748.0,243536.0,242600.0,243536.0,83
2026-08-11T11:30:00+0530,243536.0,244096.0,243253.0,244096.0,169
2026-08-11T11:35:00+0530,244096.0,244456.0,244000.0,244175.0,121
2026-08-11T11:40:00+0530,244175.0,244271.0,243401.0,243401.0,73
2026-08-11T11:45:00+0530,243401.0,243830.0,243344.0,243400.0,44
2026-08-11T11:50:00+0530,243400.0,243438.0,242920.0,243212.0,89
2026-08-11T11:55:00+0530,243212.0,243212.0,242301.0,242441.0,95
2026-08-11T12:00:00+0530,242441.0,242500.0,242062.0,242500.0,197
2026-08-11T12:05:00+0530,242481.0,242822.0,242326.0,242818.0,81
2026-08-11T12:10:00+0530,242818.0,242942.0,242655.0,242763.0,40
2026-08-11T12:15:00+0530,242763.0,242763.0,242600.0,242603.0,31
2026-08-11T12:20:00+0530,242603.0,242769.0,242318.0,242378.0,58
2026-08-11T12:25:00+0530,242378.0,242600.0,242327.0,242600.0,19
2026-08-11T12:30:00+0530,242600.0,242854.0,242600.0,242645.0,44
2026-08-11T12:35:00+0530,242645.0,242763.0,242472.0,242501.0,44
2026-08-11T12:40:00+0530,242501.0,242603.0,242467.0,242578.0,56
2026-08-11T12:45:00+0530,242578.0,242578.0,242250.0,242250.0,66
2026-08-11T12:50:00+0530,242250.0,242341.0,242152.0,242152.0,34
2026-08-11T12:55:00+0530,242152.0,242459.0,242151.0,242213.0,40
2026-08-11T13:00:00+0530,242213.0,242319.0,242187.0,242276.0,38
2026-08-11T13:05:00+0530,242276.0,242468.0,242276.0,242351.0,14
2026-08-11T13:10:00+0530,242351.0,242351.0,242201.0,242208.0,46
2026-08-11T13:15:00+0530,242208.0,242500.0,242178.0,242500.0,45
2026-08-11T13:20:00+0530,242500.0,242541.0,242474.0,242521.0,22
2026-08-11T13:25:00+0530,242521.0,242521.0,242400.0,242424.0,27
2026-08-11T13:30:00+0530,242424.0,242900.0,242424.0,242900.0,27
2026-08-11T13:35:00+0530,242900.0,243410.0,242900.0,243410.0,46
2026-08-11T13:40:00+0530,243410.0,243519.0,243237.0,243250.0,31
2026-08-11T13:45:00+0530,243250.0,243250.0,242900.0,242999.0,41
2026-08-11T13:50:00+0530,242999.0,243000.0,242740.0,243000.0,21
2026-08-11T13:55:00+0530,243000.0,243201.0,243000.0,243168.0,25
2026-08-11T14:00:00+0530,243168.0,243300.0,243138.0,243260.0,37
2026-08-11T14:05:00+0530,243260.0,243424.0,243260.0,243424.0,28
2026-08-11T14:10:00+0530,243424.0,243700.0,243401.0,243602.0,49
2026-08-11T14:15:00+0530,243602.0,243794.0,243400.0,243400.0,69
2026-08-11T14:20:00+0530,243400.0,243493.0,243115.0,243115.0,14
2026-08-11T14:25:00+0530,243115.0,243155.0,243001.0,243056.0,22
2026-08-11T14:30:00+0530,243056.0,243211.0,243001.0,243200.0,39
2026-08-11T14:35:00+0530,243200.0,243399.0,243200.0,243344.0,9
2026-08-11T14:40:00+0530,243344.0,243650.0,243344.0,243479.0,24
2026-08-11T14:45:00+0530,243479.0,243599.0,243386.0,243547.0,8
2026-08-11T14:50:00+0530,243547.0,243629.0,243500.0,243543.0,9
2026-08-11T14:55:00+0530,243543.0,243600.0,243404.0,243560.0,23
2026-08-11T15:00:00+0530,243560.0,243690.0,243465.0,243684.0,41
2026-08-11T15:05:00+0530,243684.0,243702.0,243549.0,243572.0,22
2026-08-11T15:10:00+0530,243572.0,243638.0,243550.0,243575.0,11
2026-08-11T15:15:00+0530,243575.0,243808.0,243514.0,243769.0,19
2026-08-11T15:20:00+0530,243769.0,243769.0,243600.0,243664.0,15
2026-08-11T15:25:00+0530,243664.0,243847.0,243664.0,243729.0,44
2026-08-11T15:30:00+0530,243729.0,243846.0,243627.0,243661.0,18
2026-08-11T15:35:00+0530,243661.0,243900.0,243580.0,243826.0,11
2026-08-11T15:40:00+0530,243826.0,244100.0,243777.0,243777.0,56
2026-08-11T15:45:00+0530,243777.0,244200.0,243777.0,244102.0,33
2026-08-11T15:50:00+0530,244102.0,244604.0,244102.0,244582.0,75
2026-08-11T15:55:00+0530,244582.0,244900.0,244479.0,244620.0,113
2026-08-11T16:00:00+0530,244620.0,244871.0,244152.0,244474.0,51
2026-08-11T16:05:00+0530,244474.0,244591.0,244164.0,244164.0,38
2026-08-11T16:10:00+0530,244164.0,244403.0,244145.0,244155.0,29
2026-08-11T16:15:00+0530,244155.0,244523.0,244115.0,244523.0,49
2026-08-11T16:20:00+0530,244553.0,244783.0,244553.0,244606.0,54
2026-08-11T16:25:00+0530,244606.0,244606.0,244207.0,244325.0,31
2026-08-11T16:30:00+0530,244325.0,244888.0,244291.0,244800.0,67
2026-08-11T16:35:00+0530,244800.0,245006.0,244800.0,244900.0,84
2026-08-11T16:40:00+0530,244900.0,245107.0,244827.0,244988.0,51
2026-08-11T16:45:00+0530,244988.0,245130.0,244548.0,244700.0,42
2026-08-11T16:50:00+0530,244700.0,244700.0,244300.0,244430.0,64
2026-08-11T16:55:00+0530,244430.0,244881.0,244269.0,244710.0,45
2026-08-11T17:00:00+0530,244710.0,244790.0,244518.0,244588.0,35
2026-08-11T17:05:00+0530,244588.0,244629.0,243900.0,243924.0,86
2026-08-11T17:10:00+0530,243924.0,244279.0,243900.0,244226.0,34
2026-08-11T17:15:00+0530,244226.0,244550.0,244226.0,244550.0,21
2026-08-11T17:20:00+0530,244550.0,244700.0,244500.0,244501.0,26
2026-08-11T17:25:00+0530,244501.0,244589.0,244394.0,244488.0,28
2026-08-11T17:30:00+0530,244488.0,244488.0,244021.0,244124.0,20
2026-08-11T17:35:00+0530,244124.0,244700.0,244124.0,244549.0,13
2026-08-11T17:40:00+0530,244549.0,244650.0,244400.0,244650.0,19
2026-08-11T17:45:00+0530,244650.0,244675.0,244449.0,244449.0,34
2026-08-11T17:50:00+0530,244449.0,244502.0,243799.0,243898.0,113
2026-08-11T17:55:00+0530,243898.0,244095.0,243646.0,243961.0,74
2026-08-11T18:00:00+0530,243961.0,244121.0,243600.0,243731.0,59
2026-08-11T18:05:00+0530,243731.0,243807.0,243504.0,243504.0,34
2026-08-11T18:10:00+0530,243504.0,243925.0,243504.0,243850.0,29
2026-08-11T18:15:00+0530,243850.0,244084.0,243819.0,243906.0,25
2026-08-11T18:20:00+0530,243906.0,243906.0,243690.0,243768.0,29
2026-08-11T18:25:00+0530,243768.0,243768.0,243500.0,243500.0,35
2026-08-11T18:30:00+0530,243500.0,244300.0,243500.0,243815.0,46
2026-08-11T18:35:00+0530,243815.0,244091.0,243815.0,244047.0,24
2026-08-11T18:40:00+0530,244047.0,244221.0,243860.0,243930.0,21
2026-08-11T18:45:00+0530,243930.0,243961.0,243600.0,243961.0,20
2026-08-11T18:50:00+0530,243961.0,244250.0,243951.0,243951.0,27
2026-08-11T18:55:00+0530,243951.0,244113.0,243900.0,244050.0,13
2026-08-11T19:00:00+0530,244050.0,244136.0,243251.0,243260.0,58
2026-08-11T19:05:00+0530,243366.0,244000.0,243366.0,244000.0,40
2026-08-11T19:10:00+0530,244000.0,244437.0,243945.0,244331.0,42
2026-08-11T19:15:00+0530,244331.0,244563.0,244000.0,244330.0,78
2026-08-11T19:20:00+0530,244330.0,244330.0,243705.0,243854.0,29
2026-08-11T19:25:00+0530,243854.0,244238.0,243819.0,244000.0,24
2026-08-11T19:30:00+0530,244000.0,244099.0,243710.0,243710.0,31
2026-08-11T19:35:00+0530,243710.0,243924.0,243710.0,243854.0,13
2026-08-11T19:40:00+0530,243854.0,243905.0,243650.0,243814.0,32
2026-08-11T19:45:00+0530,243814.0,244172.0,243695.0,243742.0,28
2026-08-11T19:50:00+0530,243742.0,243939.0,243601.0,243601.0,12
2026-08-11T19:55:00+0530,243601.0,244022.0,243601.0,243959.0,11
2026-08-11T20:00:00+0530,243959.0,244175.0,243928.0,244135.0,20
2026-08-11T20:05:00+0530,244135.0,244200.0,244055.0,244098.0,19
2026-08-11T20:10:00+0530,244098.0,244100.0,244098.0,244100.0,6
2026-08-11T20:15:00+0530,244100.0,244100.0,244009.0,244035.0,15
2026-08-11T20:20:00+0530,244035.0,244153.0,244000.0,244100.0,5
2026-08-11T20:25:00+0530,244100.0,244140.0,243901.0,243901.0,7
2026-08-11T20:30:00+0530,243901.0,244300.0,243901.0,244210.0,22
2026-08-11T20:35:00+0530,244210.0,244216.0,243883.0,243908.0,5
2026-08-11T20:40:00+0530,243908.0,244200.0,243908.0,244057.0,10
2026-08-11T20:45:00+0530,244057.0,244057.0,243700.0,243700.0,11
2026-08-11T20:50:00+0530,243700.0,243914.0,243665.0,243714.0,17
2026-08-11T20:55:00+0530,243714.0,243714.0,243439.0,243639.0,33
2026-08-11T21:00:00+0530,243639.0,243639.0,243000.0,243000.0,83
2026-08-11T21:05:00+0530,243000.0,243040.0,242500.0,242500.0,79
2026-08-11T21:10:00+0530,242500.0,242859.0,242050.0,242800.0,152
2026-08-11T21:15:00+0530,242800.0,243117.0,242798.0,243059.0,29
2026-08-11T21:20:00+0530,243059.0,243420.0,243016.0,243400.0,26
2026-08-11T21:25:00+0530,243400.0,243700.0,243297.0,243688.0,33
2026-08-11T21:30:00+0530,243700.0,243808.0,243593.0,243593.0,32
2026-08-11T21:35:00+0530,243593.0,243614.0,243450.0,243542.0,42
2026-08-11T21:40:00+0530,243542.0,243718.0,243542.0,243700.0,10
2026-08-11T21:45:00+0530,243700.0,243798.0,243615.0,243694.0,11
2026-08-11T21:50:00+0530,243694.0,244000.0,243694.0,243900.0,33
2026-08-11T21:55:00+0530,243900.0,244000.0,243794.0,243898.0,20
2026-08-11T22:00:00+0530,243898.0,243901.0,243683.0,243900.0,12
2026-08-11T22:05:00+0530,243900.0,243952.0,243900.0,243952.0,3
2026-08-11T22:10:00+0530,243952.0,243952.0,243748.0,243748.0,3
2026-08-11T22:15:00+0530,243748.0,243876.0,243716.0,243722.0,7
2026-08-11T22:20:00+0530,243722.0,243761.0,243722.0,243761.0,3
2026-08-11T22:25:00+0530,243761.0,243786.0,243700.0,243742.0,5
2026-08-11T22:30:00+0530,243742.0,243800.0,243648.0,243651.0,21
2026-08-11T22:35:00+0530,243651.0,243742.0,243585.0,243742.0,13
2026-08-11T22:40:00+0530,243742.0,243742.0,243608.0,243608.0,5
2026-08-11T22:45:00+0530,243608.0,243608.0,243201.0,243229.0,64
2026-08-11T22:50:00+0530,243229.0,243399.0,243157.0,243205.0,17
2026-08-11T22:55:00+0530,243205.0,243265.0,243166.0,243265.0,7
2026-08-11T23:00:00+0530,243265.0,243265.0,243011.0,243020.0,14
2026-08-11T23:05:00+0530,243020.0,243114.0,243000.0,243079.0,11
2026-08-11T23:10:00+0530,243079.0,243475.0,243079.0,243475.0,14
2026-08-11T23:15:00+0530,243475.0,243700.0,243259.0,243553.0,53
2026-08-11T23:20:00+0530,243553.0,243558.0,243222.0,243222.0,44
2026-08-11T23:25:00+0530,243222.0,243222.0,242813.0,243000.0,73
2026-08-12T09:00:00+0530,245855.0,245855.0,244592.0,244770.0,309
2026-08-12T09:05:00+0530,244770.0,244900.0,244652.0,244899.0,88
2026-08-12T09:10:00+0530,244899.0,244900.0,244740.0,244757.0,49
2026-08-12T09:15:00+0530,244757.0,244867.0,244757.0,244758.0,39
2026-08-12T09:20:00+0530,244758.0,244845.0,244466.0,244500.0,48
2026-08-12T09:25:00+0530,244500.0,244597.0,244257.0,244288.0,24
2026-08-12T09:30:00+0530,244288.0,244353.0,244201.0,244295.0,34
2026-08-12T09:35:00+0530,244295.0,244295.0,243901.0,243901.0,29
2026-08-12T09:40:00+0530,243901.0,244100.0,243654.0,243817.0,57
2026-08-12T09:45:00+0530,243817.0,243817.0,243522.0,243697.0,45
2026-08-12T09:50:00+0530,243697.0,244167.0,243697.0,244120.0,34
2026-08-12T09:55:00+0530,244101.0,244531.0,244051.0,244450.0,29
2026-08-12T10:00:00+0530,244450.0,244549.0,244263.0,244304.0,19
2026-08-12T10:05:00+0530,244304.0,244549.0,244304.0,244419.0,21
2026-08-12T10:10:00+0530,244419.0,244454.0,244396.0,244453.0,16
2026-08-12T10:15:00+0530,244453.0,244550.0,244350.0,244514.0,29
2026-08-12T10:20:00+0530,244514.0,244648.0,244479.0,244517.0,14
2026-08-12T10:25:00+0530,244517.0,244645.0,244517.0,244620.0,16
2026-08-12T10:30:00+0530,244620.0,244660.0,244590.0,244608.0,16
2026-08-12T10:35:00+0530,244608.0,244794.0,244608.0,244780.0,23
2026-08-12T10:40:00+0530,244780.0,244782.0,244484.0,244484.0,22
2026-08-12T10:45:00+0530,244484.0,244549.0,244278.0,244322.0,14
2026-08-12T10:50:00+0530,244322.0,244366.0,244001.0,244099.0,35
2026-08-12T10:55:00+0530,244099.0,244312.0,244070.0,244070.0,18
2026-08-12T11:00:00+0530,244070.0,244508.0,243800.0,244119.0,50
2026-08-12T11:05:00+0530,244119.0,244470.0,244119.0,244469.0,18
2026-08-12T11:10:00+0530,244469.0,244469.0,244185.0,244215.0,25
2026-08-12T11:15:00+0530,244215.0,244243.0,244015.0,244146.0,15
2026-08-12T11:20:00+0530,244146.0,244204.0,244009.0,244204.0,25
2026-08-12T11:25:00+0530,244204.0,244498.0,244203.0,244247.0,13
2026-08-12T11:30:00+0530,244247.0,244351.0,244247.0,244260.0,10
2026-08-12T11:35:00+0530,244260.0,244260.0,244001.0,244001.0,17
2026-08-12T11:40:00+0530,244001.0,244117.0,244001.0,244117.0,1
2026-08-12T11:45:00+0530,244117.0,244500.0,244117.0,244499.0,18
2026-08-12T11:50:00+0530,244499.0,244518.0,244439.0,244517.0,9
2026-08-12T11:55:00+0530,244517.0,244517.0,244482.0,244482.0,2
2026-08-12T12:00:00+0530,244482.0,244500.0,244335.0,244467.0,13
2026-08-12T12:05:00+0530,244467.0,245464.0,244400.0,245464.0,367
2026-08-12T12:10:00+0530,245464.0,245506.0,245200.0,245200.0,68
2026-08-12T12:15:00+0530,245200.0,245900.0,245200.0,245801.0,147
2026-08-12T12:20:00+0530,245801.0,246263.0,245795.0,246000.0,165
2026-08-12T12:25:00+0530,246000.0,246188.0,245824.0,245940.0,124
2026-08-12T12:30:00+0530,245940.0,246249.0,245801.0,245801.0,76
2026-08-12T12:35:00+0530,245801.0,245945.0,245801.0,245859.0,25
2026-08-12T12:40:00+0530,245859.0,246200.0,245859.0,246021.0,62
2026-08-12T12:45:00+0530,245999.0,246021.0,245750.0,245750.0,90
2026-08-12T12:50:00+0530,245750.0,245899.0,245653.0,245899.0,30
2026-08-12T12:55:00+0530,245899.0,246099.0,245896.0,246001.0,49
2026-08-12T13:00:00+0530,246001.0,246082.0,245911.0,245984.0,17
2026-08-12T13:05:00+0530,245984.0,246078.0,245981.0,245987.0,20
2026-08-12T13:10:00+0530,245987.0,246100.0,245981.0,246098.0,31
2026-08-12T13:15:00+0530,246098.0,246200.0,246059.0,246200.0,24
2026-08-12T13:20:00+0530,246200.0,246481.0,246162.0,246358.0,89
2026-08-12T13:25:00+0530,246400.0,246400.0,246000.0,246001.0,45
2026-08-12T13:30:00+0530,246001.0,246300.0,246001.0,246300.0,22
2026-08-12T13:35:00+0530,246300.0,246400.0,246138.0,246257.0,31
2026-08-12T13:40:00+0530,246257.0,246279.0,246064.0,246080.0,47
2026-08-12T13:45:00+0530,246080.0,246249.0,246034.0,246230.0,26
2026-08-12T13:50:00+0530,246230.0,246486.0,246230.0,246486.0,58
2026-08-12T13:55:00+0530,246486.0,246600.0,246234.0,246600.0,89
2026-08-12T14:00:00+0530,246600.0,246731.0,246456.0,246705.0,77
2026-08-12T14:05:00+0530,246705.0,246809.0,246403.0,246443.0,102
2026-08-12T14:10:00+0530,246443.0,246443.0,246330.0,246330.0,22
2026-08-12T14:15:00+0530,246330.0,246330.0,246000.0,246111.0,69
2026-08-12T14:20:00+0530,246111.0,246350.0,246111.0,246200.0,29
2026-08-12T14:25:00+0530,246200.0,246249.0,246117.0,246200.0,12
2026-08-12T14:30:00+0530,246200.0,246387.0,246200.0,246386.0,19
2026-08-12T14:35:00+0530,246386.0,246500.0,246316.0,246500.0,21
2026-08-12T14:40:00+0530,246500.0,247022.0,246500.0,246974.0,153
2026-08-12T14:45:00+0530,246974.0,247289.0,246958.0,247279.0,136
2026-08-12T14:50:00+0530,247279.0,247488.0,247000.0,247400.0,175
2026-08-12T14:55:00+0530,247400.0,247473.0,247080.0,247100.0,70
2026-08-12T15:00:00+0530,247100.0,247100.0,246947.0,247000.0,55
2026-08-12T15:05:00+0530,247000.0,247071.0,246947.0,247071.0,26
2026-08-12T15:10:00+0530,247071.0,247134.0,246901.0,246988.0,45
2026-08-12T15:15:00+0530,246988.0,246988.0,246801.0,246844.0,47
2026-08-12T15:20:00+0530,246844.0,247100.0,246800.0,246802.0,28
2026-08-12T15:25:00+0530,246802.0,247028.0,246802.0,246853.0,28
2026-08-12T15:30:00+0530,246853.0,247008.0,246801.0,246801.0,16
2026-08-12T15:35:00+0530,246801.0,246944.0,246800.0,246895.0,46
2026-08-12T15:40:00+0530,246895.0,247064.0,246700.0,246960.0,107
2026-08-12T15:45:00+0530,246960.0,247045.0,246844.0,246871.0,17
2026-08-12T15:50:00+0530,246871.0,246950.0,246871.0,246939.0,23
2026-08-12T15:55:00+0530,246939.0,246939.0,246841.0,246842.0,12
2026-08-12T16:00:00+0530,246842.0,246842.0,246403.0,246497.0,97
2026-08-12T16:05:00+0530,246497.0,246644.0,246403.0,246543.0,25
2026-08-12T16:10:00+0530,246543.0,246754.0,246543.0,246667.0,14
2026-08-12T16:15:00+0530,246667.0,246716.0,246336.0,246336.0,61
2026-08-12T16:20:00+0530,246336.0,246608.0,246000.0,246401.0,103
2026-08-12T16:25:00+0530,246401.0,246749.0,246401.0,246519.0,28
2026-08-12T16:30:00+0530,246519.0,246763.0,246519.0,246762.0,18
2026-08-12T16:35:00+0530,246762.0,246762.0,246500.0,246761.0,19
2026-08-12T16:40:00+0530,246761.0,246802.0,246650.0,246652.0,21
2026-08-12T16:45:00+0530,246652.0,246655.0,246403.0,246586.0,18
2026-08-12T16:50:00+0530,246586.0,246686.0,246451.0,246686.0,10
2026-08-12T16:55:00+0530,246686.0,247042.0,246685.0,246993.0,62
2026-08-12T17:00:00+0530,246993.0,247077.0,246892.0,246892.0,15
2026-08-12T17:05:00+0530,246892.0,246892.0,246740.0,246805.0,12
2026-08-12T17:10:00+0530,246805.0,246849.0,246801.0,246801.0,5
2026-08-12T17:15:00+0530,246801.0,246892.0,246718.0,246723.0,31
2026-08-12T17:20:00+0530,246723.0,246790.0,246723.0,246744.0,12
2026-08-12T17:25:00+0530,246744.0,246853.0,246705.0,246747.0,13
2026-08-12T17:30:00+0530,246747.0,246893.0,246564.0,246582.0,14
2026-08-12T17:35:00+0530,246582.0,246582.0,246300.0,246491.0,38
2026-08-12T17:40:00+0530,246491.0,246512.0,246371.0,246371.0,23
2026-08-12T17:45:00+0530,246371.0,246499.0,246312.0,246435.0,18
2026-08-12T17:50:00+0530,246435.0,246453.0,246062.0,246333.0,52
2026-08-12T17:55:00+0530,246333.0,247100.0,246100.0,247100.0,72
2026-08-12T18:00:00+0530,247100.0,247555.0,245607.0,247440.0,653
2026-08-12T18:05:00+0530,247440.0,247466.0,246748.0,247301.0,205
2026-08-12T18:10:00+0530,247301.0,247400.0,247022.0,247219.0,127
2026-08-12T18:15:00+0530,247200.0,247200.0,246680.0,246843.0,122
2026-08-12T18:20:00+0530,246843.0,247124.0,246840.0,246959.0,54
2026-08-12T18:25:00+0530,246959.0,247250.0,246959.0,247248.0,69
2026-08-12T18:30:00+0530,247248.0,247500.0,246480.0,247082.0,193
2026-08-12T18:35:00+0530,247082.0,247082.0,246760.0,246882.0,66
2026-08-12T18:40:00+0530,246882.0,247000.0,246598.0,246728.0,46
2026-08-12T18:45:00+0530,246728.0,247000.0,246621.0,246889.0,45
2026-08-12T18:50:00+0530,246889.0,246995.0,246268.0,246268.0,81
2026-08-12T18:55:00+0530,246268.0,246361.0,245925.0,246172.0,117
2026-08-12T19:00:00+0530,246172.0,246240.0,245902.0,246000.0,66
2026-08-12T19:05:00+0530,246000.0,246028.0,245601.0,245662.0,104
2026-08-12T19:10:00+0530,245662.0,245987.0,245550.0,245939.0,90
2026-08-12T19:15:00+0530,245979.0,246700.0,245979.0,246597.0,94
2026-08-12T19:20:00+0530,246597.0,246799.0,246427.0,246589.0,69
2026-08-12T19:25:00+0530,246589.0,246800.0,246536.0,246536.0,46
2026-08-12T19:30:00+0530,246536.0,246586.0,245955.0,246025.0,90
2026-08-12T19:35:00+0530,246025.0,246694.0,246025.0,246694.0,30
2026-08-12T19:40:00+0530,246694.0,246976.0,246550.0,246578.0,51
2026-08-12T19:45:00+0530,246578.0,246949.0,246578.0,246949.0,26
2026-08-12T19:50:00+0530,246949.0,246949.0,246589.0,246700.0,15
2026-08-12T19:55:00+0530,246700.0,246800.0,246500.0,246587.0,20
2026-08-12T20:00:00+0530,246587.0,246626.0,246050.0,246290.0,71
2026-08-12T20:05:00+0530,246290.0,246550.0,246187.0,246354.0,16
2026-08-12T20:10:00+0530,246354.0,246750.0,246354.0,246750.0,18
2026-08-12T20:15:00+0530,246750.0,246800.0,246083.0,246323.0,30
2026-08-12T20:20:00+0530,246323.0,246468.0,246000.0,246250.0,32
2026-08-12T20:25:00+0530,246250.0,246262.0,246120.0,246120.0,30
2026-08-12T20:30:00+0530,246120.0,246239.0,245800.0,245879.0,71
2026-08-12T20:35:00+0530,245879.0,246221.0,245879.0,246218.0,20
2026-08-12T20:40:00+0530,246218.0,246300.0,246023.0,246200.0,15
2026-08-12T20:45:00+0530,246200.0,246200.0,246050.0,246131.0,10
2026-08-12T20:50:00+0530,246131.0,246260.0,246131.0,246201.0,10
2026-08-12T20:55:00+0530,246201.0,246202.0,245928.0,245967.0,21
2026-08-12T21:00:00+0530,245967.0,246285.0,245911.0,245911.0,21
2026-08-12T21:05:00+0530,245901.0,246167.0,245901.0,246149.0,16
2026-08-12T21:10:00+0530,246149.0,246184.0,246000.0,246000.0,9
2026-08-12T21:15:00+0530,246000.0,246069.0,245900.0,245900.0,21
2026-08-12T21:20:00+0530,245900.0,246000.0,245500.0,246000.0,80
2026-08-12T21:25:00+0530,246000.0,246199.0,245950.0,245950.0,37
2026-08-12T21:30:00+0530,245950.0,246165.0,245800.0,245969.0,47
2026-08-12T21:35:00+0530,245969.0,245970.0,245875.0,245921.0,10
2026-08-12T21:40:00+0530,245921.0,246042.0,245805.0,245955.0,11
2026-08-12T21:45:00+0530,245955.0,246096.0,245940.0,246053.0,27
2026-08-12T21:50:00+0530,246053.0,246053.0,245879.0,245969.0,10
2026-08-12T21:55:00+0530,245969.0,245969.0,245601.0,245685.0,63
2026-08-12T22:00:00+0530,245685.0,245690.0,245281.0,245304.0,151
2026-08-12T22:05:00+0530,245304.0,245377.0,245200.0,245299.0,71
2026-08-12T22:10:00+0530,245299.0,245443.0,245166.0,245166.0,39
2026-08-12T22:15:00+0530,245166.0,245166.0,244754.0,244754.0,178
2026-08-12T22:20:00+0530,244754.0,244915.0,244677.0,244701.0,67
2026-08-12T22:25:00+0530,244701.0,244868.0,244349.0,244755.0,114
2026-08-12T22:30:00+0530,244755.0,245074.0,244540.0,244800.0,74
2026-08-12T22:35:00+0530,244800.0,244867.0,244605.0,244750.0,53
2026-08-12T22:40:00+0530,244750.0,244840.0,244693.0,244694.0,13
2026-08-12T22:45:00+0530,244694.0,244849.0,244694.0,244752.0,15
2026-08-12T22:50:00+0530,244752.0,245300.0,244752.0,245224.0,42
2026-08-12T22:55:00+0530,245224.0,245362.0,245126.0,245289.0,15
2026-08-12T23:00:00+0530,245276.0,245322.0,245160.0,245322.0,35
2026-08-12T23:05:00+0530,245322.0,245399.0,245025.0,245149.0,24
2026-08-12T23:10:00+0530,245149.0,245198.0,245056.0,245101.0,26
2026-08-12T23:15:00+0530,245101.0,245199.0,245031.0,245100.0,42
2026-08-12T23:20:00+0530,245100.0,245195.0,245100.0,245131.0,46
2026-08-12T23:25:00+0530,245131.0,245249.0,245123.0,245247.0,57
2026-08-13T09:00:00+0530,245207.0,245413.0,244557.0,244736.0,107
2026-08-13T09:05:00+0530,244736.0,244865.0,244722.0,244865.0,36
2026-08-13T09:10:00+0530,244865.0,244865.0,244090.0,244159.0,111
2026-08-13T09:15:00+0530,244159.0,244515.0,244159.0,244479.0,47
2026-08-13T09:20:00+0530,244479.0,244479.0,244090.0,244246.0,47
2026-08-13T09:25:00+0530,244246.0,244246.0,243675.0,243896.0,103
2026-08-13T09:30:00+0530,243896.0,243896.0,243401.0,243401.0,81
2026-08-13T09:35:00+0530,243401.0,243872.0,243400.0,243850.0,40
2026-08-13T09:40:00+0530,243850.0,243855.0,243451.0,243650.0,70
2026-08-13T09:45:00+0530,243650.0,244099.0,243572.0,244099.0,79
2026-08-13T09:50:00+0530,244099.0,244099.0,243622.0,244025.0,60
2026-08-13T09:55:00+0530,244025.0,244276.0,244006.0,244174.0,76
2026-08-13T10:00:00+0530,244174.0,244174.0,243814.0,243975.0,34
2026-08-13T10:05:00+0530,243975.0,243975.0,243777.0,243895.0,28
2026-08-13T10:10:00+0530,243895.0,243999.0,243781.0,243839.0,15
2026-08-13T10:15:00+0530,243839.0,244069.0,243839.0,243996.0,11
2026-08-13T10:20:00+0530,243996.0,244289.0,243920.0,244282.0,33
2026-08-13T10:25:00+0530,244282.0,244323.0,244200.0,244323.0,7
2026-08-13T10:30:00+0530,244323.0,244323.0,244065.0,244126.0,26
2026-08-13T10:35:00+0530,244126.0,244300.0,244126.0,244236.0,16
2026-08-13T10:40:00+0530,244236.0,244898.0,244236.0,244809.0,72
2026-08-13T10:45:00+0530,244809.0,244900.0,244427.0,244581.0,51
2026-08-13T10:50:00+0530,244581.0,244794.0,244522.0,244794.0,31
2026-08-13T10:55:00+0530,244794.0,244995.0,244705.0,244995.0,56
2026-08-13T11:00:00+0530,244995.0,245030.0,244015.0,244202.0,67
2026-08-13T11:05:00+0530,244202.0,244600.0,244202.0,244600.0,31
2026-08-13T11:10:00+0530,244600.0,244700.0,243831.0,243889.0,63
2026-08-13T11:15:00+0530,243889.0,243953.0,243560.0,243734.0,86
2026-08-13T11:20:00+0530,243734.0,243850.0,243439.0,243444.0,86
2026-08-13T11:25:00+0530,243444.0,243444.0,243000.0,243252.0,97
2026-08-13T11:30:00+0530,243252.0,243616.0,243235.0,243283.0,76
2026-08-13T11:35:00+0530,243283.0,243439.0,243001.0,243439.0,91
2026-08-13T11:40:00+0530,243439.0,243449.0,243016.0,243242.0,37
2026-08-13T11:45:00+0530,243242.0,243425.0,243000.0,243280.0,64
2026-08-13T11:50:00+0530,243280.0,243579.0,243066.0,243531.0,36
2026-08-13T11:55:00+0530,243531.0,243531.0,243194.0,243254.0,63
2026-08-13T12:00:00+0530,243254.0,243254.0,242631.0,242780.0,162
2026-08-13T12:05:00+0530,242780.0,242888.0,242629.0,242661.0,62
2026-08-13T12:10:00+0530,242661.0,242879.0,242661.0,242666.0,40
2026-08-13T12:15:00+0530,242666.0,243280.0,242666.0,243178.0,36
2026-08-13T12:20:00+0530,243178.0,243223.0,242981.0,243100.0,64
2026-08-13T12:25:00+0530,243100.0,243177.0,243057.0,243100.0,26
2026-08-13T12:30:00+0530,243100.0,243167.0,242857.0,242920.0,68
2026-08-13T12:35:00+0530,242920.0,243043.0,242556.0,242556.0,73
2026-08-13T12:40:00+0530,242556.0,242698.0,242436.0,242600.0,97
2026-08-13T12:45:00+0530,242600.0,242696.0,242500.0,242592.0,34
2026-08-13T12:50:00+0530,242592.0,242740.0,242592.0,242592.0,26
2026-08-13T12:55:00+0530,242592.0,242735.0,242573.0,242573.0,40
2026-08-13T13:00:00+0530,242573.0,242758.0,242483.0,242717.0,31
2026-08-13T13:05:00+0530,242717.0,242914.0,242717.0,242826.0,17
2026-08-13T13:10:00+0530,242826.0,242999.0,242709.0,242999.0,23
2026-08-13T13:15:00+0530,242999.0,243000.0,242158.0,242292.0,154
2026-08-13T13:20:00+0530,242252.0,242472.0,242111.0,242360.0,111
2026-08-13T13:25:00+0530,242360.0,242384.0,242151.0,242216.0,44
2026-08-13T13:30:00+0530,242216.0,242251.0,241810.0,241866.0,141
2026-08-13T13:35:00+0530,241866.0,241950.0,241673.0,241850.0,69
2026-08-13T13:40:00+0530,241800.0,241890.0,241307.0,241621.0,142
2026-08-13T13:45:00+0530,241719.0,241719.0,241290.0,241415.0,73
2026-08-13T13:50:00+0530,241415.0,241985.0,241415.0,241920.0,32
2026-08-13T13:55:00+0530,241920.0,242134.0,241918.0,242011.0,29
2026-08-13T14:00:00+0530,242011.0,242184.0,241963.0,242173.0,58
2026-08-13T14:05:00+0530,242173.0,242185.0,241664.0,241760.0,50
2026-08-13T14:10:00+0530,241760.0,241991.0,241760.0,241991.0,13
2026-08-13T14:15:00+0530,241991.0,242314.0,241851.0,242314.0,24
2026-08-13T14:20:00+0530,242314.0,242315.0,242040.0,242126.0,39
2026-08-13T14:25:00+0530,242126.0,242183.0,241971.0,241982.0,33
2026-08-13T14:30:00+0530,241982.0,242021.0,241741.0,241808.0,31
2026-08-13T14:35:00+0530,241808.0,242076.0,241631.0,242076.0,24
2026-08-13T14:40:00+0530,242076.0,242150.0,242055.0,242055.0,14
2026-08-13T14:45:00+0530,242055.0,242440.0,242050.0,242440.0,19
2026-08-13T14:50:00+0530,242440.0,242549.0,242197.0,242226.0,43
2026-08-13T14:55:00+0530,242226.0,242419.0,242153.0,242153.0,20
2026-08-13T15:00:00+0530,242153.0,242505.0,242153.0,242450.0,22
2026-08-13T15:05:00+0530,242450.0,242600.0,242360.0,242391.0,38
2026-08-13T15:10:00+0530,242391.0,242451.0,242337.0,242400.0,33
2026-08-13T15:15:00+0530,242400.0,242469.0,242400.0,242400.0,5
2026-08-13T15:20:00+0530,242400.0,242475.0,242400.0,242475.0,12
2026-08-13T15:25:00+0530,242475.0,242900.0,242467.0,242736.0,43
2026-08-13T15:30:00+0530,242736.0,243000.0,242736.0,243000.0,68
2026-08-13T15:35:00+0530,243000.0,243170.0,242892.0,243150.0,36
2026-08-13T15:40:00+0530,243150.0,243185.0,242640.0,242826.0,30
2026-08-13T15:45:00+0530,242826.0,243049.0,242788.0,243000.0,13
2026-08-13T15:50:00+0530,243000.0,243248.0,243000.0,243189.0,12
2026-08-13T15:55:00+0530,243189.0,243258.0,243032.0,243146.0,39
2026-08-13T16:00:00+0530,243146.0,243225.0,242863.0,242874.0,37
2026-08-13T16:05:00+0530,242874.0,243404.0,242874.0,243404.0,38
2026-08-13T16:10:00+0530,243404.0,243492.0,243360.0,243440.0,21
2026-08-13T16:15:00+0530,243440.0,243600.0,243382.0,243600.0,45
2026-08-13T16:20:00+0530,243600.0,243831.0,243485.0,243485.0,58
2026-08-13T16:25:00+0530,243485.0,243650.0,243173.0,243193.0,91
2026-08-13T16:30:00+0530,243193.0,243421.0,243186.0,243271.0,26
2026-08-13T16:35:00+0530,243271.0,243333.0,243228.0,243236.0,14
2026-08-13T16:40:00+0530,243236.0,243700.0,243236.0,243700.0,12
2026-08-13T16:45:00+0530,243700.0,243700.0,243379.0,243379.0,5
2026-08-13T16:50:00+0530,243379.0,243472.0,243201.0,243280.0,18
2026-08-13T16:55:00+0530,243280.0,243358.0,242921.0,242926.0,34
2026-08-13T17:00:00+0530,242926.0,243095.0,242750.0,243068.0,18
2026-08-13T17:05:00+0530,243068.0,243098.0,242958.0,243079.0,13
2026-08-13T17:10:00+0530,243079.0,243079.0,242689.0,242964.0,12
2026-08-13T17:15:00+0530,242964.0,242967.0,242801.0,242805.0,19
2026-08-13T17:20:00+0530,242805.0,242999.0,242805.0,242850.0,41
2026-08-13T17:25:00+0530,242850.0,243543.0,242850.0,243543.0,64
2026-08-13T17:30:00+0530,243543.0,243543.0,243115.0,243325.0,28
2026-08-13T17:35:00+0530,243325.0,243776.0,243325.0,243663.0,35
2026-08-13T17:40:00+0530,243663.0,243663.0,243317.0,243317.0,11
2026-08-13T17:45:00+0530,243317.0,243317.0,243270.0,243270.0,5
2026-08-13T17:50:00+0530,243270.0,243272.0,243100.0,243118.0,12
2026-08-13T17:55:00+0530,243118.0,243270.0,243101.0,243270.0,26
2026-08-13T18:00:00+0530,243270.0,244197.0,243001.0,243381.0,257
2026-08-13T18:05:00+0530,243381.0,243592.0,243324.0,243589.0,29
2026-08-13T18:10:00+0530,243589.0,243625.0,243412.0,243497.0,31
2026-08-13T18:15:00+0530,243497.0,244000.0,243497.0,243848.0,73
2026-08-13T18:20:00+0530,243848.0,243901.0,243700.0,243776.0,22
2026-08-13T18:25:00+0530,243776.0,244200.0,243683.0,244200.0,53
2026-08-13T18:30:00+0530,244200.0,244200.0,243800.0,244081.0,48
2026-08-13T18:35:00+0530,244081.0,244489.0,244016.0,244016.0,98
2026-08-13T18:40:00+0530,244016.0,244093.0,243873.0,244093.0,25
2026-08-13T18:45:00+0530,244093.0,244093.0,243995.0,243995.0,14
2026-08-13T18:50:00+0530,243995.0,243995.0,243663.0,243676.0,22
2026-08-13T18:55:00+0530,243676.0,243816.0,243676.0,243697.0,6
2026-08-13T19:00:00+0530,243697.0,243811.0,242913.0,243000.0,126
2026-08-13T19:05:00+0530,243000.0,243282.0,243000.0,243232.0,48
2026-08-13T19:10:00+0530,243232.0,243601.0,243097.0,243490.0,21
2026-08-13T19:15:00+0530,243490.0,243492.0,243000.0,243301.0,30
2026-08-13T19:20:00+0530,243301.0,243301.0,243000.0,243100.0,31
2026-08-13T19:25:00+0530,243100.0,243248.0,242671.0,242761.0,108
2026-08-13T19:30:00+0530,242777.0,243085.0,242501.0,242758.0,128
2026-08-13T19:35:00+0530,242758.0,242850.0,242200.0,242200.0,119
2026-08-13T19:40:00+0530,242200.0,242453.0,242040.0,242354.0,69
2026-08-13T19:45:00+0530,242354.0,242774.0,242021.0,242698.0,78
2026-08-13T19:50:00+0530,242698.0,242698.0,242319.0,242530.0,65
2026-08-13T19:55:00+0530,242530.0,242754.0,242499.0,242547.0,53
2026-08-13T20:00:00+0530,242547.0,242819.0,241850.0,242740.0,149
2026-08-13T20:05:00+0530,242740.0,242902.0,242661.0,242835.0,44
2026-08-13T20:10:00+0530,242835.0,243100.0,242790.0,243100.0,47
2026-08-13T20:15:00+0530,243100.0,243359.0,243100.0,243242.0,43
2026-08-13T20:20:00+0530,243242.0,243265.0,243005.0,243259.0,12
2026-08-13T20:25:00+0530,243259.0,243259.0,243063.0,243112.0,8
2026-08-13T20:30:00+0530,243112.0,243112.0,242851.0,242851.0,11
2026-08-13T20:35:00+0530,242851.0,242999.0,242522.0,242522.0,47
2026-08-13T20:40:00+0530,242522.0,242522.0,242439.0,242500.0,30
2026-08-13T20:45:00+0530,242500.0,242540.0,242201.0,242500.0,24
2026-08-13T20:50:00+0530,242500.0,242700.0,242500.0,242500.0,4
2026-08-13T20:55:00+0530,242500.0,242940.0,242300.0,242300.0,52
2026-08-13T21:00:00+0530,242300.0,242485.0,242021.0,242253.0,62
2026-08-13T21:05:00+0530,242253.0,242539.0,242217.0,242539.0,14
2026-08-13T21:10:00+0530,242539.0,242739.0,242539.0,242571.0,8
2026-08-13T21:15:00+0530,242571.0,242700.0,242570.0,242700.0,4
2026-08-13T21:20:00+0530,242700.0,242700.0,242500.0,242500.0,2
2026-08-13T21:25:00+0530,242500.0,242624.0,242401.0,242401.0,7
2026-08-13T21:30:00+0530,242401.0,242595.0,242400.0,242503.0,12
2026-08-13T21:35:00+0530,242503.0,242503.0,242235.0,242235.0,10
2026-08-13T21:40:00+0530,242235.0,242362.0,242162.0,242256.0,13
2026-08-13T21:45:00+0530,242256.0,242331.0,242000.0,242060.0,29
2026-08-13T21:50:00+0530,242060.0,242359.0,242060.0,242341.0,13
2026-08-13T21:55:00+0530,242341.0,242595.0,242341.0,242419.0,18
2026-08-13T22:00:00+0530,242419.0,242672.0,242419.0,242669.0,6
2026-08-13T22:05:00+0530,242669.0,242669.0,242555.0,242665.0,15
2026-08-13T22:10:00+0530,242665.0,242665.0,242600.0,242665.0,11
2026-08-13T22:15:00+0530,242665.0,242700.0,242594.0,242634.0,11
2026-08-13T22:20:00+0530,242634.0,242634.0,242555.0,242567.0,12
2026-08-13T22:25:00+0530,242567.0,242718.0,242567.0,242610.0,10
2026-08-13T22:30:00+0530,242610.0,242850.0,242610.0,242738.0,28
2026-08-13T22:35:00+0530,242738.0,243121.0,242738.0,243000.0,45
2026-08-13T22:40:00+0530,243000.0,243100.0,242955.0,242986.0,26
2026-08-13T22:45:00+0530,242973.0,242973.0,242760.0,242760.0,19
2026-08-13T22:50:00+0530,242760.0,242853.0,242759.0,242770.0,9
2026-08-13T22:55:00+0530,242770.0,242800.0,242695.0,242710.0,8
2026-08-13T23:00:00+0530,242710.0,242751.0,242700.0,242700.0,7
2026-08-13T23:05:00+0530,242700.0,242788.0,242700.0,242788.0,2
2026-08-13T23:10:00+0530,242788.0,242788.0,242701.0,242770.0,21
2026-08-13T23:15:00+0530,242702.0,242770.0,242700.0,242703.0,21
2026-08-13T23:20:00+0530,242770.0,242788.0,242702.0,242788.0,18
2026-08-13T23:25:00+0530,242800.0,242965.0,242716.0,242740.0,77
2026-08-14T09:00:00+0530,241004.0,242000.0,240588.0,241353.0,208
2026-08-14T09:05:00+0530,241353.0,241544.0,240902.0,241059.0,97
2026-08-14T09:10:00+0530,241059.0,241088.0,240664.0,240800.0,98
2026-08-14T09:15:00+0530,240752.0,240969.0,240600.0,240600.0,56
2026-08-14T09:20:00+0530,240600.0,240697.0,240500.0,240595.0,59
2026-08-14T09:25:00+0530,240595.0,240602.0,240454.0,240541.0,36
2026-08-14T09:30:00+0530,240541.0,240541.0,240410.0,240500.0,29
2026-08-14T09:35:00+0530,240500.0,240500.0,240118.0,240168.0,121
2026-08-14T09:40:00+0530,240168.0,240357.0,240064.0,240256.0,55
2026-08-14T09:45:00+0530,240256.0,240601.0,240250.0,240565.0,40
2026-08-14T09:50:00+0530,240565.0,240762.0,240507.0,240538.0,61
2026-08-14T09:55:00+0530,240538.0,240615.0,240362.0,240362.0,37
2026-08-14T10:00:00+0530,240362.0,240362.0,240201.0,240203.0,33
2026-08-14T10:05:00+0530,240203.0,240665.0,240203.0,240634.0,43
2026-08-14T10:10:00+0530,240634.0,240640.0,240426.0,240500.0,53
2026-08-14T10:15:00+0530,240500.0,240500.0,240300.0,240444.0,22
2026-08-14T10:20:00+0530,240444.0,240444.0,240333.0,240412.0,27
2026-08-14T10:25:00+0530,240412.0,240578.0,240412.0,240578.0,6
2026-08-14T10:30:00+0530,240578.0,240578.0,240250.0,240312.0,32
2026-08-14T10:35:00+0530,240312.0,240312.0,239800.0,239809.0,164
2026-08-14T10:40:00+0530,239809.0,240000.0,239800.0,239998.0,62
2026-08-14T10:45:00+0530,239998.0,239998.0,239651.0,239750.0,52
2026-08-14T10:50:00+0530,239750.0,239850.0,239699.0,239825.0,23
2026-08-14T10:55:00+0530,239825.0,239849.0,239725.0,239751.0,39
2026-08-14T11:00:00+0530,239751.0,239751.0,239150.0,239400.0,216
2026-08-14T11:05:00+0530,239400.0,239685.0,239261.0,239425.0,85
2026-08-14T11:10:00+0530,239583.0,239743.0,239500.0,239500.0,49
2026-08-14T11:15:00+0530,239500.0,240000.0,239500.0,240000.0,49
2026-08-14T11:20:00+0530,240000.0,240615.0,240000.0,240550.0,138
2026-08-14T11:25:00+0530,240550.0,240679.0,240401.0,240644.0,59
2026-08-14T11:30:00+0530,240644.0,240685.0,240445.0,240542.0,61
2026-08-14T11:35:00+0530,240542.0,240600.0,240254.0,240388.0,53
2026-08-14T11:40:00+0530,240388.0,240979.0,240374.0,240872.0,58
2026-08-14T11:45:00+0530,240872.0,240979.0,240535.0,240602.0,51
2026-08-14T11:50:00+0530,240602.0,240890.0,240409.0,240802.0,24
2026-08-14T11:55:00+0530,240802.0,240896.0,240594.0,240594.0,16
2026-08-14T12:00:00+0530,240594.0,240641.0,240550.0,240641.0,36
2026-08-14T12:05:00+0530,240641.0,240718.0,240432.0,240432.0,13
2026-08-14T12:10:00+0530,240432.0,240481.0,240350.0,240455.0,14
2026-08-14T12:15:00+0530,240455.0,240585.0,240455.0,240584.0,14
2026-08-14T12:20:00+0530,240584.0,240785.0,240584.0,240785.0,24
2026-08-14T12:25:00+0530,240785.0,240885.0,240580.0,240869.0,21
2026-08-14T12:30:00+0530,240869.0,241000.0,240700.0,240950.0,61
2026-08-14T12:35:00+0530,240950.0,241071.0,240950.0,240953.0,24
2026-08-14T12:40:00+0530,240953.0,241100.0,240730.0,240730.0,23
2026-08-14T12:45:00+0530,240730.0,240800.0,240730.0,240772.0,6
2026-08-14T12:50:00+0530,240772.0,240898.0,240640.0,240878.0,22
2026-08-14T12:55:00+0530,240878.0,240878.0,240600.0,240621.0,18
2026-08-14T13:00:00+0530,240621.0,240802.0,240536.0,240802.0,15
2026-08-14T13:05:00+0530,240802.0,241102.0,240802.0,241102.0,23
2026-08-14T13:10:00+0530,241102.0,241500.0,241075.0,241490.0,109
2026-08-14T13:15:00+0530,241490.0,241742.0,241361.0,241630.0,107
2026-08-14T13:20:00+0530,241630.0,241716.0,241500.0,241601.0,40
2026-08-14T13:25:00+0530,241601.0,241840.0,241553.0,241564.0,122
2026-08-14T13:30:00+0530,241564.0,241900.0,241518.0,241601.0,70
2026-08-14T13:35:00+0530,241601.0,241750.0,241500.0,241646.0,23
2026-08-14T13:40:00+0530,241646.0,241800.0,241646.0,241764.0,11
2026-08-14T13:45:00+0530,241764.0,241855.0,241528.0,241528.0,46
2026-08-14T13:50:00+0530,241528.0,241528.0,241400.0,241460.0,32
2026-08-14T13:55:00+0530,241460.0,241599.0,241422.0,241599.0,16
2026-08-14T14:00:00+0530,241599.0,241600.0,241429.0,241445.0,13
2026-08-14T14:05:00+0530,241445.0,241981.0,241445.0,241959.0,49
2026-08-14T14:10:00+0530,241953.0,242050.0,241745.0,241822.0,44
2026-08-14T14:15:00+0530,241822.0,242056.0,241722.0,242027.0,32
2026-08-14T14:20:00+0530,242027.0,242150.0,242027.0,242100.0,17
2026-08-14T14:25:00+0530,242100.0,242351.0,242060.0,242199.0,59
2026-08-14T14:30:00+0530,242199.0,242199.0,242000.0,242000.0,12
2026-08-14T14:35:00+0530,242000.0,242106.0,241860.0,242000.0,18
2026-08-14T14:40:00+0530,242000.0,242103.0,241951.0,241951.0,13
2026-08-14T14:45:00+0530,241951.0,242100.0,241951.0,242011.0,8
2026-08-14T14:50:00+0530,242011.0,242490.0,242011.0,242405.0,40
2026-08-14T14:55:00+0530,242405.0,242462.0,242201.0,242325.0,20
2026-08-14T15:00:00+0530,242325.0,242325.0,242100.0,242220.0,27
2026-08-14T15:05:00+0530,242220.0,242220.0,242041.0,242041.0,6
2026-08-14T15:10:00+0530,242041.0,242175.0,242041.0,242151.0,16
2026-08-14T15:15:00+0530,242151.0,242305.0,242106.0,242127.0,13
2026-08-14T15:20:00+0530,242127.0,242255.0,242127.0,242255.0,7
2026-08-14T15:25:00+0530,242255.0,242560.0,242170.0,242560.0,29
2026-08-14T15:30:00+0530,242560.0,242838.0,242394.0,242835.0,50
2026-08-14T15:35:00+0530,242835.0,242850.0,242501.0,242525.0,27
2026-08-14T15:40:00+0530,242525.0,242554.0,242370.0,242370.0,36
2026-08-14T15:45:00+0530,242370.0,242370.0,242100.0,242109.0,45
2026-08-14T15:50:00+0530,242109.0,242391.0,242109.0,242391.0,13
2026-08-14T15:55:00+0530,242391.0,242394.0,242103.0,242140.0,18
2026-08-14T16:00:00+0530,242140.0,242197.0,241901.0,241901.0,52
2026-08-14T16:05:00+0530,241901.0,241995.0,241900.0,241907.0,15
2026-08-14T16:10:00+0530,241907.0,241990.0,241791.0,241804.0,29
2026-08-14T16:15:00+0530,241804.0,241900.0,241804.0,241835.0,45
2026-08-14T16:20:00+0530,241835.0,242126.0,241835.0,242049.0,45
2026-08-14T16:25:00+0530,242049.0,242114.0,241950.0,242098.0,18
2026-08-14T16:30:00+0530,242050.0,242050.0,241925.0,241992.0,16
2026-08-14T16:35:00+0530,241992.0,242102.0,241992.0,242102.0,5
2026-08-14T16:40:00+0530,242102.0,242187.0,242102.0,242179.0,17
2026-08-14T16:45:00+0530,242179.0,242378.0,242179.0,242350.0,9
2026-08-14T16:50:00+0530,242350.0,242498.0,242259.0,242259.0,15
2026-08-14T16:55:00+0530,242259.0,242483.0,242259.0,242342.0,10
2026-08-14T17:00:00+0530,242342.0,242708.0,242342.0,242708.0,30
2026-08-14T17:05:00+0530,242708.0,242799.0,242647.0,242740.0,34
2026-08-14T17:10:00+0530,242740.0,242800.0,242473.0,242501.0,45
2026-08-14T17:15:00+0530,242501.0,242501.0,242369.0,242500.0,19
2026-08-14T17:20:00+0530,242500.0,242839.0,242500.0,242785.0,16
2026-08-14T17:25:00+0530,242785.0,242859.0,242756.0,242859.0,32
2026-08-14T17:30:00+0530,242859.0,243102.0,242859.0,242900.0,68
2026-08-14T17:35:00+0530,242900.0,243150.0,242900.0,242998.0,41
2026-08-14T17:40:00+0530,242998.0,242998.0,242459.0,242570.0,67
2026-08-14T17:45:00+0530,242570.0,242651.0,242517.0,242580.0,33
2026-08-14T17:50:00+0530,242580.0,242890.0,242553.0,242890.0,23
2026-08-14T17:55:00+0530,242890.0,243159.0,242883.0,243149.0,37
2026-08-14T18:00:00+0530,243271.0,243448.0,243064.0,243100.0,112
2026-08-14T18:05:00+0530,243100.0,243115.0,242953.0,242953.0,54
2026-08-14T18:10:00+0530,242953.0,243050.0,242700.0,242700.0,30
2026-08-14T18:15:00+0530,242700.0,243180.0,242700.0,243180.0,43
2026-08-14T18:20:00+0530,243180.0,243260.0,243160.0,243260.0,11
2026-08-14T18:25:00+0530,243260.0,243260.0,243077.0,243163.0,41
2026-08-14T18:30:00+0530,243163.0,243550.0,242902.0,243480.0,112
2026-08-14T18:35:00+0530,243480.0,243480.0,243104.0,243200.0,62
2026-08-14T18:40:00+0530,243200.0,243350.0,243066.0,243118.0,19
2026-08-14T18:45:00+0530,243118.0,243301.0,243118.0,243199.0,32
2026-08-14T18:50:00+0530,243199.0,243450.0,243165.0,243358.0,37
2026-08-14T18:55:00+0530,243358.0,243489.0,243305.0,243305.0,17
2026-08-14T19:00:00+0530,243305.0,244000.0,243305.0,243858.0,117
2026-08-14T19:05:00+0530,243858.0,244130.0,243714.0,243980.0,118
2026-08-14T19:10:00+0530,243980.0,244200.0,243831.0,244135.0,147
2026-08-14T19:15:00+0530,244135.0,244135.0,243510.0,243570.0,108
2026-08-14T19:20:00+0530,243570.0,244000.0,243523.0,243900.0,58
2026-08-14T19:25:00+0530,243900.0,244000.0,243851.0,243999.0,41
2026-08-14T19:30:00+0530,243999.0,244656.0,243854.0,244648.0,266
2026-08-14T19:35:00+0530,244612.0,244652.0,244501.0,244542.0,65
2026-08-14T19:40:00+0530,244542.0,244641.0,244415.0,244418.0,87
2026-08-14T19:45:00+0530,244418.0,244518.0,244140.0,244199.0,66
2026-08-14T19:50:00+0530,244199.0,244638.0,244077.0,244637.0,37
2026-08-14T19:55:00+0530,244637.0,244851.0,244565.0,244565.0,84
2026-08-14T20:00:00+0530,244600.0,244636.0,244403.0,244403.0,27
2026-08-14T20:05:00+0530,244403.0,244533.0,244300.0,244488.0,33
2026-08-14T20:10:00+0530,244488.0,244548.0,244000.0,244122.0,79
2026-08-14T20:15:00+0530,244122.0,244268.0,243995.0,244141.0,45
2026-08-14T20:20:00+0530,244141.0,244169.0,243990.0,244169.0,14
2026-08-14T20:25:00+0530,244169.0,244180.0,243924.0,244035.0,19
2026-08-14T20:30:00+0530,244035.0,244472.0,243900.0,244227.0,58
2026-08-14T20:35:00+0530,244227.0,244355.0,244050.0,244050.0,7
2026-08-14T20:40:00+0530,244050.0,244313.0,243901.0,244227.0,24
2026-08-14T20:45:00+0530,244227.0,244473.0,243910.0,244001.0,31
2026-08-14T20:50:00+0530,244001.0,244001.0,243704.0,243817.0,58
2026-08-14T20:55:00+0530,243817.0,243843.0,243651.0,243843.0,15
2026-08-14T21:00:00+0530,243843.0,243900.0,243652.0,243703.0,26
2026-08-14T21:05:00+0530,243703.0,243900.0,243703.0,243821.0,10
2026-08-14T21:10:00+0530,243821.0,243821.0,243445.0,243649.0,62
2026-08-14T21:15:00+0530,243649.0,244000.0,243543.0,243900.0,47
2026-08-14T21:20:00+0530,243900.0,244008.0,243900.0,243900.0,12
2026-08-14T21:25:00+0530,243900.0,244003.0,243900.0,243900.0,16
2026-08-14T21:30:00+0530,243900.0,243950.0,243814.0,243814.0,23
2026-08-14T21:35:00+0530,243814.0,243815.0,243600.0,243600.0,21
2026-08-14T21:40:00+0530,243600.0,243600.0,243313.0,243431.0,24
2026-08-14T21:45:00+0530,243431.0,243705.0,243372.0,243511.0,18
2026-08-14T21:50:00+0530,243511.0,243736.0,243423.0,243423.0,12
2026-08-14T21:55:00+0530,243423.0,243539.0,243398.0,243520.0,38
2026-08-14T22:00:00+0530,243520.0,243521.0,243050.0,243384.0,94
2026-08-14T22:05:00+0530,243384.0,243499.0,243343.0,243493.0,16
2026-08-14T22:10:00+0530,243493.0,243493.0,243121.0,243321.0,42
2026-08-14T22:15:00+0530,243321.0,243519.0,243321.0,243519.0,34
2026-08-14T22:20:00+0530,243519.0,243546.0,243499.0,243500.0,15
2026-08-14T22:25:00+0530,243500.0,243599.0,243500.0,243513.0,13
2026-08-14T22:30:00+0530,243513.0,243772.0,243457.0,243486.0,44
2026-08-14T22:35:00+0530,243486.0,243505.0,243331.0,243436.0,27
2026-08-14T22:40:00+0530,243436.0,243521.0,243400.0,243521.0,7
2026-08-14T22:45:00+0530,243521.0,243648.0,243487.0,243501.0,18
2026-08-14T22:50:00+0530,243501.0,243549.0,243432.0,243500.0,14
2026-08-14T22:55:00+0530,243500.0,243539.0,243500.0,243500.0,11
2026-08-14T23:00:00+0530,243500.0,243550.0,243438.0,243550.0,14
2026-08-14T23:05:00+0530,243550.0,243686.0,243494.0,243501.0,11
2026-08-14T23:10:00+0530,243505.0,243505.0,243306.0,243335.0,38
2026-08-14T23:15:00+0530,243335.0,243335.0,243001.0,243001.0,96
2026-08-14T23:20:00+0530,243100.0,243292.0,243096.0,243207.0,51
2026-08-14T23:25:00+0530,243207.0,243500.0,243203.0,243498.0,143
2026-08-17T09:00:00+0530,244251.0,245800.0,244251.0,245222.0,253
2026-08-17T09:05:00+0530,245222.0,245319.0,244950.0,245070.0,131
2026-08-17T09:10:00+0530,245070.0,245299.0,245036.0,245123.0,48
2026-08-17T09:15:00+0530,245123.0,245500.0,244902.0,244914.0,228
2026-08-17T09:20:00+0530,244905.0,245135.0,244901.0,245135.0,72
2026-08-17T09:25:00+0530,245135.0,245149.0,244928.0,244962.0,47
2026-08-17T09:30:00+0530,244962.0,245100.0,244962.0,245026.0,50
2026-08-17T09:35:00+0530,245026.0,245120.0,245001.0,245120.0,33
2026-08-17T09:40:00+0530,245120.0,245200.0,245044.0,245105.0,38
2026-08-17T09:45:00+0530,245105.0,245112.0,244901.0,245064.0,27
2026-08-17T09:50:00+0530,245064.0,245064.0,244693.0,244810.0,56
2026-08-17T09:55:00+0530,244810.0,244829.0,244523.0,244576.0,38
2026-08-17T10:00:00+0530,244576.0,244735.0,244523.0,244735.0,30
2026-08-17T10:05:00+0530,244735.0,244914.0,244583.0,244871.0,16
2026-08-17T10:10:00+0530,244871.0,245070.0,244764.0,245058.0,25
2026-08-17T10:15:00+0530,245058.0,245070.0,245048.0,245048.0,8
2026-08-17T10:20:00+0530,245048.0,245048.0,244820.0,244900.0,18
2026-08-17T10:25:00+0530,244900.0,244980.0,244626.0,244693.0,19
2026-08-17T10:30:00+0530,244693.0,244934.0,244693.0,244934.0,3
2026-08-17T10:35:00+0530,244934.0,245048.0,244758.0,245048.0,23
2026-08-17T10:40:00+0530,245048.0,245048.0,244740.0,244740.0,15
2026-08-17T10:45:00+0530,244740.0,245154.0,244740.0,245154.0,27
2026-08-17T10:50:00+0530,245154.0,245372.0,245071.0,245300.0,112
2026-08-17T10:55:00+0530,245300.0,245462.0,245251.0,245462.0,118
2026-08-17T11:00:00+0530,245500.0,245798.0,245313.0,245568.0,162
2026-08-17T11:05:00+0530,245568.0,245580.0,245346.0,245500.0,50
2026-08-17T11:10:00+0530,245500.0,245599.0,245350.0,245492.0,28
2026-08-17T11:15:00+0530,245492.0,245549.0,245333.0,245549.0,54
2026-08-17T11:20:00+0530,245549.0,245600.0,245391.0,245391.0,47
2026-08-17T11:25:00+0530,245391.0,245392.0,245391.0,245392.0,5
2026-08-17T11:30:00+0530,245392.0,245800.0,245392.0,245730.0,67
2026-08-17T11:35:00+0530,245730.0,245957.0,245630.0,245630.0,63
2026-08-17T11:40:00+0530,245630.0,245732.0,245614.0,245625.0,33
2026-08-17T11:45:00+0530,245625.0,245648.0,245408.0,245499.0,63
2026-08-17T11:50:00+0530,245499.0,245598.0,245466.0,245519.0,8
2026-08-17T11:55:00+0530,245519.0,245606.0,245478.0,245606.0,18
2026-08-17T12:00:00+0530,245606.0,245615.0,245450.0,245450.0,19
2026-08-17T12:05:00+0530,245450.0,245494.0,245171.0,245220.0,45
2026-08-17T12:10:00+0530,245220.0,245270.0,245017.0,245150.0,17
2026-08-17T12:15:00+0530,245150.0,245602.0,245150.0,245526.0,15
2026-08-17T12:20:00+0530,245526.0,245649.0,245442.0,245454.0,26
2026-08-17T12:25:00+0530,245454.0,245600.0,245454.0,245600.0,12
2026-08-17T12:30:00+0530,245600.0,245600.0,245345.0,245345.0,34
2026-08-17T12:35:00+0530,245345.0,245435.0,245300.0,245400.0,11
2026-08-17T12:40:00+0530,245400.0,245438.0,245200.0,245200.0,18
2026-08-17T12:45:00+0530,245200.0,245200.0,244949.0,244949.0,72
2026-08-17T12:50:00+0530,244949.0,244949.0,244730.0,244812.0,62
2026-08-17T12:55:00+0530,244812.0,245280.0,244812.0,245280.0,33
2026-08-17T13:00:00+0530,245280.0,245482.0,245280.0,245346.0,27
2026-08-17T13:05:00+0530,245346.0,245639.0,245317.0,245374.0,37
2026-08-17T13:10:00+0530,245374.0,245532.0,245374.0,245532.0,16
2026-08-17T13:15:00+0530,245532.0,245561.0,245379.0,245411.0,19
2026-08-17T13:20:00+0530,245411.0,245411.0,245225.0,245225.0,12
2026-08-17T13:25:00+0530,245225.0,245293.0,245225.0,245285.0,7
2026-08-17T13:30:00+0530,245202.0,245202.0,244808.0,244962.0,51
2026-08-17T13:35:00+0530,244962.0,245140.0,244735.0,245140.0,36
2026-08-17T13:40:00+0530,245140.0,245199.0,244989.0,245091.0,14
2026-08-17T13:45:00+0530,245091.0,245199.0,244916.0,244916.0,19
2026-08-17T13:50:00+0530,244916.0,245109.0,244916.0,245059.0,14
2026-08-17T13:55:00+0530,245059.0,245059.0,245017.0,245017.0,1
2026-08-17T14:00:00+0530,245017.0,245060.0,244900.0,245060.0,15
2026-08-17T14:05:00+0530,245060.0,245075.0,245050.0,245075.0,6
2026-08-17T14:10:00+0530,245075.0,245075.0,244925.0,244925.0,12
2026-08-17T14:15:00+0530,244925.0,244981.0,244725.0,244760.0,23
2026-08-17T14:20:00+0530,244760.0,244760.0,244651.0,244666.0,28
2026-08-17T14:25:00+0530,244666.0,244866.0,244666.0,244866.0,9
2026-08-17T14:30:00+0530,244866.0,244866.0,244700.0,244710.0,30
2026-08-17T14:35:00+0530,244710.0,244841.0,244710.0,244841.0,7
2026-08-17T14:40:00+0530,244841.0,244963.0,244756.0,244756.0,24
2026-08-17T14:45:00+0530,244756.0,244859.0,244702.0,244702.0,15
2026-08-17T14:50:00+0530,244702.0,244781.0,244690.0,244771.0,20
2026-08-17T14:55:00+0530,244771.0,244772.0,244655.0,244670.0,25
2026-08-17T15:00:00+0530,244670.0,244889.0,244658.0,244712.0,25
2026-08-17T15:05:00+0530,244712.0,244731.0,244621.0,244621.0,36
2026-08-17T15:10:00+0530,244621.0,244795.0,244621.0,244633.0,23
2026-08-17T15:15:00+0530,244633.0,244700.0,244552.0,244700.0,44
2026-08-17T15:20:00+0530,244700.0,244769.0,244625.0,244650.0,16
2026-08-17T15:25:00+0530,244650.0,244690.0,244606.0,244646.0,10
2026-08-17T15:30:00+0530,244646.0,244646.0,244527.0,244554.0,19
2026-08-17T15:35:00+0530,244554.0,244850.0,244554.0,244812.0,8
2026-08-17T15:40:00+0530,244812.0,245009.0,244812.0,245004.0,52
2026-08-17T15:45:00+0530,245004.0,245165.0,244951.0,244951.0,37
2026-08-17T15:50:00+0530,244951.0,245098.0,244881.0,244881.0,11
2026-08-17T15:55:00+0530,244881.0,245383.0,244697.0,245383.0,69
2026-08-17T16:00:00+0530,245383.0,245535.0,245000.0,245102.0,45
2026-08-17T16:05:00+0530,245102.0,245176.0,245086.0,245176.0,8
2026-08-17T16:10:00+0530,245176.0,245200.0,244996.0,245108.0,16
2026-08-17T16:15:00+0530,245108.0,245138.0,244955.0,245065.0,12
2026-08-17T16:20:00+0530,245065.0,245093.0,244951.0,244951.0,4
2026-08-17T16:25:00+0530,244951.0,245149.0,244951.0,244955.0,12
2026-08-17T16:30:00+0530,244955.0,245013.0,244900.0,244925.0,5
2026-08-17T16:35:00+0530,244925.0,245090.0,244925.0,244930.0,16
2026-08-17T16:40:00+0530,244930.0,245133.0,244930.0,244950.0,6
2026-08-17T16:45:00+0530,244950.0,245062.0,244950.0,245005.0,8
2026-08-17T16:50:00+0530,245005.0,245141.0,244925.0,245075.0,45
2026-08-17T16:55:00+0530,245075.0,245187.0,245075.0,245187.0,11
2026-08-17T17:00:00+0530,245187.0,245188.0,245057.0,245150.0,16
2026-08-17T17:05:00+0530,245150.0,245150.0,244949.0,244997.0,29
2026-08-17T17:10:00+0530,244931.0,244997.0,244698.0,244796.0,71
2026-08-17T17:15:00+0530,244796.0,244955.0,244796.0,244819.0,9
2026-08-17T17:20:00+0530,244819.0,245085.0,244819.0,245009.0,28
2026-08-17T17:25:00+0530,245009.0,245021.0,244950.0,245021.0,15
2026-08-17T17:30:00+0530,245021.0,245088.0,244874.0,245072.0,12
2026-08-17T17:35:00+0530,245072.0,245072.0,244837.0,244837.0,12
2026-08-17T17:40:00+0530,244837.0,244876.0,244753.0,244876.0,12
2026-08-17T17:45:00+0530,244876.0,244955.0,244730.0,244830.0,24
2026-08-17T17:50:00+0530,244830.0,244990.0,244809.0,244837.0,46
2026-08-17T17:55:00+0530,244837.0,244837.0,244204.0,244240.0,171
2026-08-17T18:00:00+0530,244240.0,244467.0,244060.0,244297.0,68
2026-08-17T18:05:00+0530,244399.0,244399.0,244006.0,244006.0,51
2026-08-17T18:10:00+0530,244006.0,244061.0,243640.0,243813.0,150
2026-08-17T18:15:00+0530,243813.0,244043.0,243701.0,243746.0,26
2026-08-17T18:20:00+0530,243746.0,244286.0,243746.0,244211.0,47
2026-08-17T18:25:00+0530,244211.0,244347.0,243846.0,244038.0,54
2026-08-17T18:30:00+0530,244038.0,244315.0,243501.0,243947.0,100
2026-08-17T18:35:00+0530,243947.0,244100.0,243750.0,243983.0,38
2026-08-17T18:40:00+0530,243983.0,244281.0,243890.0,243890.0,20
2026-08-17T18:45:00+0530,243890.0,243948.0,243587.0,243800.0,34
2026-08-17T18:50:00+0530,243800.0,244011.0,243800.0,243829.0,27
2026-08-17T18:55:00+0530,243859.0,243924.0,243840.0,243924.0,5
2026-08-17T19:00:00+0530,243924.0,244263.0,243898.0,244184.0,45
2026-08-17T19:05:00+0530,244184.0,244242.0,244000.0,244200.0,34
2026-08-17T19:10:00+0530,244200.0,244200.0,243900.0,243906.0,16
2026-08-17T19:15:00+0530,243906.0,244300.0,243853.0,244300.0,20
2026-08-17T19:20:00+0530,244300.0,244858.0,244223.0,244521.0,85
2026-08-17T19:25:00+0530,244521.0,245073.0,244502.0,244850.0,104
2026-08-17T19:30:00+0530,244850.0,245044.0,244650.0,244918.0,46
2026-08-17T19:35:00+0530,244918.0,245040.0,244731.0,244877.0,51
2026-08-17T19:40:00+0530,244877.0,245011.0,244660.0,245011.0,37
2026-08-17T19:45:00+0530,245011.0,245300.0,245011.0,245147.0,128
2026-08-17T19:50:00+0530,245147.0,245732.0,245132.0,245541.0,164
2026-08-17T19:55:00+0530,245541.0,245674.0,245000.0,245178.0,127
2026-08-17T20:00:00+0530,245178.0,245525.0,245178.0,245493.0,100
2026-08-17T20:05:00+0530,245433.0,245600.0,245281.0,245422.0,191
2026-08-17T20:10:00+0530,245422.0,245789.0,245422.0,245684.0,439
2026-08-17T20:15:00+0530,245684.0,245800.0,245405.0,245562.0,131
2026-08-17T20:20:00+0530,245562.0,245944.0,245356.0,245390.0,192
2026-08-17T20:25:00+0530,245390.0,245523.0,245309.0,245501.0,35
2026-08-17T20:30:00+0530,245501.0,245700.0,245350.0,245594.0,19
2026-08-17T20:35:00+0530,245594.0,245700.0,245350.0,245445.0,92
2026-08-17T20:40:00+0530,245445.0,245746.0,245421.0,245746.0,132
2026-08-17T20:45:00+0530,245746.0,245894.0,245558.0,245734.0,202
2026-08-17T20:50:00+0530,245734.0,245940.0,245706.0,245760.0,134
2026-08-17T20:55:00+0530,245760.0,245999.0,245612.0,245882.0,114
2026-08-17T21:00:00+0530,245882.0,246119.0,245700.0,245777.0,99
2026-08-17T21:05:00+0530,245777.0,245950.0,245700.0,245785.0,35
2026-08-17T21:10:00+0530,245785.0,245879.0,245551.0,245588.0,61
2026-08-17T21:15:00+0530,245588.0,245699.0,245399.0,245699.0,83
2026-08-17T21:20:00+0530,245699.0,245884.0,245662.0,245884.0,34
2026-08-17T21:25:00+0530,245884.0,245884.0,245613.0,245750.0,47
2026-08-17T21:30:00+0530,245750.0,245820.0,245579.0,245579.0,29
2026-08-17T21:35:00+0530,245579.0,245900.0,245579.0,245703.0,43
2026-08-17T21:40:00+0530,245703.0,245814.0,245613.0,245707.0,58
2026-08-17T21:45:00+0530,245707.0,245745.0,245550.0,245550.0,47
2026-08-17T21:50:00+0530,245550.0,245745.0,245506.0,245578.0,40
2026-08-17T21:55:00+0530,245578.0,245680.0,245506.0,245680.0,45
2026-08-17T22:00:00+0530,245680.0,245789.0,245506.0,245565.0,43
2026-08-17T22:05:00+0530,245565.0,245768.0,245517.0,245768.0,35
2026-08-17T22:10:00+0530,245768.0,245799.0,245602.0,245602.0,27
2026-08-17T22:15:00+0530,245602.0,245700.0,245591.0,245700.0,20
2026-08-17T22:20:00+0530,245700.0,245740.0,245626.0,245652.0,9
2026-08-17T22:25:00+0530,245652.0,245831.0,245652.0,245725.0,55
2026-08-17T22:30:00+0530,245725.0,245830.0,245700.0,245723.0,19
2026-08-17T22:35:00+0530,245723.0,245723.0,245600.0,245626.0,26
2026-08-17T22:40:00+0530,245626.0,245626.0,245502.0,245545.0,44
2026-08-17T22:45:00+0530,245545.0,245545.0,245371.0,245371.0,38
2026-08-17T22:50:00+0530,245371.0,245450.0,245050.0,245132.0,98
2026-08-17T22:55:00+0530,245132.0,245200.0,245048.0,245200.0,77
2026-08-17T23:00:00+0530,245200.0,245369.0,245200.0,245266.0,50
2026-08-17T23:05:00+0530,245266.0,245266.0,245167.0,245189.0,19
2026-08-17T23:10:00+0530,245189.0,245310.0,245117.0,245310.0,60
2026-08-17T23:15:00+0530,245310.0,245458.0,245310.0,245369.0,46
2026-08-17T23:20:00+0530,245369.0,245459.0,245314.0,245341.0,46
2026-08-17T23:25:00+0530,245341.0,245550.0,245162.0,245414.0,279
2026-08-18T09:00:00+0530,244006.0,244006.0,242618.0,243446.0,660
2026-08-18T09:05:00+0530,243446.0,243493.0,243271.0,243271.0,153
2026-08-18T09:10:00+0530,243280.0,243414.0,243200.0,243375.0,133
2026-08-18T09:15:00+0530,243375.0,243400.0,243200.0,243388.0,70
2026-08-18T09:20:00+0530,243388.0,243400.0,243259.0,243380.0,40
2026-08-18T09:25:00+0530,243380.0,243401.0,243164.0,243347.0,130
2026-08-18T09:30:00+0530,243347.0,243398.0,243150.0,243397.0,132
2026-08-18T09:35:00+0530,243397.0,243397.0,243241.0,243299.0,45
2026-08-18T09:40:00+0530,243299.0,243398.0,243151.0,243390.0,69
2026-08-18T09:45:00+0530,243390.0,243460.0,243215.0,243215.0,56
2026-08-18T09:50:00+0530,243215.0,243372.0,243200.0,243250.0,58
2026-08-18T09:55:00+0530,243250.0,243440.0,243250.0,243381.0,71
2026-08-18T10:00:00+0530,243381.0,243425.0,243217.0,243217.0,79
2026-08-18T10:05:00+0530,243217.0,243265.0,243085.0,243140.0,117
2026-08-18T10:10:00+0530,243140.0,243427.0,243140.0,243327.0,44
2026-08-18T10:15:00+0530,243327.0,243397.0,243290.0,243397.0,11
2026-08-18T10:20:00+0530,243397.0,243500.0,243350.0,243401.0,99
2026-08-18T10:25:00+0530,243401.0,243499.0,243355.0,243355.0,66
2026-08-18T10:30:00+0530,243355.0,243406.0,243092.0,243093.0,188
2026-08-18T10:35:00+0530,243093.0,243352.0,243048.0,243270.0,52
2026-08-18T10:40:00+0530,243270.0,243318.0,243000.0,243093.0,167
2026-08-18T10:45:00+0530,243093.0,243280.0,243006.0,243280.0,29
2026-08-18T10:50:00+0530,243280.0,243349.0,243280.0,243330.0,22
2026-08-18T10:55:00+0530,243330.0,243370.0,243106.0,243106.0,81
2026-08-18T11:00:00+0530,243106.0,243132.0,242481.0,242538.0,329
2026-08-18T11:05:00+0530,242538.0,242748.0,242506.0,242686.0,56
2026-08-18T11:10:00+0530,242686.0,242975.0,242594.0,242936.0,62
2026-08-18T11:15:00+0530,242936.0,243000.0,242859.0,242985.0,26
2026-08-18T11:20:00+0530,242985.0,243287.0,242982.0,243250.0,59
2026-08-18T11:25:00+0530,243250.0,243402.0,243140.0,243140.0,35
2026-08-18T11:30:00+0530,243140.0,243144.0,242906.0,242906.0,59
2026-08-18T11:35:00+0530,242906.0,243027.0,242666.0,243027.0,51
2026-08-18T11:40:00+0530,243027.0,243248.0,242950.0,243240.0,38
2026-08-18T11:45:00+0530,243240.0,243244.0,243081.0,243112.0,20
2026-08-18T11:50:00+0530,243112.0,243500.0,243112.0,243430.0,53
2026-08-18T11:55:00+0530,243430.0,243743.0,243420.0,243630.0,112
2026-08-18T12:00:00+0530,243630.0,243630.0,243422.0,243422.0,18
2026-08-18T12:05:00+0530,243422.0,243576.0,243398.0,243498.0,13
2026-08-18T12:10:00+0530,243498.0,243585.0,243485.0,243560.0,15
2026-08-18T12:15:00+0530,243560.0,243599.0,243474.0,243508.0,16
2026-08-18T12:20:00+0530,243508.0,243574.0,243497.0,243570.0,17
2026-08-18T12:25:00+0530,243570.0,243570.0,243458.0,243458.0,25
2026-08-18T12:30:00+0530,243400.0,243400.0,243200.0,243368.0,42
2026-08-18T12:35:00+0530,243368.0,243411.0,243318.0,243411.0,25
2026-08-18T12:40:00+0530,243411.0,243429.0,243217.0,243217.0,27
2026-08-18T12:45:00+0530,243217.0,243439.0,243217.0,243350.0,4
2026-08-18T12:50:00+0530,243350.0,243433.0,243350.0,243433.0,14
2026-08-18T12:55:00+0530,243433.0,243541.0,243400.0,243488.0,25
2026-08-18T13:00:00+0530,243488.0,243488.0,243041.0,243041.0,36
2026-08-18T13:05:00+0530,243041.0,243308.0,243031.0,243282.0,13
2026-08-18T13:10:00+0530,243282.0,243381.0,243108.0,243200.0,24
2026-08-18T13:15:00+0530,243200.0,243305.0,243049.0,243049.0,27
2026-08-18T13:20:00+0530,243049.0,243049.0,243000.0,243010.0,46
2026-08-18T13:25:00+0530,243010.0,243010.0,242852.0,242890.0,49
2026-08-18T13:30:00+0530,242890.0,242934.0,242780.0,242799.0,49
2026-08-18T13:35:00+0530,242799.0,242799.0,242600.0,242610.0,59
2026-08-18T13:40:00+0530,242610.0,242814.0,242500.0,242791.0,67
2026-08-18T13:45:00+0530,242791.0,242791.0,242600.0,242761.0,26
2026-08-18T13:50:00+0530,242761.0,242761.0,242551.0,242629.0,25
2026-08-18T13:55:00+0530,242629.0,242698.0,242550.0,242673.0,22
2026-08-18T14:00:00+0530,242673.0,242800.0,242655.0,242800.0,14
2026-08-18T14:05:00+0530,242800.0,242980.0,242800.0,242900.0,19
2026-08-18T14:10:00+0530,242900.0,242979.0,242825.0,242880.0,12
2026-08-18T14:15:00+0530,242880.0,242910.0,242777.0,242777.0,6
2026-08-18T14:20:00+0530,242777.0,242777.0,242617.0,242648.0,11
2026-08-18T14:25:00+0530,242648.0,242770.0,242648.0,242700.0,15
2026-08-18T14:30:00+0530,242700.0,242809.0,242617.0,242736.0,19
2026-08-18T14:35:00+0530,242736.0,242750.0,242700.0,242701.0,4
2026-08-18T14:40:00+0530,242701.0,242757.0,242692.0,242757.0,11
2026-08-18T14:45:00+0530,242757.0,242757.0,242645.0,242645.0,19
2026-08-18T14:50:00+0530,242645.0,242703.0,242550.0,242703.0,22
2026-08-18T14:55:00+0530,242703.0,242703.0,242684.0,242703.0,3
2026-08-18T15:00:00+0530,242703.0,242777.0,242703.0,242777.0,4
2026-08-18T15:05:00+0530,242777.0,242855.0,242649.0,242723.0,24
2026-08-18T15:10:00+0530,242723.0,242723.0,242550.0,242550.0,30
2026-08-18T15:15:00+0530,242550.0,242766.0,242515.0,242765.0,27
2026-08-18T15:20:00+0530,242765.0,242820.0,242734.0,242820.0,4
2026-08-18T15:25:00+0530,242820.0,242971.0,242800.0,242971.0,17
2026-08-18T15:30:00+0530,242971.0,243004.0,242895.0,243004.0,21
2026-08-18T15:35:00+0530,243004.0,243149.0,242918.0,242918.0,35
2026-08-18T15:40:00+0530,242918.0,242999.0,242918.0,242978.0,5
2026-08-18T15:45:00+0530,242978.0,243099.0,242978.0,243099.0,9
2026-08-18T15:50:00+0530,243099.0,243100.0,242899.0,242899.0,15
2026-08-18T15:55:00+0530,242899.0,242899.0,242801.0,242804.0,16
2026-08-18T16:00:00+0530,242804.0,242975.0,242804.0,242975.0,7
2026-08-18T16:05:00+0530,242975.0,243077.0,242967.0,243069.0,16
2026-08-18T16:10:00+0530,243069.0,243098.0,243038.0,243066.0,13
2026-08-18T16:15:00+0530,243066.0,243066.0,243050.0,243050.0,2
2026-08-18T16:21:00+0530,243050.0,243100.0,243050.0,243100.0,15
2026-08-18T16:25:00+0530,243100.0,243150.0,243075.0,243075.0,26
2026-08-18T16:30:00+0530,243075.0,243150.0,242900.0,242900.0,21
2026-08-18T16:35:00+0530,242900.0,242976.0,242900.0,242965.0,6
2026-08-18T16:40:00+0530,242965.0,242965.0,242952.0,242952.0,2
2026-08-18T16:45:00+0530,242952.0,243000.0,242911.0,242913.0,4
2026-08-18T16:50:00+0530,242913.0,243103.0,242913.0,242940.0,32
2026-08-18T16:55:00+0530,242940.0,242940.0,242856.0,242922.0,22
2026-08-18T17:00:00+0530,242922.0,242924.0,242800.0,242800.0,27
2026-08-18T17:05:00+0530,242800.0,242827.0,242650.0,242713.0,47
2026-08-18T17:10:00+0530,242713.0,242868.0,242705.0,242818.0,13
2026-08-18T17:15:00+0530,242818.0,243049.0,242818.0,243035.0,17
2026-08-18T17:20:00+0530,243035.0,243035.0,242894.0,242911.0,30
2026-08-18T17:25:00+0530,242911.0,243144.0,242859.0,243144.0,30
2026-08-18T17:30:00+0530,243144.0,243155.0,242973.0,243145.0,31
2026-08-18T17:35:00+0530,243145.0,243177.0,242900.0,242901.0,35
2026-08-18T17:40:00+0530,242901.0,242974.0,242801.0,242945.0,18
2026-08-18T17:45:00+0530,242945.0,242945.0,242850.0,242850.0,11
2026-08-18T17:50:00+0530,242850.0,243267.0,242850.0,243100.0,119
2026-08-18T17:55:00+0530,243100.0,243160.0,243001.0,243160.0,24
2026-08-18T18:00:00+0530,243160.0,243218.0,242940.0,243113.0,38
2026-08-18T18:05:00+0530,243113.0,243174.0,243000.0,243168.0,51
2026-08-18T18:10:00+0530,243168.0,243168.0,242919.0,242924.0,16
2026-08-18T18:15:00+0530,242916.0,243180.0,242916.0,243180.0,18
2026-08-18T18:20:00+0530,243180.0,243182.0,243001.0,243084.0,16
2026-08-18T18:25:00+0530,243084.0,243089.0,242961.0,243089.0,19
2026-08-18T18:30:00+0530,243089.0,243266.0,242763.0,243196.0,61
2026-08-18T18:35:00+0530,243145.0,243145.0,242805.0,242869.0,35
2026-08-18T18:40:00+0530,242869.0,243125.0,242800.0,243125.0,37
2026-08-18T18:45:00+0530,243125.0,243125.0,242782.0,242801.0,51
2026-08-18T18:50:00+0530,242801.0,242901.0,242606.0,242781.0,56
2026-08-18T18:55:00+0530,242781.0,242781.0,242680.0,242696.0,17
2026-08-18T19:00:00+0530,242696.0,242844.0,242068.0,242791.0,449
2026-08-18T19:05:00+0530,242791.0,243190.0,242696.0,243190.0,166
2026-08-18T19:10:00+0530,243190.0,243380.0,243007.0,243007.0,172
2026-08-18T19:15:00+0530,243007.0,243125.0,242590.0,242590.0,85
2026-08-18T19:20:00+0530,242590.0,242793.0,242314.0,242536.0,107
2026-08-18T19:25:00+0530,242530.0,242750.0,242530.0,242750.0,15
2026-08-18T19:30:00+0530,242750.0,242932.0,242706.0,242750.0,59
2026-08-18T19:35:00+0530,242750.0,242750.0,242427.0,242496.0,45
2026-08-18T19:40:00+0530,242478.0,242478.0,242100.0,242273.0,214
2026-08-18T19:45:00+0530,242273.0,242651.0,242115.0,242548.0,61
2026-08-18T19:50:00+0530,242548.0,242548.0,242170.0,242251.0,57
2026-08-18T19:55:00+0530,242251.0,242337.0,242245.0,242245.0,7
2026-08-18T20:00:00+0530,242245.0,242400.0,242172.0,242351.0,21
2026-08-18T20:05:00+0530,242351.0,242351.0,241643.0,241643.0,210
2026-08-18T20:10:00+0530,241643.0,241767.0,241372.0,241710.0,178
2026-08-18T20:15:00+0530,241710.0,241970.0,241600.0,241850.0,83
2026-08-18T20:20:00+0530,241850.0,242030.0,241353.0,241601.0,122
2026-08-18T20:25:00+0530,241601.0,241601.0,240942.0,241107.0,174
2026-08-18T20:30:00+0530,241107.0,241429.0,240882.0,241390.0,131
2026-08-18T20:35:00+0530,241390.0,241426.0,240500.0,240540.0,205
2026-08-18T20:40:00+0530,240540.0,240593.0,239944.0,240217.0,332
2026-08-18T20:45:00+0530,240217.0,240679.0,239712.0,239849.0,193
2026-08-18T20:50:00+0530,239849.0,239923.0,239266.0,239713.0,300
2026-08-18T20:55:00+0530,239713.0,239996.0,239531.0,239784.0,170
2026-08-18T21:00:00+0530,239784.0,240087.0,239717.0,240016.0,111
2026-08-18T21:05:00+0530,240016.0,240149.0,239667.0,240100.0,131
2026-08-18T21:10:00+0530,240100.0,240285.0,239852.0,240180.0,129
2026-08-18T21:15:00+0530,240180.0,240622.0,240180.0,240622.0,107
2026-08-18T21:20:00+0530,240622.0,240650.0,240450.0,240450.0,44
2026-08-18T21:25:00+0530,240450.0,240581.0,240356.0,240496.0,42
2026-08-18T21:30:00+0530,240496.0,240814.0,240450.0,240801.0,49
2026-08-18T21:35:00+0530,240801.0,240801.0,240534.0,240763.0,36
2026-08-18T21:40:00+0530,240763.0,240784.0,240578.0,240621.0,30
2026-08-18T21:45:00+0530,240621.0,240622.0,240264.0,240305.0,40
2026-08-18T21:50:00+0530,240305.0,240426.0,240200.0,240351.0,35
2026-08-18T21:55:00+0530,240351.0,240400.0,240099.0,240099.0,57
2026-08-18T22:00:00+0530,240099.0,240315.0,240099.0,240275.0,47
2026-08-18T22:05:00+0530,240275.0,240393.0,240275.0,240357.0,10
2026-08-18T22:10:00+0530,240357.0,240410.0,240200.0,240300.0,27
2026-08-18T22:15:00+0530,240300.0,240394.0,240121.0,240121.0,47
2026-08-18T22:20:00+0530,240121.0,240399.0,240121.0,240309.0,23
2026-08-18T22:25:00+0530,240309.0,240309.0,240200.0,240200.0,8
2026-08-18T22:30:00+0530,240200.0,240340.0,240200.0,240215.0,21
2026-08-18T22:35:00+0530,240215.0,240335.0,240210.0,240275.0,9
2026-08-18T22:40:00+0530,240275.0,240277.0,240215.0,240215.0,7
2026-08-18T22:45:00+0530,240215.0,240346.0,240215.0,240230.0,14
2026-08-18T22:50:00+0530,240230.0,240350.0,240200.0,240349.0,10
2026-08-18T22:55:00+0530,240350.0,240357.0,240301.0,240343.0,23
2026-08-18T23:00:00+0530,240343.0,240429.0,240274.0,240331.0,29
2026-08-18T23:05:00+0530,240331.0,240416.0,240300.0,240300.0,13
2026-08-18T23:10:00+0530,240300.0,240405.0,240218.0,240218.0,55
2026-08-18T23:15:00+0530,240212.0,240255.0,240100.0,240151.0,28
2026-08-18T23:20:00+0530,240116.0,240226.0,240100.0,240215.0,39
2026-08-18T23:25:00+0530,240215.0,240225.0,240100.0,240188.0,83
2026-08-18T23:30:00+0530,240188.0,240188.0,240188.0,240188.0,0
2026-08-19T09:00:00+0530,238752.0,238752.0,237500.0,238275.0,576
2026-08-19T09:05:00+0530,238190.0,238500.0,238190.0,238350.0,157
2026-08-19T09:10:00+0530,238350.0,238464.0,238252.0,238418.0,122
2026-08-19T09:15:00+0530,238418.0,238418.0,238085.0,238192.0,104
2026-08-19T09:20:00+0530,238192.0,238235.0,237838.0,237841.0,108
2026-08-19T09:25:00+0530,237841.0,237962.0,237800.0,237820.0,62
2026-08-19T09:30:00+0530,237820.0,237889.0,237500.0,237568.0,104
2026-08-19T09:35:00+0530,237500.0,237500.0,237000.0,237140.0,255
2026-08-19T09:40:00+0530,237140.0,237140.0,236848.0,237000.0,120
2026-08-19T09:45:00+0530,237000.0,237059.0,236565.0,236900.0,107
2026-08-19T09:50:00+0530,236900.0,236922.0,236652.0,236800.0,61
2026-08-19T09:55:00+0530,236800.0,236800.0,236642.0,236650.0,51
2026-08-19T10:00:00+0530,236650.0,236952.0,236650.0,236894.0,77
2026-08-19T10:05:00+0530,236894.0,236999.0,236656.0,236656.0,89
2026-08-19T10:10:00+0530,236656.0,236854.0,236651.0,236707.0,59
2026-08-19T10:15:00+0530,236707.0,236809.0,236667.0,236667.0,45
2026-08-19T10:20:00+0530,236667.0,236746.0,236500.0,236510.0,85
2026-08-19T10:25:00+0530,236510.0,236784.0,236373.0,236784.0,70
2026-08-19T10:30:00+0530,236784.0,236844.0,236642.0,236694.0,45
2026-08-19T10:35:00+0530,236694.0,236695.0,236313.0,236393.0,37
2026-08-19T10:40:00+0530,236393.0,236397.0,236092.0,236232.0,63
2026-08-19T10:45:00+0530,236232.0,236292.0,236127.0,236168.0,45
2026-08-19T10:50:00+0530,236168.0,236690.0,236168.0,236690.0,81
2026-08-19T10:55:00+0530,236690.0,236850.0,236552.0,236850.0,37
2026-08-19T11:00:00+0530,236850.0,236850.0,236408.0,236674.0,87
2026-08-19T11:05:00+0530,236674.0,236746.0,236540.0,236746.0,30
2026-08-19T11:10:00+0530,236746.0,236766.0,236501.0,236616.0,29
2026-08-19T11:15:00+0530,236616.0,236616.0,236301.0,236596.0,53
2026-08-19T11:20:00+0530,236596.0,236596.0,236400.0,236400.0,35
2026-08-19T11:25:00+0530,236400.0,236603.0,236400.0,236502.0,5
2026-08-19T11:30:00+0530,236502.0,236502.0,236427.0,236466.0,45
2026-08-19T11:35:00+0530,236466.0,236533.0,236368.0,236533.0,22
2026-08-19T11:40:00+0530,236533.0,236595.0,236402.0,236500.0,14
2026-08-19T11:45:00+0530,236500.0,236822.0,236500.0,236822.0,59
2026-08-19T11:50:00+0530,236822.0,237129.0,236822.0,237030.0,81
2026-08-19T11:55:00+0530,237030.0,237056.0,236714.0,237016.0,43
2026-08-19T12:00:00+0530,237016.0,237056.0,236683.0,236913.0,57
2026-08-19T12:05:00+0530,236913.0,237158.0,236900.0,237158.0,48
2026-08-19T12:10:00+0530,237158.0,237158.0,236950.0,236950.0,27
2026-08-19T12:15:00+0530,236950.0,237238.0,236910.0,237238.0,29
2026-08-19T12:20:00+0530,237238.0,237500.0,237187.0,237489.0,68
2026-08-19T12:25:00+0530,237489.0,237550.0,237318.0,237520.0,60
2026-08-19T12:30:00+0530,237520.0,237798.0,237500.0,237500.0,167
2026-08-19T12:35:00+0530,237500.0,237780.0,237431.0,237750.0,46
2026-08-19T12:40:00+0530,237750.0,237852.0,237609.0,237682.0,52
2026-08-19T12:45:00+0530,237682.0,237800.0,237411.0,237624.0,46
2026-08-19T12:50:00+0530,237624.0,237843.0,237326.0,237721.0,44
2026-08-19T12:55:00+0530,237721.0,237800.0,237678.0,237690.0,44
2026-08-19T13:00:00+0530,237690.0,237860.0,237690.0,237850.0,61
2026-08-19T13:05:00+0530,237850.0,238100.0,237625.0,237625.0,110
2026-08-19T13:10:00+0530,237625.0,237625.0,237230.0,237388.0,80
2026-08-19T13:15:00+0530,237388.0,237550.0,237388.0,237490.0,9
2026-08-19T13:20:00+0530,237490.0,237519.0,237375.0,237519.0,9
2026-08-19T13:25:00+0530,237519.0,237519.0,237420.0,237489.0,28
2026-08-19T13:30:00+0530,237489.0,237519.0,237175.0,237268.0,31
2026-08-19T13:35:00+0530,237268.0,237572.0,237268.0,237493.0,10
2026-08-19T13:40:00+0530,237493.0,237750.0,237493.0,237516.0,16
2026-08-19T13:45:00+0530,237516.0,237800.0,237516.0,237742.0,42
2026-08-19T13:50:00+0530,237742.0,237919.0,237710.0,237919.0,31
2026-08-19T13:55:00+0530,237919.0,237919.0,237700.0,237800.0,40
2026-08-19T14:00:00+0530,237800.0,237869.0,237624.0,237624.0,23
2026-08-19T14:05:00+0530,237624.0,237894.0,237550.0,237754.0,14
2026-08-19T14:10:00+0530,237754.0,237889.0,237754.0,237889.0,6
2026-08-19T14:15:00+0530,237889.0,237950.0,237848.0,237878.0,40
2026-08-19T14:20:00+0530,237878.0,237878.0,237543.0,237543.0,25
2026-08-19T14:25:00+0530,237543.0,237543.0,237499.0,237499.0,12
2026-08-19T14:30:00+0530,237499.0,237648.0,237499.0,237648.0,15
2026-08-19T14:35:00+0530,237648.0,237682.0,237455.0,237455.0,14
2026-08-19T14:40:00+0530,237455.0,237662.0,237455.0,237517.0,5
2026-08-19T14:45:00+0530,237517.0,237678.0,237350.0,237422.0,22
2026-08-19T14:50:00+0530,237422.0,237487.0,237422.0,237461.0,11
2026-08-19T14:55:00+0530,237461.0,237497.0,237320.0,237350.0,22
2026-08-19T15:00:00+0530,237350.0,237539.0,237350.0,237539.0,14
2026-08-19T15:05:00+0530,237539.0,237650.0,237466.0,237650.0,13
2026-08-19T15:10:00+0530,237650.0,237788.0,237650.0,237724.0,9
2026-08-19T15:15:00+0530,237724.0,237725.0,237583.0,237725.0,8
2026-08-19T15:20:00+0530,237725.0,237787.0,237649.0,237750.0,31
2026-08-19T15:25:00+0530,237750.0,237900.0,237679.0,237831.0,47
2026-08-19T15:30:00+0530,237831.0,237967.0,237831.0,237832.0,33
2026-08-19T15:35:00+0530,237832.0,237919.0,237787.0,237831.0,11
2026-08-19T15:40:00+0530,237831.0,238000.0,237762.0,237900.0,34
2026-08-19T15:45:00+0530,237900.0,238225.0,237890.0,238131.0,86
2026-08-19T15:50:00+0530,238131.0,238397.0,238121.0,238350.0,34
2026-08-19T15:55:00+0530,238350.0,238500.0,238201.0,238500.0,63
2026-08-19T16:00:00+0530,238500.0,238623.0,238350.0,238350.0,90
2026-08-19T16:05:00+0530,238350.0,238538.0,238350.0,238403.0,22
2026-08-19T16:10:00+0530,238403.0,238497.0,238401.0,238408.0,10
2026-08-19T16:15:00+0530,238408.0,238500.0,238390.0,238500.0,30
2026-08-19T16:20:00+0530,238500.0,238550.0,238472.0,238500.0,14
2026-08-19T16:25:00+0530,238500.0,238549.0,238306.0,238485.0,10
2026-08-19T16:30:00+0530,238485.0,238617.0,238329.0,238500.0,44
2026-08-19T16:35:00+0530,238500.0,238650.0,238500.0,238617.0,39
2026-08-19T16:40:00+0530,238617.0,238700.0,238501.0,238627.0,21
2026-08-19T16:45:00+0530,238627.0,239000.0,238627.0,238649.0,104
2026-08-19T16:50:00+0530,238649.0,238787.0,238649.0,238786.0,16
2026-08-19T16:55:00+0530,238786.0,239051.0,238786.0,238999.0,48
2026-08-19T17:00:00+0530,238999.0,239100.0,238800.0,238800.0,38
2026-08-19T17:05:00+0530,238800.0,238977.0,238633.0,238633.0,27
2026-08-19T17:10:00+0530,238633.0,238733.0,238501.0,238535.0,19
2026-08-19T17:15:00+0530,238535.0,238700.0,238535.0,238700.0,55
2026-08-19T17:20:00+0530,238700.0,238900.0,238549.0,238900.0,12
2026-08-19T17:25:00+0530,238900.0,238930.0,238700.0,238867.0,29
2026-08-19T17:30:00+0530,238867.0,238867.0,238648.0,238656.0,21
2026-08-19T17:35:00+0530,238656.0,239000.0,238647.0,238961.0,47
2026-08-19T17:40:00+0530,238961.0,239142.0,238960.0,239134.0,25
2026-08-19T17:45:00+0530,239134.0,239150.0,239033.0,239150.0,27
2026-08-19T17:50:00+0530,239150.0,239700.0,239150.0,239580.0,88
2026-08-19T17:55:00+0530,239580.0,239688.0,239500.0,239500.0,66
2026-08-19T18:00:00+0530,239519.0,240000.0,239111.0,239998.0,205
2026-08-19T18:05:00+0530,239998.0,241702.0,239932.0,241553.0,836
2026-08-19T18:10:00+0530,241553.0,242855.0,241500.0,242308.0,873
2026-08-19T18:15:00+0530,242308.0,242501.0,242000.0,242200.0,250
2026-08-19T18:20:00+0530,242200.0,242300.0,241810.0,242300.0,185
2026-08-19T18:25:00+0530,242300.0,242522.0,242200.0,242424.0,262
2026-08-19T18:30:00+0530,242424.0,242599.0,241702.0,241702.0,288
2026-08-19T18:35:00+0530,241702.0,242290.0,241657.0,242258.0,159
2026-08-19T18:40:00+0530,242258.0,242797.0,242243.0,242552.0,250
2026-08-19T18:45:00+0530,242552.0,242985.0,242460.0,242800.0,170
2026-08-19T18:50:00+0530,242800.0,243244.0,242400.0,242964.0,384
2026-08-19T18:55:00+0530,242964.0,242964.0,242705.0,242911.0,83
2026-08-19T19:00:00+0530,242911.0,243750.0,242865.0,243438.0,382
2026-08-19T19:05:00+0530,243438.0,243438.0,242826.0,243084.0,122
2026-08-19T19:10:00+0530,243084.0,243400.0,242851.0,243200.0,91
2026-08-19T19:15:00+0530,243200.0,243200.0,242611.0,242611.0,94
2026-08-19T19:20:00+0530,242611.0,242850.0,242380.0,242750.0,162
2026-08-19T19:25:00+0530,242750.0,243333.0,242724.0,243100.0,114
2026-08-19T19:30:00+0530,243100.0,243288.0,242937.0,243179.0,75
2026-08-19T19:35:00+0530,243179.0,243333.0,243023.0,243113.0,58
2026-08-19T19:40:00+0530,243113.0,243376.0,243090.0,243230.0,67
2026-08-19T19:45:00+0530,243230.0,243496.0,243211.0,243344.0,84
2026-08-19T19:50:00+0530,243237.0,243368.0,243100.0,243250.0,58
2026-08-19T19:55:00+0530,243250.0,243930.0,243132.0,243761.0,287
2026-08-19T20:00:00+0530,243761.0,244155.0,243521.0,243997.0,480
2026-08-19T20:05:00+0530,244100.0,244444.0,243975.0,244300.0,353
2026-08-19T20:10:00+0530,244300.0,244762.0,244232.0,244495.0,211
2026-08-19T20:15:00+0530,244494.0,244523.0,243701.0,243911.0,189
2026-08-19T20:20:00+0530,243911.0,244486.0,243754.0,244299.0,94
2026-08-19T20:25:00+0530,244299.0,244429.0,244141.0,244400.0,71
2026-08-19T20:30:00+0530,244400.0,244400.0,244001.0,244280.0,70
2026-08-19T20:35:00+0530,244280.0,244280.0,243974.0,244001.0,40
2026-08-19T20:40:00+0530,244001.0,244243.0,243758.0,244195.0,94
2026-08-19T20:45:00+0530,244195.0,244195.0,243932.0,244092.0,62
2026-08-19T20:50:00+0530,244092.0,244170.0,243610.0,243796.0,84
2026-08-19T20:55:00+0530,243796.0,243796.0,243350.0,243632.0,144
2026-08-19T21:00:00+0530,243632.0,243899.0,243513.0,243795.0,53
2026-08-19T21:05:00+0530,243888.0,244295.0,243860.0,244208.0,198
2026-08-19T21:10:00+0530,244208.0,244455.0,243968.0,244433.0,151
2026-08-19T21:15:00+0530,244433.0,244602.0,244321.0,244602.0,175
2026-08-19T21:20:00+0530,244602.0,244602.0,244237.0,244423.0,129
2026-08-19T21:25:00+0530,244423.0,244675.0,244423.0,244518.0,201
2026-08-19T21:30:00+0530,244518.0,244939.0,244518.0,244792.0,276
2026-08-19T21:35:00+0530,244792.0,244968.0,244558.0,244900.0,131
2026-08-19T21:40:00+0530,244900.0,244900.0,244622.0,244766.0,42
2026-08-19T21:45:00+0530,244766.0,244800.0,244501.0,244501.0,98
2026-08-19T21:50:00+0530,244501.0,244734.0,244416.0,244645.0,185
2026-08-19T21:55:00+0530,244645.0,244749.0,244510.0,244550.0,50
2026-08-19T22:00:00+0530,244550.0,244693.0,244550.0,244630.0,40
2026-08-19T22:05:00+0530,244630.0,244700.0,244504.0,244545.0,57
2026-08-19T22:10:00+0530,244545.0,244665.0,244500.0,244665.0,42
2026-08-19T22:15:00+0530,244665.0,244758.0,244511.0,244511.0,61
2026-08-19T22:20:00+0530,244511.0,244770.0,244511.0,244650.0,60
2026-08-19T22:25:00+0530,244650.0,244655.0,244556.0,244562.0,39
2026-08-19T22:30:00+0530,244562.0,244700.0,244551.0,244581.0,20
2026-08-19T22:35:00+0530,244581.0,244650.0,244432.0,244482.0,52
2026-08-19T22:40:00+0530,244482.0,244500.0,244232.0,244326.0,57
2026-08-19T22:45:00+0530,244326.0,244374.0,244003.0,244077.0,73
2026-08-19T22:50:00+0530,244077.0,244302.0,244077.0,244244.0,23
2026-08-19T22:55:00+0530,244244.0,244351.0,244222.0,244252.0,20
2026-08-19T23:00:00+0530,244252.0,244322.0,244046.0,244289.0,26
2026-08-19T23:05:00+0530,244289.0,244469.0,244248.0,244444.0,27
2026-08-19T23:10:00+0530,244444.0,244599.0,244420.0,244566.0,60
2026-08-19T23:15:00+0530,244566.0,244668.0,244566.0,244650.0,56
2026-08-19T23:20:00+0530,244663.0,244663.0,244435.0,244502.0,98
2026-08-19T23:25:00+0530,244502.0,244571.0,244452.0,244532.0,117
2026-08-20T09:00:00+0530,245000.0,248078.0,245000.0,247657.0,1304
2026-08-20T09:05:00+0530,247657.0,247750.0,247505.0,247698.0,376
2026-08-20T09:10:00+0530,247682.0,247751.0,247521.0,247631.0,235
2026-08-20T09:15:00+0530,247631.0,247850.0,247377.0,247850.0,285
2026-08-20T09:20:00+0530,247850.0,248000.0,247706.0,248000.0,212
2026-08-20T09:25:00+0530,247990.0,248312.0,247900.0,247951.0,398
2026-08-20T09:30:00+0530,247951.0,248006.0,247600.0,247717.0,149
2026-08-20T09:35:00+0530,247717.0,247717.0,247524.0,247625.0,80
2026-08-20T09:40:00+0530,247625.0,247680.0,247435.0,247449.0,99
2026-08-20T09:45:00+0530,247449.0,247660.0,247316.0,247650.0,148
2026-08-20T09:50:00+0530,247650.0,247679.0,247400.0,247461.0,44
2026-08-20T09:55:00+0530,247461.0,247615.0,247305.0,247319.0,75
2026-08-20T10:00:00+0530,247319.0,247319.0,246707.0,246783.0,285
2026-08-20T10:05:00+0530,246783.0,247098.0,246660.0,247098.0,191
2026-08-20T10:10:00+0530,247098.0,247259.0,246958.0,247155.0,63
2026-08-20T10:15:00+0530,247155.0,247698.0,247128.0,247698.0,89
2026-08-20T10:20:00+0530,247698.0,247829.0,247500.0,247785.0,132
2026-08-20T10:25:00+0530,247785.0,247828.0,247326.0,247446.0,68
2026-08-20T10:30:00+0530,247446.0,247789.0,247446.0,247776.0,28
2026-08-20T10:35:00+0530,247776.0,247898.0,247623.0,247701.0,93
2026-08-20T10:40:00+0530,247700.0,247703.0,247207.0,247323.0,45
2026-08-20T10:45:00+0530,247323.0,247589.0,247323.0,247500.0,32
2026-08-20T10:50:00+0530,247500.0,247570.0,247350.0,247570.0,50
2026-08-20T10:55:00+0530,247570.0,247570.0,247100.0,247100.0,74
2026-08-20T11:00:00+0530,247100.0,247278.0,246600.0,246700.0,253
2026-08-20T11:05:00+0530,246700.0,246758.0,246510.0,246650.0,132
2026-08-20T11:10:00+0530,246650.0,247000.0,246610.0,246914.0,52
2026-08-20T11:15:00+0530,246914.0,246941.0,246731.0,246748.0,33
2026-08-20T11:20:00+0530,246748.0,246748.0,246501.0,246501.0,103
2026-08-20T11:25:00+0530,246501.0,246693.0,246436.0,246693.0,46
2026-08-20T11:30:00+0530,246693.0,247067.0,246532.0,247067.0,133
2026-08-20T11:35:00+0530,247067.0,247386.0,247000.0,247238.0,81
2026-08-20T11:40:00+0530,247238.0,247475.0,247153.0,247373.0,91
2026-08-20T11:45:00+0530,247373.0,247488.0,247298.0,247399.0,70
2026-08-20T11:50:00+0530,247399.0,247450.0,247348.0,247370.0,30
2026-08-20T11:55:00+0530,247370.0,247500.0,247305.0,247305.0,62
2026-08-20T12:00:00+0530,247305.0,247400.0,247207.0,247253.0,16
2026-08-20T12:05:00+0530,247253.0,247392.0,247172.0,247201.0,49
2026-08-20T12:10:00+0530,247201.0,247300.0,247201.0,247265.0,41
2026-08-20T12:15:00+0530,247265.0,247400.0,247240.0,247399.0,34
2026-08-20T12:20:00+0530,247399.0,247399.0,247061.0,247250.0,24
2026-08-20T12:25:00+0530,247250.0,247336.0,247240.0,247254.0,10
2026-08-20T12:30:00+0530,247254.0,247269.0,246848.0,246968.0,32
2026-08-20T12:35:00+0530,246968.0,247199.0,246836.0,247112.0,122
2026-08-20T12:40:00+0530,247100.0,247220.0,246900.0,246900.0,112
2026-08-20T12:45:00+0530,246900.0,247200.0,246858.0,246863.0,114
2026-08-20T12:50:00+0530,246863.0,246962.0,246652.0,246752.0,125
2026-08-20T12:55:00+0530,246622.0,246820.0,246511.0,246685.0,56
2026-08-20T13:00:00+0530,246685.0,246880.0,246523.0,246875.0,52
2026-08-20T13:05:00+0530,246875.0,246966.0,246744.0,246744.0,42
2026-08-20T13:10:00+0530,246744.0,246880.0,246660.0,246660.0,49
2026-08-20T13:15:00+0530,246660.0,246991.0,246660.0,246945.0,42
2026-08-20T13:20:00+0530,246945.0,246980.0,246801.0,246890.0,22
2026-08-20T13:25:00+0530,246890.0,246918.0,246665.0,246689.0,51
2026-08-20T13:30:00+0530,246689.0,246970.0,246689.0,246916.0,23
2026-08-20T13:35:00+0530,246916.0,247095.0,246812.0,247093.0,37
2026-08-20T13:40:00+0530,247093.0,247093.0,246832.0,246972.0,24
2026-08-20T13:45:00+0530,246972.0,247159.0,246972.0,247100.0,52
2026-08-20T13:50:00+0530,247100.0,247178.0,247000.0,247099.0,31
2026-08-20T13:55:00+0530,247099.0,247099.0,246799.0,246801.0,73
2026-08-20T14:00:00+0530,246801.0,246900.0,246720.0,246900.0,13
2026-08-20T14:05:00+0530,246900.0,247075.0,246840.0,246840.0,9
2026-08-20T14:10:00+0530,246840.0,246966.0,246820.0,246820.0,13
2026-08-20T14:15:00+0530,246820.0,246829.0,246697.0,246697.0,16
2026-08-20T14:20:00+0530,246697.0,246901.0,246697.0,246896.0,17
2026-08-20T14:25:00+0530,246896.0,246896.0,246783.0,246804.0,13
2026-08-20T14:30:00+0530,246804.0,246928.0,246804.0,246925.0,19
2026-08-20T14:35:00+0530,246925.0,246925.0,246793.0,246805.0,16
2026-08-20T14:40:00+0530,246805.0,246950.0,246805.0,246900.0,19
2026-08-20T14:45:00+0530,246900.0,246991.0,246783.0,246783.0,28
2026-08-20T14:50:00+0530,246783.0,246986.0,246746.0,246870.0,23
2026-08-20T14:55:00+0530,246870.0,246870.0,246750.0,246750.0,13
2026-08-20T15:00:00+0530,246750.0,246870.0,246750.0,246760.0,20
2026-08-20T15:05:00+0530,246760.0,246821.0,246700.0,246701.0,37
2026-08-20T15:10:00+0530,246701.0,246850.0,246701.0,246838.0,5
2026-08-20T15:15:00+0530,246838.0,246840.0,246733.0,246790.0,14
2026-08-20T15:20:00+0530,246790.0,246850.0,246790.0,246850.0,18
2026-08-20T15:25:00+0530,246850.0,246850.0,246730.0,246775.0,25
2026-08-20T15:30:00+0530,246730.0,246900.0,246666.0,246900.0,37
2026-08-20T15:35:00+0530,246900.0,247150.0,246900.0,247150.0,37
2026-08-20T15:40:00+0530,247150.0,247493.0,247150.0,247493.0,67
2026-08-20T15:45:00+0530,247493.0,247535.0,247273.0,247424.0,76
2026-08-20T15:50:00+0530,247424.0,247424.0,247118.0,247275.0,56
2026-08-20T15:55:00+0530,247275.0,247471.0,247275.0,247400.0,60
2026-08-20T16:00:00+0530,247400.0,247507.0,247400.0,247435.0,52
2026-08-20T16:05:00+0530,247435.0,247556.0,247343.0,247343.0,54
2026-08-20T16:10:00+0530,247343.0,247395.0,247318.0,247348.0,18
2026-08-20T16:15:00+0530,247348.0,247419.0,247257.0,247258.0,24
2026-08-20T16:20:00+0530,247258.0,247463.0,247258.0,247328.0,29
2026-08-20T16:25:00+0530,247328.0,247328.0,247310.0,247310.0,2
2026-08-20T16:30:00+0530,247310.0,247340.0,247056.0,247056.0,76
2026-08-20T16:35:00+0530,247056.0,247250.0,246958.0,247228.0,44
2026-08-20T16:40:00+0530,247228.0,247287.0,247060.0,247121.0,23
2026-08-20T16:45:00+0530,247121.0,247129.0,246956.0,247051.0,14
2026-08-20T16:50:00+0530,247051.0,247250.0,246917.0,247250.0,31
2026-08-20T16:55:00+0530,247250.0,247313.0,247050.0,247050.0,11
2026-08-20T17:00:00+0530,247050.0,247316.0,246953.0,247120.0,70
2026-08-20T17:05:00+0530,247120.0,247155.0,246879.0,247115.0,80
2026-08-20T17:10:00+0530,247115.0,247115.0,246727.0,246727.0,28
2026-08-20T17:15:00+0530,246750.0,246750.0,245500.0,245601.0,452
2026-08-20T17:20:00+0530,245601.0,245808.0,244950.0,245430.0,466
2026-08-20T17:25:00+0530,245430.0,245561.0,245103.0,245103.0,153
2026-08-20T17:30:00+0530,245103.0,245123.0,244164.0,244319.0,359
2026-08-20T17:35:00+0530,244319.0,244341.0,243751.0,244231.0,328
2026-08-20T17:40:00+0530,244231.0,245209.0,244231.0,244885.0,364
2026-08-20T17:45:00+0530,244871.0,245327.0,244813.0,245327.0,125
2026-08-20T17:50:00+0530,245327.0,245549.0,245010.0,245423.0,96
2026-08-20T17:55:00+0530,245448.0,245481.0,245095.0,245122.0,52
2026-08-20T18:00:00+0530,245122.0,245203.0,244675.0,244770.0,185
2026-08-20T18:05:00+0530,244770.0,245321.0,244505.0,245321.0,170
2026-08-20T18:10:00+0530,245321.0,246250.0,245174.0,246154.0,287
2026-08-20T18:15:00+0530,246154.0,246471.0,246000.0,246329.0,151
2026-08-20T18:20:00+0530,246420.0,246650.0,246284.0,246450.0,136
2026-08-20T18:25:00+0530,246450.0,246700.0,246328.0,246557.0,101
2026-08-20T18:30:00+0530,246596.0,247100.0,246488.0,246847.0,268
2026-08-20T18:35:00+0530,246847.0,247074.0,246527.0,246691.0,137
2026-08-20T18:40:00+0530,246691.0,246840.0,246546.0,246799.0,105
2026-08-20T18:45:00+0530,246799.0,246886.0,246500.0,246800.0,74
2026-08-20T18:50:00+0530,246800.0,246800.0,246501.0,246501.0,45
2026-08-20T18:55:00+0530,246501.0,246684.0,246501.0,246575.0,33
2026-08-20T19:00:00+0530,246607.0,247000.0,246607.0,246949.0,113
2026-08-20T19:05:00+0530,246949.0,248250.0,246949.0,248250.0,727
2026-08-20T19:10:00+0530,248200.0,248820.0,247840.0,248692.0,779
2026-08-20T19:15:00+0530,248692.0,248901.0,248348.0,248496.0,419
2026-08-20T19:20:00+0530,248496.0,248590.0,248300.0,248420.0,146
2026-08-20T19:25:00+0530,248420.0,248496.0,247926.0,248099.0,147
2026-08-20T19:30:00+0530,248099.0,248590.0,248099.0,248340.0,161
2026-08-20T19:35:00+0530,248340.0,248550.0,248233.0,248516.0,84
2026-08-20T19:40:00+0530,248516.0,249000.0,248450.0,248730.0,363
2026-08-20T19:45:00+0530,248730.0,249180.0,248700.0,248700.0,232
2026-08-20T19:50:00+0530,248700.0,249091.0,248613.0,248971.0,130
2026-08-20T19:55:00+0530,248971.0,249000.0,248701.0,248960.0,106
2026-08-20T20:00:00+0530,248960.0,249500.0,248959.0,249224.0,295
2026-08-20T20:05:00+0530,249153.0,249626.0,249153.0,249523.0,453
2026-08-20T20:10:00+0530,249523.0,249580.0,249120.0,249401.0,124
2026-08-20T20:15:00+0530,249401.0,250187.0,249374.0,250117.0,503
2026-08-20T20:20:00+0530,250117.0,250498.0,250040.0,250451.0,275
2026-08-20T20:25:00+0530,250451.0,251620.0,250451.0,251590.0,617
2026-08-20T20:30:00+0530,251590.0,252299.0,251077.0,252226.0,894
2026-08-20T20:35:00+0530,252226.0,252226.0,251183.0,251555.0,536
2026-08-20T20:40:00+0530,251487.0,252500.0,251469.0,252324.0,614
2026-08-20T20:45:00+0530,252324.0,252874.0,252205.0,252637.0,524
2026-08-20T20:50:00+0530,252637.0,252730.0,252001.0,252033.0,353
2026-08-20T20:55:00+0530,252033.0,252684.0,252031.0,252396.0,311
2026-08-20T21:00:00+0530,252396.0,252396.0,251700.0,251761.0,247
2026-08-20T21:05:00+0530,251710.0,251878.0,251300.0,251366.0,297
2026-08-20T21:10:00+0530,251366.0,251367.0,250682.0,250800.0,482
2026-08-20T21:15:00+0530,250792.0,251586.0,250701.0,251385.0,194
2026-08-20T21:20:00+0530,251385.0,251452.0,251100.0,251420.0,105
2026-08-20T21:25:00+0530,251420.0,251673.0,251352.0,251500.0,144
2026-08-20T21:30:00+0530,251500.0,251899.0,251425.0,251425.0,179
2026-08-20T21:35:00+0530,251420.0,251596.0,251410.0,251596.0,42
2026-08-20T21:40:00+0530,251596.0,251596.0,250901.0,251007.0,152
2026-08-20T21:45:00+0530,251007.0,251167.0,250701.0,251080.0,197
2026-08-20T21:50:00+0530,251080.0,251200.0,250728.0,250865.0,79
2026-08-20T21:55:00+0530,250865.0,250865.0,250600.0,250850.0,133
2026-08-20T22:00:00+0530,250850.0,250850.0,250559.0,250785.0,82
2026-08-20T22:05:00+0530,250785.0,251075.0,250785.0,250901.0,90
2026-08-20T22:10:00+0530,250901.0,251100.0,250901.0,251074.0,36
2026-08-20T22:15:00+0530,251074.0,251300.0,250919.0,251300.0,100
2026-08-20T22:20:00+0530,251300.0,251380.0,251150.0,251300.0,77
2026-08-20T22:25:00+0530,251300.0,251330.0,251180.0,251180.0,35
2026-08-20T22:30:00+0530,251180.0,251490.0,251180.0,251441.0,83
2026-08-20T22:35:00+0530,251459.0,251459.0,251076.0,251156.0,69
2026-08-20T22:40:00+0530,251156.0,251174.0,251010.0,251110.0,59
2026-08-20T22:45:00+0530,251110.0,251157.0,250901.0,251097.0,72
2026-08-20T22:50:00+0530,251097.0,251250.0,250748.0,250838.0,153
2026-08-20T22:55:00+0530,250838.0,251238.0,250838.0,251000.0,98
2026-08-20T23:00:00+0530,251000.0,251175.0,250995.0,251175.0,44
2026-08-20T23:05:00+0530,251175.0,251236.0,251073.0,251093.0,74
2026-08-20T23:10:00+0530,251093.0,251150.0,251050.0,251122.0,61
2026-08-20T23:15:00+0530,251122.0,251279.0,251122.0,251250.0,59
2026-08-20T23:20:00+0530,251278.0,251291.0,251200.0,251250.0,115
2026-08-20T23:25:00+0530,251250.0,251300.0,251184.0,251250.0,190
2026-08-21T09:00:00+0530,253587.0,253587.0,252600.0,252868.0,545
2026-08-21T09:05:00+0530,252868.0,252930.0,252500.0,252565.0,268
2026-08-21T09:10:00+0530,252565.0,252684.0,252512.0,252640.0,133
2026-08-21T09:15:00+0530,252615.0,252778.0,252504.0,252505.0,271
2026-08-21T09:20:00+0530,252605.0,252729.0,252501.0,252639.0,224
2026-08-21T09:25:00+0530,252697.0,252800.0,252670.0,252799.0,91
2026-08-21T09:30:00+0530,252850.0,253269.0,252800.0,253266.0,238
2026-08-21T09:35:00+0530,253200.0,253336.0,253140.0,253335.0,155
2026-08-21T09:40:00+0530,253335.0,253698.0,253275.0,253608.0,243
2026-08-21T09:45:00+0530,253660.0,253950.0,253571.0,253950.0,202
2026-08-21T09:50:00+0530,253942.0,254400.0,253942.0,254200.0,293
2026-08-21T09:55:00+0530,254160.0,254594.0,254014.0,254550.0,252
2026-08-21T10:00:00+0530,254550.0,254600.0,254200.0,254234.0,312
2026-08-21T10:05:00+0530,254120.0,254258.0,253852.0,253979.0,138
2026-08-21T10:10:00+0530,253968.0,254175.0,253959.0,254065.0,108
2026-08-21T10:15:00+0530,254050.0,254050.0,253751.0,253869.0,102
2026-08-21T10:20:00+0530,253935.0,254332.0,253910.0,254200.0,105
2026-08-21T10:25:00+0530,254270.0,254352.0,253898.0,253898.0,102
2026-08-21T10:30:00+0530,253846.0,254096.0,253750.0,253850.0,92
2026-08-21T10:35:00+0530,253849.0,254001.0,253812.0,253900.0,53
2026-08-21T10:40:00+0530,253897.0,253897.0,253761.0,253800.0,73
2026-08-21T10:45:00+0530,253895.0,253900.0,253629.0,253806.0,92
2026-08-21T10:50:00+0530,253819.0,253836.0,253650.0,253773.0,47
2026-08-21T10:55:00+0530,253753.0,253774.0,253135.0,253274.0,193
2026-08-21T11:00:00+0530,253265.0,253946.0,253200.0,253864.0,110
2026-08-21T11:05:00+0530,253900.0,253990.0,253710.0,253710.0,91
2026-08-21T11:10:00+0530,253680.0,254000.0,253608.0,254000.0,49
2026-08-21T11:15:00+0530,253942.0,254091.0,253851.0,254090.0,91
2026-08-21T11:20:00+0530,254000.0,254100.0,253900.0,254097.0,49
2026-08-21T11:25:00+0530,254000.0,254300.0,254000.0,254299.0,107
2026-08-21T11:30:00+0530,254306.0,254348.0,253861.0,253956.0,350
2026-08-21T11:35:00+0530,254088.0,254197.0,253900.0,253908.0,198
2026-08-21T11:40:00+0530,253976.0,253984.0,253720.0,253815.0,282
2026-08-21T11:45:00+0530,253947.0,254250.0,253908.0,254103.0,127
2026-08-21T11:50:00+0530,254247.0,254247.0,253700.0,253792.0,88
2026-08-21T11:55:00+0530,253706.0,254000.0,253662.0,253786.0,99
2026-08-21T12:00:00+0530,253663.0,254074.0,253663.0,254000.0,59
2026-08-21T12:05:00+0530,254001.0,254300.0,254001.0,254206.0,94
2026-08-21T12:10:00+0530,254205.0,254205.0,253935.0,254070.0,80
2026-08-21T12:15:00+0530,254123.0,254123.0,253860.0,254081.0,51
2026-08-21T12:20:00+0530,254050.0,254052.0,253900.0,253955.0,39
2026-08-21T12:25:00+0530,253950.0,253986.0,253446.0,253649.0,281
2026-08-21T12:30:00+0530,253546.0,253900.0,253346.0,253900.0,142
2026-08-21T12:35:00+0530,253899.0,253940.0,253712.0,253712.0,48
2026-08-21T12:40:00+0530,253826.0,253826.0,253722.0,253730.0,34
2026-08-21T12:45:00+0530,253730.0,253980.0,253730.0,253950.0,44
2026-08-21T12:50:00+0530,253981.0,253986.0,253806.0,253850.0,30
2026-08-21T12:55:00+0530,253805.0,253894.0,253754.0,253765.0,35
2026-08-21T13:00:00+0530,253833.0,253840.0,253753.0,253826.0,9
2026-08-21T13:05:00+0530,253753.0,253809.0,253709.0,253809.0,36
2026-08-21T13:10:00+0530,253814.0,254225.0,253720.0,254007.0,91
2026-08-21T13:15:00+0530,254149.0,254500.0,254009.0,254330.0,278
2026-08-21T13:20:00+0530,254335.0,254494.0,254100.0,254199.0,125
2026-08-21T13:25:00+0530,254190.0,254500.0,254163.0,254440.0,118
2026-08-21T13:30:00+0530,254341.0,254440.0,254300.0,254349.0,49
2026-08-21T13:35:00+0530,254348.0,254348.0,253978.0,254014.0,90
2026-08-21T13:40:00+0530,254118.0,254386.0,254001.0,254374.0,36
2026-08-21T13:45:00+0530,254495.0,254500.0,254334.0,254496.0,154
2026-08-21T13:50:00+0530,254496.0,254940.0,254426.0,254863.0,270
2026-08-21T13:55:00+0530,254944.0,255202.0,254700.0,255200.0,353
2026-08-21T14:00:00+0530,255209.0,255650.0,255201.0,255551.0,334
2026-08-21T14:05:00+0530,255551.0,255880.0,255551.0,255643.0,241
2026-08-21T14:10:00+0530,255652.0,255746.0,255390.0,255500.0,208
2026-08-21T14:15:00+0530,255401.0,255601.0,255401.0,255486.0,71
2026-08-21T14:20:00+0530,255578.0,255684.0,255344.0,255344.0,70
2026-08-21T14:25:00+0530,255346.0,255472.0,255315.0,255472.0,85
2026-08-21T14:30:00+0530,255471.0,255674.0,255400.0,255440.0,94
2026-08-21T14:35:00+0530,255460.0,255800.0,255460.0,255798.0,155
2026-08-21T14:40:00+0530,255746.0,256200.0,255746.0,256200.0,283
2026-08-21T14:45:00+0530,256196.0,256302.0,255800.0,255800.0,214
2026-08-21T14:50:00+0530,255791.0,255849.0,255300.0,255404.0,243
2026-08-21T14:55:00+0530,255365.0,255460.0,254686.0,254700.0,332
2026-08-21T15:00:00+0530,254706.0,255283.0,254577.0,254601.0,347
2026-08-21T15:05:00+0530,254695.0,255225.0,254468.0,254857.0,256
2026-08-21T15:10:00+0530,254993.0,255097.0,254799.0,254973.0,48
2026-08-21T15:15:00+0530,255000.0,255000.0,254795.0,254946.0,52
2026-08-21T15:20:00+0530,254850.0,254890.0,254656.0,254800.0,86
2026-08-21T15:25:00+0530,254800.0,254898.0,254745.0,254751.0,73
2026-08-21T15:30:00+0530,254845.0,255200.0,254759.0,255100.0,130
2026-08-21T15:35:00+0530,255000.0,255001.0,254688.0,254709.0,111
2026-08-21T15:40:00+0530,254731.0,254731.0,254250.0,254392.0,174
2026-08-21T15:45:00+0530,254400.0,255055.0,254392.0,254673.0,93
2026-08-21T15:50:00+0530,254700.0,254997.0,254659.0,254775.0,57
2026-08-21T15:55:00+0530,254789.0,255066.0,254781.0,254871.0,76
2026-08-21T16:00:00+0530,254908.0,254995.0,254643.0,254995.0,108
2026-08-21T16:05:00+0530,254972.0,255198.0,254883.0,255169.0,153
2026-08-21T16:10:00+0530,255110.0,255283.0,255054.0,255210.0,123
2026-08-21T16:15:00+0530,255291.0,255339.0,255151.0,255218.0,97
2026-08-21T16:20:00+0530,255150.0,255217.0,255000.0,255200.0,51
2026-08-21T16:25:00+0530,255150.0,255335.0,255150.0,255217.0,48
2026-08-21T16:30:00+0530,255300.0,255586.0,255050.0,255562.0,90
2026-08-21T16:35:00+0530,255617.0,255656.0,255558.0,255616.0,69
2026-08-21T16:40:00+0530,255600.0,255712.0,255448.0,255500.0,71
2026-08-21T16:45:00+0530,255600.0,255944.0,255600.0,255938.0,120
2026-08-21T16:50:00+0530,255950.0,256200.0,255911.0,256100.0,146
2026-08-21T16:55:00+0530,256200.0,256300.0,255862.0,256060.0,195
2026-08-21T17:00:00+0530,255927.0,256049.0,255554.0,255678.0,109
2026-08-21T17:05:00+0530,255674.0,255985.0,255555.0,255808.0,76
2026-08-21T17:10:00+0530,255893.0,255901.0,255603.0,255865.0,65
2026-08-21T17:15:00+0530,255833.0,255899.0,255614.0,255887.0,47
2026-08-21T17:20:00+0530,255888.0,255925.0,255566.0,255801.0,100
2026-08-21T17:25:00+0530,255912.0,255912.0,255650.0,255651.0,32
2026-08-21T17:30:00+0530,255735.0,255793.0,255205.0,255211.0,140
2026-08-21T17:35:00+0530,255368.0,255529.0,255205.0,255268.0,102
2026-08-21T17:40:00+0530,255320.0,255366.0,255105.0,255300.0,95
2026-08-21T17:45:00+0530,255350.0,255380.0,255013.0,255090.0,75
2026-08-21T17:50:00+0530,255100.0,255207.0,254819.0,255133.0,164
2026-08-21T17:55:00+0530,255100.0,255353.0,255000.0,255353.0,61
2026-08-21T18:00:00+0530,255366.0,255366.0,254862.0,254862.0,107
2026-08-21T18:05:00+0530,254900.0,254931.0,254150.0,254150.0,326
2026-08-21T18:10:00+0530,254188.0,254822.0,253700.0,254802.0,407
2026-08-21T18:15:00+0530,254700.0,255205.0,254700.0,255191.0,121
2026-08-21T18:20:00+0530,255208.0,255208.0,254900.0,255085.0,96
2026-08-21T18:25:00+0530,255130.0,255200.0,254886.0,255050.0,51
2026-08-21T18:30:00+0530,255047.0,255288.0,254890.0,254915.0,128
2026-08-21T18:35:00+0530,254920.0,255293.0,254920.0,255100.0,57
2026-08-21T18:40:00+0530,255100.0,255475.0,255000.0,255315.0,93
2026-08-21T18:45:00+0530,255400.0,255599.0,255304.0,255318.0,97
2026-08-21T18:50:00+0530,255318.0,255508.0,255318.0,255484.0,46
2026-08-21T18:55:00+0530,255425.0,255469.0,255235.0,255423.0,54
2026-08-21T19:00:00+0530,255388.0,255418.0,254764.0,254800.0,101
2026-08-21T19:05:00+0530,254733.0,255278.0,254594.0,255229.0,210
2026-08-21T19:10:00+0530,255226.0,255600.0,255226.0,255500.0,121
2026-08-21T19:15:00+0530,255401.0,255815.0,255401.0,255773.0,173
2026-08-21T19:20:00+0530,255844.0,255844.0,255001.0,255200.0,121
2026-08-21T19:25:00+0530,255200.0,255250.0,254845.0,255030.0,65
2026-08-21T19:30:00+0530,254910.0,255249.0,254910.0,255187.0,100
2026-08-21T19:35:00+0530,255187.0,255300.0,255100.0,255127.0,83
2026-08-21T19:40:00+0530,255147.0,255147.0,255050.0,255121.0,14
2026-08-21T19:45:00+0530,255031.0,255105.0,254800.0,254801.0,71
2026-08-21T19:50:00+0530,254813.0,255398.0,254813.0,255282.0,112
2026-08-21T19:55:00+0530,255286.0,255509.0,255286.0,255496.0,103
2026-08-21T20:00:00+0530,255398.0,255398.0,254800.0,254896.0,96
2026-08-21T20:05:00+0530,254570.0,254855.0,253651.0,253986.0,468
2026-08-21T20:10:00+0530,253985.0,254442.0,253839.0,254131.0,200
2026-08-21T20:15:00+0530,254130.0,254350.0,253895.0,254350.0,152
2026-08-21T20:20:00+0530,254371.0,254688.0,254115.0,254115.0,114
2026-08-21T20:25:00+0530,254256.0,254449.0,254000.0,254449.0,102
2026-08-21T20:30:00+0530,254390.0,254391.0,254002.0,254270.0,81
2026-08-21T20:35:00+0530,254156.0,254433.0,254134.0,254338.0,95
2026-08-21T20:40:00+0530,254390.0,254500.0,254390.0,254499.0,62
2026-08-21T20:45:00+0530,254447.0,254638.0,254402.0,254550.0,101
2026-08-21T20:50:00+0530,254550.0,254939.0,254550.0,254900.0,86
2026-08-21T20:55:00+0530,254900.0,255184.0,254900.0,255001.0,152
2026-08-21T21:00:00+0530,254795.0,255095.0,254760.0,254977.0,56
2026-08-21T21:05:00+0530,255091.0,255091.0,254961.0,254998.0,26
2026-08-21T21:10:00+0530,254993.0,255098.0,254880.0,255092.0,38
2026-08-21T21:15:00+0530,255013.0,255194.0,254852.0,254864.0,62
2026-08-21T21:20:00+0530,254874.0,255288.0,254862.0,255283.0,84
2026-08-21T21:25:00+0530,255261.0,255300.0,255007.0,255199.0,81
2026-08-21T21:30:00+0530,255200.0,255213.0,255050.0,255150.0,60
2026-08-21T21:35:00+0530,255199.0,255225.0,254760.0,254788.0,124
2026-08-21T21:40:00+0530,254836.0,254950.0,254785.0,254800.0,70
2026-08-21T21:45:00+0530,254804.0,254989.0,254804.0,254844.0,37
2026-08-21T21:50:00+0530,254891.0,255225.0,254800.0,254938.0,73
2026-08-21T21:55:00+0530,254917.0,255036.0,254833.0,254950.0,28
2026-08-21T22:00:00+0530,254950.0,255369.0,254950.0,255254.0,97
2026-08-21T22:05:00+0530,255321.0,255374.0,255201.0,255328.0,71
2026-08-21T22:10:00+0530,255301.0,255531.0,255253.0,255500.0,165
2026-08-21T22:15:00+0530,255500.0,255838.0,255500.0,255774.0,227
2026-08-21T22:20:00+0530,255707.0,256000.0,255681.0,256000.0,289
2026-08-21T22:25:00+0530,256023.0,256049.0,255777.0,255848.0,246
2026-08-21T22:30:00+0530,255951.0,256014.0,255574.0,255724.0,193
2026-08-21T22:35:00+0530,255764.0,255850.0,255700.0,255775.0,142
2026-08-21T22:40:00+0530,255772.0,255834.0,255431.0,255495.0,160
2026-08-21T22:45:00+0530,255440.0,255483.0,255313.0,255404.0,146
2026-08-21T22:50:00+0530,255416.0,255461.0,254990.0,255101.0,228
2026-08-21T22:55:00+0530,255152.0,255495.0,255017.0,255351.0,112
2026-08-21T23:00:00+0530,255300.0,255336.0,255099.0,255281.0,139
2026-08-21T23:05:00+0530,255281.0,255521.0,255242.0,255400.0,82
2026-08-21T23:10:00+0530,255400.0,255420.0,255281.0,255281.0,58
2026-08-21T23:15:00+0530,255295.0,255378.0,255200.0,255200.0,134
2026-08-21T23:20:00+0530,255255.0,255255.0,255002.0,255002.0,179
2026-08-21T23:25:00+0530,255026.0,255096.0,254901.0,255000.0,332
2026-08-21T23:30:00+0530,255000.0,255000.0,255000.0,255000.0,0
2026-08-24T09:00:00+0530,254808.0,255225.0,253739.0,255200.0,818
2026-08-24T09:05:00+0530,255125.0,255500.0,255125.0,255323.0,656
2026-08-24T09:10:00+0530,255347.0,255400.0,254893.0,254920.0,322
2026-08-24T09:15:00+0530,254860.0,254926.0,254700.0,254750.0,246
2026-08-24T09:20:00+0530,254652.0,254724.0,254399.0,254483.0,236
2026-08-24T09:25:00+0530,254445.0,254620.0,254045.0,254050.0,218
2026-08-24T09:30:00+0530,253900.0,254399.0,253794.0,254044.0,318
2026-08-24T09:35:00+0530,254116.0,254189.0,253800.0,253997.0,117
2026-08-24T09:40:00+0530,253940.0,254290.0,253829.0,254200.0,116
2026-08-24T09:45:00+0530,254132.0,254295.0,253873.0,254295.0,98
2026-08-24T09:50:00+0530,254295.0,254576.0,254295.0,254545.0,248
2026-08-24T09:55:00+0530,254450.0,254743.0,254450.0,254565.0,112
2026-08-24T10:00:00+0530,254632.0,254632.0,254150.0,254150.0,142
2026-08-24T10:05:00+0530,254150.0,254400.0,254149.0,254400.0,53
2026-08-24T10:10:00+0530,254350.0,254488.0,254300.0,254488.0,66
2026-08-24T10:15:00+0530,254499.0,254559.0,254128.0,254249.0,119
2026-08-24T10:20:00+0530,254249.0,254500.0,254150.0,254394.0,40
2026-08-24T10:25:00+0530,254468.0,254468.0,254265.0,254292.0,37
2026-08-24T10:30:00+0530,254500.0,254582.0,254370.0,254527.0,38
2026-08-24T10:35:00+0530,254411.0,254620.0,254334.0,254589.0,55
2026-08-24T10:40:00+0530,254538.0,254730.0,254534.0,254730.0,93
2026-08-24T10:45:00+0530,254730.0,254942.0,254699.0,254903.0,101
2026-08-24T10:50:00+0530,254880.0,254900.0,254500.0,254650.0,129
2026-08-24T10:55:00+0530,254626.0,254670.0,254500.0,254500.0,77
2026-08-24T11:00:00+0530,254349.0,254678.0,254040.0,254224.0,231
2026-08-24T11:05:00+0530,254166.0,254450.0,254094.0,254238.0,57
2026-08-24T11:10:00+0530,254233.0,254428.0,254058.0,254058.0,135
2026-08-24T11:15:00+0530,254058.0,254235.0,254000.0,254235.0,97
2026-08-24T11:20:00+0530,254206.0,254458.0,254168.0,254292.0,54
2026-08-24T11:25:00+0530,254140.0,254423.0,254140.0,254423.0,20
2026-08-24T11:30:00+0530,254413.0,254500.0,254342.0,254500.0,31
2026-08-24T11:35:00+0530,254496.0,255000.0,254496.0,255000.0,142
2026-08-24T11:40:00+0530,255000.0,255500.0,254956.0,255499.0,191
2026-08-24T11:45:00+0530,255499.0,256076.0,255432.0,255850.0,508
2026-08-24T11:50:00+0530,255973.0,256149.0,255400.0,255785.0,475
2026-08-24T11:55:00+0530,255648.0,255856.0,255116.0,255185.0,318
2026-08-24T12:00:00+0530,255186.0,255626.0,255178.0,255623.0,157
2026-08-24T12:05:00+0530,255626.0,255689.0,255344.0,255565.0,123
2026-08-24T12:10:00+0530,255530.0,255530.0,255180.0,255250.0,98
2026-08-24T12:15:00+0530,255386.0,255400.0,255196.0,255380.0,82
2026-08-24T12:20:00+0530,255395.0,255549.0,255195.0,255424.0,112
2026-08-24T12:25:00+0530,255418.0,255559.0,255352.0,255546.0,80
2026-08-24T12:30:00+0530,255507.0,255696.0,255336.0,255548.0,137
2026-08-24T12:35:00+0530,255451.0,255534.0,255364.0,255470.0,41
2026-08-24T12:40:00+0530,255531.0,255806.0,255425.0,255550.0,167
2026-08-24T12:45:00+0530,255692.0,255799.0,255340.0,255591.0,139
2026-08-24T12:50:00+0530,255590.0,255590.0,255335.0,255393.0,58
2026-08-24T12:55:00+0530,255311.0,255572.0,255262.0,255378.0,74
2026-08-24T13:00:00+0530,255375.0,255510.0,255303.0,255464.0,35
2026-08-24T13:05:00+0530,255510.0,255582.0,255413.0,255413.0,35
2026-08-24T13:10:00+0530,255413.0,255450.0,255000.0,255016.0,170
2026-08-24T13:15:00+0530,254946.0,255100.0,254800.0,254813.0,260
2026-08-24T13:20:00+0530,254818.0,255072.0,254818.0,254960.0,90
2026-08-24T13:25:00+0530,254944.0,255072.0,254900.0,254900.0,136
2026-08-24T13:30:00+0530,254864.0,255001.0,254808.0,254864.0,128
2026-08-24T13:35:00+0530,254900.0,255159.0,254700.0,254800.0,209
2026-08-24T13:40:00+0530,254849.0,254856.0,254451.0,254461.0,206
2026-08-24T13:45:00+0530,254461.0,254490.0,254161.0,254400.0,172
2026-08-24T13:50:00+0530,254350.0,254696.0,254350.0,254400.0,78
2026-08-24T13:55:00+0530,254495.0,254553.0,254300.0,254300.0,116
2026-08-24T14:00:00+0530,254286.0,254454.0,254229.0,254392.0,65
2026-08-24T14:05:00+0530,254392.0,254534.0,254351.0,254490.0,50
2026-08-24T14:10:00+0530,254666.0,254935.0,254625.0,254767.0,82
2026-08-24T14:15:00+0530,254871.0,254900.0,254700.0,254730.0,85
2026-08-24T14:20:00+0530,254750.0,254874.0,254606.0,254802.0,96
2026-08-24T14:25:00+0530,254803.0,254803.0,254350.0,254418.0,114
2026-08-24T14:30:00+0530,254323.0,254540.0,254323.0,254450.0,38
2026-08-24T14:35:00+0530,254552.0,254890.0,254537.0,254875.0,87
2026-08-24T14:40:00+0530,254860.0,254860.0,254540.0,254540.0,99
2026-08-24T14:45:00+0530,254516.0,254596.0,254231.0,254342.0,103
2026-08-24T14:50:00+0530,254240.0,254495.0,254240.0,254495.0,43
2026-08-24T14:55:00+0530,254440.0,254495.0,254206.0,254225.0,89
2026-08-24T15:00:00+0530,254225.0,254400.0,254224.0,254224.0,44
2026-08-24T15:05:00+0530,254214.0,254215.0,254000.0,254100.0,180
2026-08-24T15:10:00+0530,254165.0,254306.0,254165.0,254263.0,24
2026-08-24T15:15:00+0530,254306.0,254495.0,254228.0,254319.0,79
2026-08-24T15:20:00+0530,254319.0,254376.0,254150.0,254249.0,71
2026-08-24T15:25:00+0530,254255.0,254381.0,254201.0,254325.0,24
2026-08-24T15:30:00+0530,254332.0,254579.0,254332.0,254573.0,58
2026-08-24T15:35:00+0530,254550.0,254880.0,254501.0,254880.0,93
2026-08-24T15:40:00+0530,254895.0,255125.0,254895.0,255058.0,114
2026-08-24T15:45:00+0530,255108.0,255120.0,255020.0,255081.0,134
2026-08-24T15:50:00+0530,255081.0,255100.0,254958.0,255065.0,101
2026-08-24T15:55:00+0530,255000.0,255137.0,254974.0,255080.0,63
2026-08-24T16:00:00+0530,255080.0,255199.0,255075.0,255147.0,107
2026-08-24T16:05:00+0530,255199.0,255341.0,255079.0,255250.0,119
2026-08-24T16:10:00+0530,255300.0,255305.0,254853.0,254853.0,68
2026-08-24T16:15:00+0530,254853.0,255018.0,254678.0,254800.0,87
2026-08-24T16:20:00+0530,254889.0,254889.0,254736.0,254818.0,51
2026-08-24T16:25:00+0530,254890.0,254921.0,254800.0,254800.0,42
2026-08-24T16:30:00+0530,254826.0,254900.0,254562.0,254750.0,58
2026-08-24T16:35:00+0530,254782.0,254782.0,254540.0,254669.0,68
2026-08-24T16:40:00+0530,254589.0,254779.0,254550.0,254721.0,44
2026-08-24T16:45:00+0530,254721.0,254998.0,254721.0,254998.0,91
2026-08-24T16:50:00+0530,254986.0,255060.0,254862.0,255026.0,64
2026-08-24T16:55:00+0530,254929.0,255026.0,254900.0,254990.0,51
2026-08-24T17:00:00+0530,254990.0,255106.0,254803.0,255106.0,132
2026-08-24T17:05:00+0530,255121.0,255800.0,255096.0,255740.0,494
2026-08-24T17:10:00+0530,255723.0,255994.0,255630.0,255800.0,341
2026-08-24T17:15:00+0530,255760.0,255817.0,255618.0,255675.0,111
2026-08-24T17:20:00+0530,255626.0,255858.0,255533.0,255858.0,91
2026-08-24T17:25:00+0530,255900.0,255945.0,255663.0,255744.0,102
2026-08-24T17:30:00+0530,255827.0,255850.0,255605.0,255688.0,79
2026-08-24T17:35:00+0530,255799.0,255830.0,255650.0,255813.0,32
2026-08-24T17:40:00+0530,255800.0,255825.0,255650.0,255819.0,85
2026-08-24T17:45:00+0530,255789.0,255822.0,255702.0,255822.0,43
2026-08-24T17:50:00+0530,255744.0,255850.0,255706.0,255850.0,55
2026-08-24T17:55:00+0530,255849.0,255942.0,255778.0,255900.0,78
2026-08-24T18:00:00+0530,255900.0,256000.0,255350.0,255650.0,369
2026-08-24T18:05:00+0530,255609.0,255949.0,255609.0,255949.0,69
2026-08-24T18:10:00+0530,255950.0,256225.0,255800.0,255800.0,420
2026-08-24T18:15:00+0530,255780.0,255954.0,255635.0,255870.0,156
2026-08-24T18:20:00+0530,255880.0,256032.0,255880.0,256016.0,91
2026-08-24T18:25:00+0530,256017.0,256100.0,255900.0,255920.0,137
2026-08-24T18:30:00+0530,256000.0,256600.0,255950.0,256555.0,375
2026-08-24T18:35:00+0530,256607.0,256901.0,256551.0,256870.0,429
2026-08-24T18:40:00+0530,256872.0,257400.0,256809.0,257297.0,523
2026-08-24T18:45:00+0530,257300.0,257350.0,257004.0,257197.0,284
2026-08-24T18:50:00+0530,257120.0,257120.0,256700.0,256946.0,250
2026-08-24T18:55:00+0530,256943.0,257069.0,256862.0,257048.0,116
2026-08-24T19:00:00+0530,256900.0,257247.0,256801.0,257087.0,246
2026-08-24T19:05:00+0530,257087.0,257239.0,256604.0,256662.0,425
2026-08-24T19:10:00+0530,256633.0,256759.0,255397.0,255436.0,551
2026-08-24T19:15:00+0530,255421.0,256303.0,255259.0,256151.0,581
2026-08-24T19:20:00+0530,256207.0,256280.0,255400.0,255675.0,407
2026-08-24T19:25:00+0530,255750.0,255780.0,255475.0,255752.0,192
2026-08-24T19:30:00+0530,255728.0,255979.0,255586.0,255787.0,155
2026-08-24T19:35:00+0530,255644.0,256093.0,255644.0,256035.0,102
2026-08-24T19:40:00+0530,256100.0,256200.0,255773.0,255864.0,135
2026-08-24T19:45:00+0530,255869.0,255938.0,254600.0,255250.0,609
2026-08-24T19:50:00+0530,255339.0,255596.0,255227.0,255385.0,133
2026-08-24T19:55:00+0530,255445.0,255900.0,255365.0,255877.0,84
2026-08-24T20:00:00+0530,255888.0,256100.0,255790.0,256038.0,105
2026-08-24T20:05:00+0530,256130.0,256149.0,255888.0,255990.0,76
2026-08-24T20:10:00+0530,255990.0,256048.0,255421.0,255590.0,124
2026-08-24T20:15:00+0530,255698.0,255700.0,255311.0,255464.0,93
2026-08-24T20:20:00+0530,255426.0,255426.0,255040.0,255417.0,180
2026-08-24T20:25:00+0530,255388.0,255770.0,255211.0,255550.0,149
2026-08-24T20:30:00+0530,255550.0,255883.0,255389.0,255825.0,141
2026-08-24T20:35:00+0530,255803.0,255887.0,255635.0,255741.0,55
2026-08-24T20:40:00+0530,255760.0,255875.0,255631.0,255635.0,32
2026-08-24T20:45:00+0530,255765.0,255770.0,255619.0,255739.0,15
2026-08-24T20:50:00+0530,255739.0,255775.0,255622.0,255657.0,15
2026-08-24T20:55:00+0530,255700.0,255993.0,255662.0,255900.0,84
2026-08-24T21:00:00+0530,255759.0,255806.0,255629.0,255629.0,53
2026-08-24T21:05:00+0530,255648.0,256000.0,255511.0,255580.0,277
2026-08-24T21:10:00+0530,255500.0,255594.0,255190.0,255291.0,163
2026-08-24T21:15:00+0530,255238.0,255299.0,254415.0,254527.0,625
2026-08-24T21:20:00+0530,254406.0,254725.0,254332.0,254474.0,337
2026-08-24T21:25:00+0530,254400.0,254474.0,254015.0,254240.0,379
2026-08-24T21:30:00+0530,254161.0,254895.0,254111.0,254889.0,241
2026-08-24T21:35:00+0530,254808.0,255000.0,254555.0,254555.0,105
2026-08-24T21:40:00+0530,254656.0,254716.0,254367.0,254406.0,100
2026-08-24T21:45:00+0530,254350.0,254936.0,254299.0,254802.0,153
2026-08-24T21:50:00+0530,254826.0,254890.0,254711.0,254890.0,66
2026-08-24T21:55:00+0530,254784.0,254980.0,254773.0,254901.0,64
2026-08-24T22:00:00+0530,254901.0,254970.0,254760.0,254890.0,71
2026-08-24T22:05:00+0530,254801.0,254885.0,254733.0,254733.0,28
2026-08-24T22:10:00+0530,254748.0,254748.0,254513.0,254615.0,61
2026-08-24T22:15:00+0530,254682.0,254700.0,254501.0,254501.0,60
2026-08-24T22:20:00+0530,254637.0,254637.0,254456.0,254574.0,90
2026-08-24T22:25:00+0530,254482.0,254515.0,254152.0,254200.0,124
2026-08-24T22:30:00+0530,254200.0,254220.0,253760.0,253884.0,477
2026-08-24T22:35:00+0530,253785.0,254522.0,253772.0,254300.0,301
2026-08-24T22:40:00+0530,254362.0,254554.0,254051.0,254450.0,140
2026-08-24T22:45:00+0530,254345.0,254689.0,254194.0,254350.0,143
2026-08-24T22:50:00+0530,254350.0,254350.0,253110.0,253517.0,569
2026-08-24T22:55:00+0530,253377.0,253609.0,253210.0,253260.0,338
2026-08-24T23:00:00+0530,253273.0,253373.0,253000.0,253092.0,351
2026-08-24T23:05:00+0530,253058.0,253300.0,252999.0,253233.0,220
2026-08-24T23:10:00+0530,253131.0,253179.0,253000.0,253016.0,174
2026-08-24T23:15:00+0530,253099.0,253099.0,252114.0,252311.0,647
2026-08-24T23:20:00+0530,252383.0,252755.0,252100.0,252540.0,428
2026-08-24T23:25:00+0530,252495.0,252749.0,252434.0,252599.0,279
2026-08-25T09:00:00+0530,252000.0,252342.0,251000.0,252299.0,978
2026-08-25T09:05:00+0530,252299.0,252650.0,251400.0,251400.0,824
2026-08-25T09:10:00+0530,251402.0,251618.0,251300.0,251359.0,435
2026-08-25T09:15:00+0530,251359.0,251399.0,251111.0,251197.0,323
2026-08-25T09:20:00+0530,251150.0,251350.0,251001.0,251171.0,465
2026-08-25T09:25:00+0530,251171.0,251468.0,251137.0,251366.0,183
2026-08-25T09:30:00+0530,251366.0,251486.0,251277.0,251480.0,128
2026-08-25T09:35:00+0530,251450.0,251776.0,251450.0,251776.0,283
2026-08-25T09:40:00+0530,251750.0,251800.0,251651.0,251798.0,195
2026-08-25T09:45:00+0530,251640.0,251743.0,251525.0,251549.0,155
2026-08-25T09:50:00+0530,251620.0,251700.0,251411.0,251467.0,86
2026-08-25T09:55:00+0530,251468.0,251532.0,251001.0,251051.0,193
2026-08-25T10:00:00+0530,251110.0,251111.0,250651.0,250780.0,343
2026-08-25T10:05:00+0530,250835.0,250861.0,250518.0,250610.0,318
2026-08-25T10:10:00+0530,250608.0,250608.0,250300.0,250485.0,308
2026-08-25T10:15:00+0530,250360.0,250500.0,250251.0,250386.0,175
2026-08-25T10:20:00+0530,250380.0,250696.0,250271.0,250668.0,212
2026-08-25T10:25:00+0530,250650.0,250700.0,250488.0,250700.0,92
2026-08-25T10:30:00+0530,250650.0,251111.0,250601.0,251111.0,186
2026-08-25T10:35:00+0530,251110.0,251598.0,251100.0,251162.0,182
2026-08-25T10:40:00+0530,251219.0,251495.0,251191.0,251444.0,108
2026-08-25T10:45:00+0530,251450.0,252200.0,251450.0,252200.0,196
2026-08-25T10:50:00+0530,252198.0,252371.0,251907.0,251997.0,207
2026-08-25T10:55:00+0530,251997.0,252800.0,251997.0,252525.0,254
2026-08-25T11:00:00+0530,252565.0,252615.0,251888.0,252174.0,353
2026-08-25T11:05:00+0530,252157.0,252395.0,252000.0,252045.0,159
2026-08-25T11:10:00+0530,252052.0,252138.0,251500.0,251733.0,169
2026-08-25T11:15:00+0530,251678.0,252143.0,251506.0,251636.0,190
2026-08-25T11:20:00+0530,251621.0,251994.0,251500.0,251941.0,115
2026-08-25T11:25:00+0530,251867.0,252030.0,251671.0,251760.0,111
2026-08-25T11:30:00+0530,251857.0,251977.0,251673.0,251721.0,60
2026-08-25T11:35:00+0530,251778.0,252099.0,251778.0,252052.0,102
2026-08-25T11:40:00+0530,252099.0,252500.0,252099.0,252381.0,165
2026-08-25T11:45:00+0530,252444.0,252444.0,252205.0,252296.0,100
2026-08-25T11:50:00+0530,252251.0,252772.0,252171.0,252698.0,165
2026-08-25T11:55:00+0530,252737.0,253333.0,252675.0,253002.0,401
2026-08-25T12:00:00+0530,253001.0,253460.0,253000.0,253375.0,186
2026-08-25T12:05:00+0530,253401.0,253498.0,253050.0,253080.0,204
2026-08-25T12:10:00+0530,253056.0,253272.0,253003.0,253050.0,123
2026-08-25T12:15:00+0530,253097.0,253109.0,252900.0,252901.0,121
2026-08-25T12:20:00+0530,252900.0,252982.0,252500.0,252500.0,162
2026-08-25T12:25:00+0530,252540.0,252540.0,252300.0,252499.0,112
2026-08-25T12:30:00+0530,252500.0,252830.0,252500.0,252729.0,113
2026-08-25T12:35:00+0530,252705.0,252859.0,252678.0,252800.0,77
2026-08-25T12:40:00+0530,252713.0,252719.0,252363.0,252363.0,77
2026-08-25T12:45:00+0530,252400.0,252584.0,252350.0,252546.0,86
2026-08-25T12:50:00+0530,252500.0,252769.0,252500.0,252609.0,69
2026-08-25T12:55:00+0530,252647.0,252647.0,252086.0,252123.0,92
2026-08-25T13:00:00+0530,252189.0,252450.0,252073.0,252174.0,155
2026-08-25T13:05:00+0530,252174.0,252300.0,252003.0,252197.0,136
2026-08-25T13:10:00+0530,252200.0,252541.0,252137.0,252477.0,67
2026-08-25T13:15:00+0530,252480.0,252515.0,252011.0,252051.0,75
2026-08-25T13:20:00+0530,252055.0,252143.0,251800.0,251800.0,99
2026-08-25T13:25:00+0530,251799.0,251800.0,251725.0,251739.0,52
2026-08-25T13:30:00+0530,251739.0,251770.0,251385.0,251389.0,159
2026-08-25T13:35:00+0530,251445.0,251510.0,251000.0,251102.0,182
2026-08-25T13:40:00+0530,251135.0,251266.0,251000.0,251243.0,223
2026-08-25T13:45:00+0530,251280.0,251481.0,251280.0,251425.0,90
2026-08-25T13:50:00+0530,251450.0,252298.0,251431.0,252158.0,240
2026-08-25T13:55:00+0530,252200.0,252282.0,251622.0,251710.0,104
2026-08-25T14:00:00+0530,251769.0,251855.0,251348.0,251565.0,115
2026-08-25T14:05:00+0530,251581.0,251581.0,251103.0,251236.0,114
2026-08-25T14:10:00+0530,251243.0,251511.0,251050.0,251511.0,87
2026-08-25T14:15:00+0530,251569.0,251570.0,251191.0,251237.0,50
2026-08-25T14:20:00+0530,251219.0,251264.0,251000.0,251050.0,116
2026-08-25T14:25:00+0530,251050.0,251198.0,251000.0,251175.0,92
2026-08-25T14:30:00+0530,251077.0,251134.0,250514.0,250590.0,291
2026-08-25T14:35:00+0530,250579.0,251116.0,250400.0,251094.0,201
2026-08-25T14:40:00+0530,251023.0,251150.0,250986.0,251150.0,106
2026-08-25T14:45:00+0530,251091.0,251370.0,251091.0,251288.0,102
2026-08-25T14:50:00+0530,251225.0,251225.0,250768.0,250768.0,96
2026-08-25T14:55:00+0530,250768.0,250879.0,250750.0,250761.0,63
2026-08-25T15:00:00+0530,250769.0,251544.0,250512.0,251499.0,209
2026-08-25T15:05:00+0530,251414.0,251414.0,250900.0,250968.0,131
2026-08-25T15:10:00+0530,250909.0,251389.0,250840.0,251300.0,124
2026-08-25T15:15:00+0530,251306.0,251499.0,251300.0,251430.0,78
2026-08-25T15:20:00+0530,251487.0,251699.0,251350.0,251350.0,128
2026-08-25T15:25:00+0530,251351.0,251507.0,251194.0,251408.0,98
2026-08-25T15:30:00+0530,251384.0,251413.0,251085.0,251085.0,55
2026-08-25T15:35:00+0530,251150.0,251448.0,251150.0,251390.0,55
2026-08-25T15:40:00+0530,251300.0,251505.0,251232.0,251258.0,90
2026-08-25T15:45:00+0530,251297.0,251407.0,251273.0,251376.0,39
2026-08-25T15:50:00+0530,251338.0,251338.0,251100.0,251105.0,53
2026-08-25T15:55:00+0530,251126.0,251235.0,251100.0,251127.0,46
2026-08-25T16:00:00+0530,251021.0,251156.0,251020.0,251105.0,34
2026-08-25T16:05:00+0530,251110.0,251110.0,250950.0,250950.0,93
2026-08-25T16:10:00+0530,251007.0,251097.0,250950.0,251080.0,63
2026-08-25T16:15:00+0530,250950.0,251137.0,250950.0,250996.0,71
2026-08-25T16:20:00+0530,250992.0,251099.0,250855.0,251051.0,75
2026-08-25T16:25:00+0530,251015.0,251037.0,250935.0,250942.0,62
2026-08-25T16:30:00+0530,250853.0,250917.0,250751.0,250834.0,122
2026-08-25T16:35:00+0530,250861.0,251149.0,250810.0,250923.0,182
2026-08-25T16:40:00+0530,250987.0,251286.0,250865.0,251286.0,129
2026-08-25T16:45:00+0530,251233.0,251350.0,251233.0,251246.0,75
2026-08-25T16:50:00+0530,251347.0,251383.0,251200.0,251301.0,82
2026-08-25T16:55:00+0530,251301.0,251446.0,251205.0,251402.0,71
2026-08-25T17:00:00+0530,251450.0,251647.0,251410.0,251645.0,114
2026-08-25T17:05:00+0530,251640.0,251656.0,251504.0,251599.0,60
2026-08-25T17:10:00+0530,251674.0,251860.0,251599.0,251615.0,168
2026-08-25T17:15:00+0530,251617.0,251936.0,251617.0,251921.0,63
2026-08-25T17:20:00+0530,251919.0,252150.0,251687.0,251767.0,316
2026-08-25T17:25:00+0530,251846.0,251870.0,251618.0,251618.0,27
2026-08-25T17:30:00+0530,251618.0,251622.0,251002.0,251402.0,209
2026-08-25T17:35:00+0530,251300.0,251479.0,251226.0,251372.0,43
2026-08-25T17:40:00+0530,251424.0,251620.0,251301.0,251460.0,54
2026-08-25T17:45:00+0530,251417.0,251558.0,251185.0,251202.0,53
2026-08-25T17:50:00+0530,251271.0,251348.0,251200.0,251250.0,27
2026-08-25T17:55:00+0530,251248.0,251248.0,251114.0,251151.0,33
2026-08-25T18:00:00+0530,251230.0,251245.0,251001.0,251050.0,84
2026-08-25T18:05:00+0530,251054.0,251171.0,251001.0,251002.0,50
2026-08-25T18:10:00+0530,250900.0,251350.0,250883.0,251350.0,183
2026-08-25T18:15:00+0530,251350.0,251670.0,251300.0,251527.0,78
2026-08-25T18:20:00+0530,251531.0,251781.0,251405.0,251500.0,66
2026-08-25T18:25:00+0530,251555.0,251771.0,251406.0,251648.0,97
2026-08-25T18:30:00+0530,251737.0,251737.0,250650.0,250895.0,267
2026-08-25T18:35:00+0530,250990.0,251130.0,250658.0,250960.0,157
2026-08-25T18:40:00+0530,250823.0,251000.0,250143.0,250231.0,443
2026-08-25T18:45:00+0530,250210.0,250501.0,250078.0,250353.0,341
2026-08-25T18:50:00+0530,250362.0,250500.0,249813.0,249840.0,439
2026-08-25T18:55:00+0530,249886.0,250290.0,249600.0,249995.0,394
2026-08-25T19:00:00+0530,249950.0,250571.0,249921.0,250416.0,177
2026-08-25T19:05:00+0530,250491.0,250491.0,249751.0,250101.0,187
2026-08-25T19:10:00+0530,250160.0,250442.0,249865.0,249900.0,188
2026-08-25T19:15:00+0530,249926.0,250200.0,249865.0,249949.0,117
2026-08-25T19:20:00+0530,249884.0,250090.0,249720.0,249984.0,161
2026-08-25T19:25:00+0530,249910.0,250350.0,249822.0,250350.0,69
2026-08-25T19:30:00+0530,250391.0,250832.0,250349.0,250788.0,206
2026-08-25T19:35:00+0530,250778.0,251130.0,250698.0,250844.0,200
2026-08-25T19:40:00+0530,250800.0,250980.0,250570.0,250671.0,90
2026-08-25T19:45:00+0530,250671.0,250831.0,250418.0,250458.0,83
2026-08-25T19:50:00+0530,250572.0,250908.0,250514.0,250908.0,80
2026-08-25T19:55:00+0530,250908.0,251109.0,250815.0,250815.0,94
2026-08-25T20:00:00+0530,250802.0,251250.0,250434.0,251191.0,284
2026-08-25T20:05:00+0530,251150.0,251500.0,251140.0,251432.0,228
2026-08-25T20:10:00+0530,251400.0,251500.0,250882.0,251187.0,159
2026-08-25T20:15:00+0530,251300.0,251486.0,251203.0,251300.0,57
2026-08-25T20:20:00+0530,251251.0,251325.0,251002.0,251266.0,49
2026-08-25T20:25:00+0530,251187.0,251300.0,251098.0,251300.0,49
2026-08-25T20:30:00+0530,251300.0,251400.0,251000.0,251006.0,75
2026-08-25T20:35:00+0530,251040.0,251239.0,251040.0,251087.0,35
2026-08-25T20:40:00+0530,251151.0,251349.0,251150.0,251300.0,41
2026-08-25T20:45:00+0530,251330.0,251897.0,251050.0,251834.0,288
2026-08-25T20:50:00+0530,251786.0,252149.0,251786.0,251911.0,221
2026-08-25T20:55:00+0530,251910.0,252034.0,251751.0,252034.0,127
2026-08-25T21:00:00+0530,252029.0,252514.0,252006.0,252499.0,475
2026-08-25T21:05:00+0530,252396.0,252950.0,252365.0,252900.0,464
2026-08-25T21:10:00+0530,252860.0,253088.0,252800.0,253059.0,365
2026-08-25T21:15:00+0530,253101.0,253200.0,252701.0,252950.0,333
2026-08-25T21:20:00+0530,252839.0,252900.0,252502.0,252667.0,225
2026-08-25T21:25:00+0530,252675.0,253150.0,252601.0,253150.0,200
2026-08-25T21:30:00+0530,253196.0,253200.0,252600.0,252695.0,178
2026-08-25T21:35:00+0530,252700.0,252700.0,252229.0,252319.0,131
2026-08-25T21:40:00+0530,252300.0,252499.0,252141.0,252414.0,134
2026-08-25T21:45:00+0530,252398.0,252800.0,252246.0,252565.0,89
2026-08-25T21:50:00+0530,252600.0,252600.0,252264.0,252599.0,81
2026-08-25T21:55:00+0530,252600.0,252891.0,252469.0,252859.0,135
2026-08-25T22:00:00+0530,252850.0,252958.0,252660.0,252720.0,173
2026-08-25T22:05:00+0530,252603.0,252950.0,252482.0,252950.0,106
2026-08-25T22:10:00+0530,252897.0,252958.0,252886.0,252919.0,199
2026-08-25T22:15:00+0530,252919.0,253100.0,252910.0,253028.0,188
2026-08-25T22:20:00+0530,253025.0,253090.0,252950.0,253032.0,211
2026-08-25T22:25:00+0530,253032.0,253032.0,252634.0,252775.0,232
2026-08-25T22:30:00+0530,252785.0,252893.0,252641.0,252650.0,39
2026-08-25T22:35:00+0530,252704.0,252800.0,252553.0,252659.0,62
2026-08-25T22:40:00+0530,252593.0,252748.0,252530.0,252748.0,75
2026-08-25T22:45:00+0530,252587.0,253018.0,252587.0,252956.0,186
2026-08-25T22:50:00+0530,252956.0,253100.0,252600.0,252700.0,106
2026-08-25T22:55:00+0530,252697.0,252823.0,252640.0,252664.0,65
2026-08-25T23:00:00+0530,252750.0,252798.0,252691.0,252692.0,36
2026-08-25T23:05:00+0530,252740.0,252900.0,252740.0,252899.0,57
2026-08-25T23:10:00+0530,252918.0,253035.0,252819.0,252882.0,145
2026-08-25T23:15:00+0530,252884.0,253200.0,252863.0,253200.0,204
2026-08-25T23:20:00+0530,253117.0,253194.0,253050.0,253142.0,176
2026-08-25T23:25:00+0530,253162.0,253300.0,253100.0,253220.0,264
2026-08-26T09:00:00+0530,253824.0,255100.0,253570.0,254800.0,765
2026-08-26T09:05:00+0530,254745.0,254850.0,254552.0,254666.0,376
2026-08-26T09:10:00+0530,254646.0,254771.0,254222.0,254299.0,248
2026-08-26T09:15:00+0530,254293.0,254450.0,254221.0,254381.0,240
2026-08-26T09:20:00+0530,254359.0,254393.0,254271.0,254310.0,93
2026-08-26T09:25:00+0530,254325.0,254325.0,253961.0,254000.0,241
2026-08-26T09:30:00+0530,254046.0,254238.0,254045.0,254238.0,137
2026-08-26T09:35:00+0530,254238.0,254400.0,254206.0,254340.0,106
2026-08-26T09:40:00+0530,254400.0,254450.0,254301.0,254351.0,86
2026-08-26T09:45:00+0530,254300.0,254345.0,254050.0,254134.0,151
2026-08-26T09:50:00+0530,254125.0,254146.0,254055.0,254101.0,46
2026-08-26T09:55:00+0530,254100.0,254189.0,254016.0,254182.0,139
2026-08-26T10:00:00+0530,254097.0,254600.0,254097.0,254427.0,311
2026-08-26T10:05:00+0530,254567.0,254591.0,254300.0,254300.0,268
2026-08-26T10:10:00+0530,254300.0,254549.0,254278.0,254398.0,135
2026-08-26T10:15:00+0530,254288.0,254400.0,254012.0,254174.0,140
2026-08-26T10:20:00+0530,254177.0,254266.0,254066.0,254204.0,76
2026-08-26T10:25:00+0530,254200.0,254253.0,254125.0,254155.0,48
2026-08-26T10:30:00+0530,254152.0,254350.0,254125.0,254350.0,136
2026-08-26T10:35:00+0530,254350.0,254500.0,254278.0,254419.0,143
2026-08-26T10:40:00+0530,254489.0,254499.0,254260.0,254375.0,46
2026-08-26T10:45:00+0530,254394.0,254521.0,254330.0,254521.0,101
2026-08-26T10:50:00+0530,254541.0,254599.0,254407.0,254596.0,120
2026-08-26T10:55:00+0530,254600.0,254699.0,254571.0,254571.0,101
2026-08-26T11:00:00+0530,254522.0,254951.0,254522.0,254790.0,241
2026-08-26T11:05:00+0530,254732.0,254736.0,254311.0,254360.0,173
2026-08-26T11:10:00+0530,254400.0,254662.0,254300.0,254300.0,108
2026-08-26T11:15:00+0530,254223.0,254490.0,254200.0,254298.0,107
2026-08-26T11:20:00+0530,254347.0,254449.0,254251.0,254390.0,39
2026-08-26T11:25:00+0530,254390.0,254503.0,254251.0,254503.0,101
2026-08-26T11:30:00+0530,254458.0,254600.0,254265.0,254600.0,89
2026-08-26T11:35:00+0530,254624.0,254624.0,254212.0,254309.0,96
2026-08-26T11:40:00+0530,254232.0,254315.0,254080.0,254147.0,93
2026-08-26T11:45:00+0530,254147.0,254196.0,253600.0,253659.0,308
2026-08-26T11:50:00+0530,253659.0,253673.0,253250.0,253548.0,285
2026-08-26T11:55:00+0530,253479.0,253521.0,253025.0,253116.0,263
2026-08-26T12:00:00+0530,253167.0,253781.0,252874.0,253600.0,416
2026-08-26T12:05:00+0530,253603.0,253611.0,253100.0,253422.0,142
2026-08-26T12:10:00+0530,253400.0,253638.0,253301.0,253629.0,83
2026-08-26T12:15:00+0530,253570.0,254000.0,253570.0,253673.0,267
2026-08-26T12:20:00+0530,253787.0,253895.0,253399.0,253480.0,117
2026-08-26T12:25:00+0530,253480.0,253580.0,253401.0,253499.0,67
2026-08-26T12:30:00+0530,253450.0,253700.0,253401.0,253700.0,87
2026-08-26T12:35:00+0530,253776.0,253783.0,253561.0,253686.0,72
2026-08-26T12:40:00+0530,253716.0,253897.0,253570.0,253800.0,76
2026-08-26T12:45:00+0530,253896.0,253900.0,253674.0,253852.0,86
2026-08-26T12:50:00+0530,253713.0,253823.0,253598.0,253649.0,63
2026-08-26T12:55:00+0530,253713.0,253750.0,253500.0,253501.0,71
2026-08-26T13:00:00+0530,253501.0,253750.0,253501.0,253680.0,63
2026-08-26T13:05:00+0530,253690.0,253770.0,253596.0,253600.0,69
2026-08-26T13:10:00+0530,253600.0,253600.0,253491.0,253500.0,30
2026-08-26T13:15:00+0530,253500.0,253813.0,253500.0,253624.0,52
2026-08-26T13:20:00+0530,253529.0,253529.0,253201.0,253251.0,81
2026-08-26T13:25:00+0530,253170.0,253376.0,253170.0,253342.0,115
2026-08-26T13:30:00+0530,253302.0,253390.0,253196.0,253320.0,138
2026-08-26T13:35:00+0530,253320.0,253353.0,253000.0,253313.0,132
2026-08-26T13:40:00+0530,253304.0,253349.0,253050.0,253056.0,96
2026-08-26T13:45:00+0530,253058.0,253280.0,252921.0,252996.0,186
2026-08-26T13:50:00+0530,252993.0,253000.0,252500.0,252635.0,402
2026-08-26T13:55:00+0530,252557.0,252934.0,252553.0,252840.0,178
2026-08-26T14:00:00+0530,252827.0,252863.0,252500.0,252783.0,179
2026-08-26T14:05:00+0530,252758.0,253000.0,252716.0,253000.0,78
2026-08-26T14:10:00+0530,253020.0,253020.0,252901.0,252967.0,42
2026-08-26T14:15:00+0530,252902.0,252974.0,252869.0,252901.0,32
2026-08-26T14:20:00+0530,252882.0,252938.0,252702.0,252800.0,60
2026-08-26T14:25:00+0530,252770.0,252900.0,252700.0,252900.0,33
2026-08-26T14:30:00+0530,252867.0,253337.0,252727.0,252801.0,237
2026-08-26T14:35:00+0530,252800.0,252931.0,252720.0,252750.0,47
2026-08-26T14:40:00+0530,252750.0,252897.0,252510.0,252513.0,137
2026-08-26T14:45:00+0530,252599.0,252599.0,252323.0,252403.0,186
2026-08-26T14:50:00+0530,252436.0,252449.0,252144.0,252399.0,213
2026-08-26T14:55:00+0530,252388.0,252399.0,252100.0,252102.0,254
2026-08-26T15:00:00+0530,252183.0,252599.0,252100.0,252559.0,286
2026-08-26T15:05:00+0530,252560.0,252600.0,252500.0,252578.0,59
2026-08-26T15:10:00+0530,252578.0,252695.0,252500.0,252695.0,98
2026-08-26T15:15:00+0530,252631.0,252947.0,252631.0,252899.0,132
2026-08-26T15:20:00+0530,252889.0,253000.0,252811.0,252930.0,86
2026-08-26T15:25:00+0530,252932.0,252959.0,252867.0,252906.0,64
2026-08-26T15:30:00+0530,252905.0,252924.0,252664.0,252798.0,66
2026-08-26T15:35:00+0530,252798.0,252798.0,252641.0,252681.0,53
2026-08-26T15:40:00+0530,252700.0,252721.0,252100.0,252183.0,439
2026-08-26T15:45:00+0530,252142.0,252224.0,252077.0,252100.0,198
2026-08-26T15:50:00+0530,252139.0,252230.0,252060.0,252229.0,182
2026-08-26T15:55:00+0530,252153.0,252217.0,252100.0,252105.0,101
2026-08-26T16:00:00+0530,252105.0,252220.0,252058.0,252220.0,189
2026-08-26T16:05:00+0530,252220.0,252599.0,252220.0,252580.0,151
2026-08-26T16:10:00+0530,252580.0,252598.0,252358.0,252374.0,77
2026-08-26T16:15:00+0530,252462.0,252529.0,252380.0,252467.0,51
2026-08-26T16:20:00+0530,252391.0,252459.0,252000.0,252001.0,253
2026-08-26T16:25:00+0530,252001.0,252109.0,251800.0,251850.0,263
2026-08-26T16:30:00+0530,251840.0,252147.0,251725.0,252000.0,218
2026-08-26T16:35:00+0530,252000.0,252060.0,251800.0,251857.0,133
2026-08-26T16:40:00+0530,251887.0,251919.0,251820.0,251919.0,122
2026-08-26T16:45:00+0530,252013.0,252100.0,251952.0,251961.0,74
2026-08-26T16:50:00+0530,251961.0,252000.0,251511.0,251599.0,237
2026-08-26T16:55:00+0530,251588.0,251973.0,251588.0,251950.0,94
2026-08-26T17:00:00+0530,251949.0,252410.0,251904.0,252135.0,232
2026-08-26T17:05:00+0530,252150.0,252235.0,251669.0,251713.0,142
2026-08-26T17:10:00+0530,251685.0,252186.0,251682.0,252075.0,119
2026-08-26T17:15:00+0530,252072.0,252172.0,251938.0,252050.0,51
2026-08-26T17:20:00+0530,252099.0,252230.0,252064.0,252085.0,122
2026-08-26T17:25:00+0530,252196.0,252586.0,252101.0,252477.0,192
2026-08-26T17:30:00+0530,252578.0,253035.0,252521.0,252950.0,343
2026-08-26T17:35:00+0530,252960.0,253100.0,252850.0,252851.0,178
2026-08-26T17:40:00+0530,252907.0,252920.0,252750.0,252893.0,104
2026-08-26T17:45:00+0530,252898.0,252999.0,252781.0,252999.0,116
2026-08-26T17:50:00+0530,252999.0,253091.0,252950.0,253050.0,131
2026-08-26T17:55:00+0530,253044.0,253500.0,253031.0,253499.0,344
2026-08-26T18:00:00+0530,253500.0,253560.0,252227.0,253083.0,911
2026-08-26T18:05:00+0530,253101.0,253360.0,252878.0,253000.0,350
2026-08-26T18:10:00+0530,252950.0,252999.0,252510.0,252832.0,276
2026-08-26T18:15:00+0530,252879.0,252991.0,252500.0,252810.0,199
2026-08-26T18:20:00+0530,252696.0,252794.0,251800.0,251982.0,365
2026-08-26T18:25:00+0530,252079.0,252192.0,251850.0,251850.0,252
2026-08-26T18:30:00+0530,251750.0,252182.0,251222.0,251600.0,740
2026-08-26T18:35:00+0530,251555.0,251763.0,251033.0,251033.0,465
2026-08-26T18:40:00+0530,251019.0,251600.0,251000.0,251272.0,452
2026-08-26T18:45:00+0530,251171.0,251389.0,250607.0,251350.0,712
2026-08-26T18:50:00+0530,251349.0,251598.0,250920.0,251159.0,425
2026-08-26T18:55:00+0530,251140.0,251457.0,251059.0,251291.0,145
2026-08-26T19:00:00+0530,251442.0,251826.0,251306.0,251662.0,294
2026-08-26T19:05:00+0530,251656.0,251660.0,251312.0,251549.0,115
2026-08-26T19:10:00+0530,251516.0,251965.0,251495.0,251892.0,231
2026-08-26T19:15:00+0530,251860.0,251886.0,251513.0,251727.0,162
2026-08-26T19:20:00+0530,251684.0,251950.0,251584.0,251765.0,83
2026-08-26T19:25:00+0530,251759.0,251987.0,251725.0,251950.0,133
2026-08-26T19:30:00+0530,251954.0,251987.0,251500.0,251599.0,150
2026-08-26T19:35:00+0530,251523.0,251648.0,251266.0,251279.0,139
2026-08-26T19:40:00+0530,251279.0,251595.0,251229.0,251381.0,112
2026-08-26T19:45:00+0530,251381.0,251876.0,251334.0,251751.0,166
2026-08-26T19:50:00+0530,251796.0,252186.0,251750.0,251814.0,238
2026-08-26T19:55:00+0530,251784.0,251784.0,251400.0,251550.0,92
2026-08-26T20:00:00+0530,251500.0,251560.0,251410.0,251501.0,90
2026-08-26T20:05:00+0530,251500.0,251600.0,251140.0,251223.0,300
2026-08-26T20:10:00+0530,251155.0,251640.0,251155.0,251640.0,191
2026-08-26T20:15:00+0530,251633.0,251650.0,250999.0,251143.0,439
2026-08-26T20:20:00+0530,251193.0,251193.0,250726.0,250810.0,249
2026-08-26T20:25:00+0530,250725.0,250809.0,250338.0,250338.0,538
2026-08-26T20:30:00+0530,250373.0,250450.0,249701.0,249882.0,881
2026-08-26T20:35:00+0530,249866.0,249960.0,249041.0,249932.0,1197
2026-08-26T20:40:00+0530,249937.0,249997.0,249377.0,249423.0,365
2026-08-26T20:45:00+0530,249434.0,249968.0,249300.0,249894.0,381
2026-08-26T20:50:00+0530,249882.0,250295.0,249872.0,250295.0,361
2026-08-26T20:55:00+0530,250297.0,250702.0,250052.0,250573.0,374
2026-08-26T21:00:00+0530,250478.0,250700.0,250374.0,250405.0,218
2026-08-26T21:05:00+0530,250373.0,250665.0,250321.0,250575.0,163
2026-08-26T21:10:00+0530,250577.0,250799.0,250577.0,250737.0,141
2026-08-26T21:15:00+0530,250679.0,250959.0,250679.0,250924.0,161
2026-08-26T21:20:00+0530,250900.0,250900.0,250127.0,250472.0,341
2026-08-26T21:25:00+0530,250472.0,250747.0,250203.0,250243.0,187
2026-08-26T21:30:00+0530,250247.0,250379.0,249920.0,250379.0,264
2026-08-26T21:35:00+0530,250390.0,250593.0,250234.0,250411.0,184
2026-08-26T21:40:00+0530,250371.0,250460.0,250226.0,250406.0,103
2026-08-26T21:45:00+0530,250331.0,250387.0,250130.0,250242.0,139
2026-08-26T21:50:00+0530,250199.0,250410.0,250120.0,250350.0,189
2026-08-26T21:55:00+0530,250400.0,250500.0,250178.0,250367.0,191
2026-08-26T22:00:00+0530,250367.0,250410.0,250200.0,250300.0,138
2026-08-26T22:05:00+0530,250300.0,250430.0,250023.0,250023.0,153
2026-08-26T22:10:00+0530,250005.0,250254.0,249874.0,249933.0,270
2026-08-26T22:15:00+0530,249925.0,250209.0,249920.0,250123.0,117
2026-08-26T22:20:00+0530,250123.0,250290.0,249822.0,249822.0,181
2026-08-26T22:25:00+0530,249819.0,249869.0,249602.0,249605.0,373
2026-08-26T22:30:00+0530,249670.0,249900.0,249633.0,249899.0,185
2026-08-26T22:35:00+0530,249930.0,249998.0,249651.0,249850.0,214
2026-08-26T22:40:00+0530,249878.0,249878.0,249651.0,249712.0,118
2026-08-26T22:45:00+0530,249730.0,249950.0,249728.0,249840.0,116
2026-08-26T22:50:00+0530,249849.0,250058.0,249600.0,249700.0,319
2026-08-26T22:55:00+0530,249679.0,249689.0,249500.0,249500.0,287
2026-08-26T23:00:00+0530,249530.0,249582.0,249176.0,249176.0,460
2026-08-26T23:05:00+0530,249176.0,249200.0,248525.0,248525.0,795
2026-08-26T23:10:00+0530,248500.0,248752.0,248456.0,248613.0,401
2026-08-26T23:15:00+0530,248671.0,248680.0,248400.0,248401.0,300
2026-08-26T23:20:00+0530,248449.0,248450.0,248101.0,248159.0,471
2026-08-26T23:25:00+0530,248159.0,248159.0,247611.0,247860.0,883
2026-08-27T09:00:00+0530,251020.0,252059.0,250800.0,250939.0,1919
2026-08-27T09:05:00+0530,250939.0,251266.0,250523.0,250577.0,719
2026-08-27T09:10:00+0530,250676.0,250966.0,250675.0,250901.0,376
2026-08-27T09:15:00+0530,250900.0,250985.0,250708.0,250800.0,225
2026-08-27T09:20:00+0530,250752.0,250800.0,250233.0,250280.0,320
2026-08-27T09:25:00+0530,250280.0,250280.0,249533.0,249898.0,414
2026-08-27T09:30:00+0530,249900.0,250024.0,249591.0,249971.0,430
2026-08-27T09:35:00+0530,249900.0,249961.0,249681.0,249839.0,226
2026-08-27T09:40:00+0530,249820.0,249950.0,249680.0,249682.0,208
2026-08-27T09:45:00+0530,249682.0,249764.0,249000.0,249000.0,453
2026-08-27T09:50:00+0530,248905.0,249024.0,247803.0,247871.0,783
2026-08-27T09:55:00+0530,247804.0,247865.0,245761.0,246483.0,2564
2026-08-27T10:00:00+0530,246448.0,247172.0,246300.0,246956.0,1093
2026-08-27T10:05:00+0530,246928.0,247800.0,246829.0,247251.0,966
2026-08-27T10:10:00+0530,247230.0,247869.0,247056.0,247492.0,403
2026-08-27T10:15:00+0530,247492.0,247999.0,247165.0,247950.0,451
2026-08-27T10:20:00+0530,247911.0,249522.0,247911.0,249422.0,1139
2026-08-27T10:25:00+0530,249450.0,249750.0,248629.0,249558.0,746
2026-08-27T10:30:00+0530,249566.0,249868.0,249100.0,249399.0,789
2026-08-27T10:35:00+0530,249384.0,250095.0,249360.0,249846.0,505
2026-08-27T10:40:00+0530,249868.0,249950.0,249341.0,249457.0,273
2026-08-27T10:45:00+0530,249494.0,249635.0,249150.0,249301.0,198
2026-08-27T10:50:00+0530,249316.0,249550.0,249256.0,249549.0,166
2026-08-27T10:55:00+0530,249503.0,249536.0,248708.0,248801.0,331
2026-08-27T11:00:00+0530,248668.0,248950.0,247800.0,248190.0,756
2026-08-27T11:05:00+0530,248174.0,248782.0,248000.0,248575.0,284
2026-08-27T11:10:00+0530,248607.0,248607.0,248042.0,248044.0,304
2026-08-27T11:15:00+0530,248041.0,248555.0,247893.0,248100.0,247
2026-08-27T11:20:00+0530,248146.0,248399.0,247850.0,248003.0,230
2026-08-27T11:25:00+0530,247936.0,248555.0,247904.0,248554.0,198
2026-08-27T11:30:00+0530,248512.0,248555.0,247864.0,248100.0,202
2026-08-27T11:35:00+0530,248150.0,248332.0,248000.0,248193.0,87
2026-08-27T11:40:00+0530,248188.0,248586.0,248095.0,248483.0,144
2026-08-27T11:45:00+0530,248466.0,248793.0,248225.0,248793.0,203
2026-08-27T11:50:00+0530,248845.0,249200.0,248793.0,249000.0,357
2026-08-27T11:55:00+0530,248962.0,249000.0,248504.0,248952.0,162
2026-08-27T12:00:00+0530,248990.0,249062.0,248638.0,248909.0,227
2026-08-27T12:05:00+0530,248900.0,249049.0,248673.0,248894.0,114
2026-08-27T12:10:00+0530,248875.0,248949.0,248797.0,248797.0,57
2026-08-27T12:15:00+0530,248830.0,248946.0,248783.0,248833.0,129
2026-08-27T12:20:00+0530,248950.0,249000.0,248784.0,248900.0,80
2026-08-27T12:25:00+0530,248899.0,248900.0,248451.0,248491.0,170
2026-08-27T12:30:00+0530,248513.0,248687.0,248321.0,248624.0,216
2026-08-27T12:35:00+0530,248590.0,248737.0,248315.0,248315.0,134
2026-08-27T12:40:00+0530,248332.0,248685.0,248300.0,248640.0,90
2026-08-27T12:45:00+0530,248581.0,248635.0,248155.0,248177.0,147
2026-08-27T12:50:00+0530,248166.0,248433.0,248130.0,248396.0,99
2026-08-27T12:55:00+0530,248385.0,248554.0,248155.0,248554.0,96
2026-08-27T13:00:00+0530,248475.0,248620.0,248226.0,248350.0,137
2026-08-27T13:05:00+0530,248350.0,248400.0,248036.0,248355.0,390
2026-08-27T13:10:00+0530,248469.0,248803.0,248448.0,248739.0,151
2026-08-27T13:15:00+0530,248791.0,248832.0,248574.0,248681.0,101
2026-08-27T13:20:00+0530,248623.0,248779.0,248605.0,248714.0,46
2026-08-27T13:25:00+0530,248756.0,248954.0,248756.0,248900.0,134
2026-08-27T13:30:00+0530,248908.0,249348.0,248908.0,249268.0,300
2026-08-27T13:35:00+0530,249264.0,249264.0,248953.0,249000.0,133
2026-08-27T13:40:00+0530,248996.0,249171.0,248854.0,249171.0,150
2026-08-27T13:45:00+0530,249100.0,249278.0,249058.0,249076.0,91
2026-08-27T13:50:00+0530,249023.0,249027.0,248836.0,249027.0,82
2026-08-27T13:55:00+0530,248983.0,249100.0,248901.0,249028.0,66
2026-08-27T14:00:00+0530,248901.0,249028.0,248800.0,248800.0,88
2026-08-27T14:05:00+0530,248771.0,248786.0,248533.0,248599.0,173
2026-08-27T14:10:00+0530,248599.0,248676.0,248477.0,248525.0,73
2026-08-27T14:15:00+0530,248531.0,248890.0,248521.0,248890.0,65
2026-08-27T14:20:00+0530,248879.0,249100.0,248879.0,249099.0,72
2026-08-27T14:25:00+0530,249099.0,249100.0,248925.0,248925.0,76
2026-08-27T14:30:00+0530,248885.0,248977.0,248433.0,248457.0,136
2026-08-27T14:35:00+0530,248452.0,248559.0,248338.0,248559.0,89
2026-08-27T14:40:00+0530,248600.0,248800.0,248583.0,248690.0,78
2026-08-27T14:45:00+0530,248623.0,248918.0,248623.0,248695.0,52
2026-08-27T14:50:00+0530,248818.0,248879.0,248670.0,248834.0,51
2026-08-27T14:55:00+0530,248839.0,248839.0,248627.0,248725.0,36
2026-08-27T15:00:00+0530,248720.0,248804.0,248632.0,248632.0,41
2026-08-27T15:05:00+0530,248680.0,248680.0,248251.0,248423.0,197
2026-08-27T15:10:00+0530,248378.0,248500.0,248311.0,248470.0,53
2026-08-27T15:15:00+0530,248495.0,248537.0,248401.0,248450.0,81
2026-08-27T15:20:00+0530,248450.0,248500.0,248200.0,248200.0,123
2026-08-27T15:25:00+0530,248190.0,248192.0,247850.0,247915.0,279
2026-08-27T15:30:00+0530,247865.0,247914.0,247337.0,247603.0,496
2026-08-27T15:35:00+0530,247672.0,247903.0,247578.0,247840.0,142
2026-08-27T15:40:00+0530,247830.0,248287.0,247830.0,248154.0,171
2026-08-27T15:45:00+0530,248170.0,248366.0,247925.0,248045.0,129
2026-08-27T15:50:00+0530,248089.0,248300.0,248088.0,248300.0,73
2026-08-27T15:55:00+0530,248317.0,248317.0,248119.0,248210.0,87
2026-08-27T16:00:00+0530,248210.0,248243.0,248131.0,248134.0,53
2026-08-27T16:05:00+0530,248101.0,248101.0,247856.0,247952.0,99
2026-08-27T16:10:00+0530,247892.0,248708.0,247870.0,248579.0,205
2026-08-27T16:15:00+0530,248579.0,248648.0,248310.0,248359.0,98
2026-08-27T16:20:00+0530,248375.0,248479.0,248330.0,248373.0,74
2026-08-27T16:25:00+0530,248373.0,248645.0,248211.0,248500.0,116
2026-08-27T16:30:00+0530,248442.0,248442.0,248079.0,248173.0,149
2026-08-27T16:35:00+0530,248211.0,248362.0,248160.0,248321.0,62
2026-08-27T16:40:00+0530,248321.0,248449.0,248139.0,248300.0,85
2026-08-27T16:45:00+0530,248397.0,248417.0,248200.0,248250.0,64
2026-08-27T16:50:00+0530,248250.0,248400.0,248203.0,248400.0,61
2026-08-27T16:55:00+0530,248400.0,248400.0,248225.0,248357.0,57
2026-08-27T17:00:00+0530,248393.0,248758.0,248393.0,248600.0,229
2026-08-27T17:05:00+0530,248600.0,248700.0,248533.0,248696.0,120
2026-08-27T17:10:00+0530,248696.0,248897.0,248613.0,248625.0,201
2026-08-27T17:15:00+0530,248607.0,248613.0,248150.0,248200.0,149
2026-08-27T17:20:00+0530,248200.0,248445.0,248100.0,248445.0,133
2026-08-27T17:25:00+0530,248445.0,248524.0,248284.0,248299.0,62
2026-08-27T17:30:00+0530,248292.0,248340.0,248174.0,248249.0,98
2026-08-27T17:35:00+0530,248261.0,248262.0,248111.0,248260.0,56
2026-08-27T17:40:00+0530,248259.0,248260.0,248009.0,248071.0,93
2026-08-27T17:45:00+0530,248068.0,248378.0,248008.0,248250.0,160
2026-08-27T17:50:00+0530,248320.0,248600.0,248320.0,248424.0,133
2026-08-27T17:55:00+0530,248424.0,248498.0,248140.0,248254.0,87
2026-08-27T18:00:00+0530,248270.0,248390.0,248012.0,248012.0,150
2026-08-27T18:05:00+0530,248053.0,248053.0,247250.0,247536.0,430
2026-08-27T18:10:00+0530,247528.0,247528.0,247231.0,247376.0,263
2026-08-27T18:15:00+0530,247370.0,247477.0,246957.0,247229.0,545
2026-08-27T18:20:00+0530,247207.0,247648.0,246959.0,247589.0,282
2026-08-27T18:25:00+0530,247589.0,247821.0,247192.0,247392.0,310
2026-08-27T18:30:00+0530,247310.0,247786.0,246845.0,247750.0,619
2026-08-27T18:35:00+0530,247750.0,247865.0,247515.0,247565.0,176
2026-08-27T18:40:00+0530,247588.0,247840.0,247524.0,247600.0,98
2026-08-27T18:45:00+0530,247573.0,247843.0,247413.0,247701.0,141
2026-08-27T18:50:00+0530,247676.0,247734.0,247467.0,247618.0,53
2026-08-27T18:55:00+0530,247598.0,248300.0,247598.0,247978.0,306
2026-08-27T19:00:00+0530,248055.0,248214.0,247100.0,247100.0,277
2026-08-27T19:05:00+0530,247025.0,247341.0,246853.0,246975.0,420
2026-08-27T19:10:00+0530,246996.0,247599.0,246900.0,247321.0,310
2026-08-27T19:15:00+0530,247370.0,247508.0,246800.0,247399.0,221
2026-08-27T19:20:00+0530,247432.0,247645.0,247212.0,247300.0,135
2026-08-27T19:25:00+0530,247300.0,247448.0,247274.0,247359.0,90
2026-08-27T19:30:00+0530,247328.0,247457.0,247140.0,247457.0,335
2026-08-27T19:35:00+0530,247428.0,247682.0,247355.0,247598.0,357
2026-08-27T19:40:00+0530,247641.0,247694.0,247521.0,247617.0,117
2026-08-27T19:45:00+0530,247651.0,248104.0,247651.0,247947.0,260
2026-08-27T19:50:00+0530,247999.0,248048.0,247730.0,247746.0,212
2026-08-27T19:55:00+0530,247782.0,248009.0,247661.0,247965.0,265
2026-08-27T20:00:00+0530,248023.0,248300.0,248000.0,248260.0,246
2026-08-27T20:05:00+0530,248300.0,248856.0,248300.0,248620.0,529
2026-08-27T20:10:00+0530,248664.0,248845.0,248406.0,248818.0,421
2026-08-27T20:15:00+0530,248834.0,249225.0,248738.0,248841.0,577
2026-08-27T20:20:00+0530,248867.0,248900.0,248450.0,248515.0,400
2026-08-27T20:25:00+0530,248550.0,248700.0,248102.0,248699.0,296
2026-08-27T20:30:00+0530,248688.0,248700.0,248499.0,248627.0,138
2026-08-27T20:35:00+0530,248699.0,248699.0,248257.0,248462.0,118
2026-08-27T20:40:00+0530,248432.0,248593.0,248432.0,248470.0,127
2026-08-27T20:45:00+0530,248484.0,248858.0,248484.0,248845.0,219
2026-08-27T20:50:00+0530,248743.0,248781.0,248299.0,248300.0,188
2026-08-27T20:55:00+0530,248225.0,248700.0,248225.0,248502.0,219
2026-08-27T21:00:00+0530,248530.0,249016.0,248530.0,248850.0,294
2026-08-27T21:05:00+0530,248920.0,249022.0,248721.0,248914.0,181
2026-08-27T21:10:00+0530,248950.0,249750.0,248950.0,249269.0,854
2026-08-27T21:15:00+0530,249349.0,249588.0,249200.0,249476.0,466
2026-08-27T21:20:00+0530,249475.0,250111.0,249444.0,250111.0,620
2026-08-27T21:25:00+0530,250161.0,250498.0,250161.0,250434.0,942
2026-08-27T21:30:00+0530,250432.0,250838.0,249939.0,250252.0,1084
2026-08-27T21:35:00+0530,250252.0,250252.0,249593.0,249701.0,645
2026-08-27T21:40:00+0530,249881.0,250000.0,249547.0,249547.0,315
2026-08-27T21:45:00+0530,249538.0,249770.0,249163.0,249523.0,371
2026-08-27T21:50:00+0530,249564.0,249756.0,249323.0,249400.0,256
2026-08-27T21:55:00+0530,249452.0,250000.0,249376.0,250000.0,291
2026-08-27T22:00:00+0530,250000.0,250170.0,249800.0,249949.0,344
2026-08-27T22:05:00+0530,249949.0,250249.0,249720.0,250012.0,267
2026-08-27T22:10:00+0530,250075.0,250171.0,249551.0,249683.0,180
2026-08-27T22:15:00+0530,249666.0,250080.0,249666.0,249720.0,225
2026-08-27T22:20:00+0530,249732.0,250076.0,249711.0,250050.0,120
2026-08-27T22:25:00+0530,250050.0,250099.0,249609.0,249921.0,217
2026-08-27T22:30:00+0530,249949.0,250100.0,249713.0,249923.0,200
2026-08-27T22:35:00+0530,249871.0,249887.0,249351.0,249524.0,322
2026-08-27T22:40:00+0530,249461.0,249789.0,249441.0,249619.0,112
2026-08-27T22:45:00+0530,249619.0,249643.0,249352.0,249433.0,156
2026-08-27T22:50:00+0530,249428.0,249601.0,249333.0,249573.0,170
2026-08-27T22:55:00+0530,249519.0,249590.0,249400.0,249492.0,101
2026-08-27T23:00:00+0530,249488.0,249589.0,249420.0,249470.0,244
2026-08-27T23:05:00+0530,249420.0,249478.0,249249.0,249250.0,196
2026-08-27T23:10:00+0530,249284.0,249500.0,249284.0,249428.0,216
2026-08-27T23:15:00+0530,249292.0,249600.0,249272.0,249600.0,293
2026-08-27T23:20:00+0530,249523.0,249610.0,249400.0,249431.0,262
2026-08-27T23:25:00+0530,249468.0,249595.0,249201.0,249246.0,345
2026-08-28T09:05:00+0530,248113.0,248324.0,247952.0,247970.0,322
2026-08-28T09:10:00+0530,248001.0,248178.0,247751.0,248096.0,389
2026-08-28T09:15:00+0530,248098.0,248210.0,248000.0,248052.0,191
2026-08-28T09:20:00+0530,248100.0,248120.0,247903.0,247968.0,83
2026-08-28T09:25:00+0530,248025.0,248164.0,247981.0,248130.0,103
2026-08-28T09:30:00+0530,248152.0,248172.0,247968.0,247976.0,67
2026-08-28T09:35:00+0530,247960.0,248100.0,247951.0,248100.0,72
2026-08-28T09:40:00+0530,248104.0,248550.0,248050.0,248501.0,176
2026-08-28T09:45:00+0530,248466.0,248796.0,248443.0,248736.0,104
2026-08-28T09:50:00+0530,248699.0,248740.0,248556.0,248730.0,88
2026-08-28T09:55:00+0530,248740.0,248787.0,248400.0,248400.0,141
2026-08-28T10:00:00+0530,248490.0,248496.0,248265.0,248358.0,88
2026-08-28T10:05:00+0530,248395.0,248395.0,248151.0,248230.0,56
2026-08-28T10:10:00+0530,248184.0,248300.0,248086.0,248153.0,110
2026-08-28T10:15:00+0530,248072.0,248224.0,248000.0,248149.0,104
2026-08-28T10:20:00+0530,248184.0,248437.0,248150.0,248397.0,49
2026-08-28T10:25:00+0530,248348.0,248809.0,248348.0,248539.0,138
2026-08-28T10:30:00+0530,248590.0,248619.0,248174.0,248188.0,160
2026-08-28T10:35:00+0530,248174.0,248260.0,248010.0,248187.0,144
2026-08-28T10:40:00+0530,248178.0,248220.0,248030.0,248130.0,82
2026-08-28T10:45:00+0530,248083.0,248330.0,248083.0,248286.0,68
2026-08-28T10:50:00+0530,248330.0,248423.0,248176.0,248367.0,43
2026-08-28T10:55:00+0530,248369.0,248494.0,248290.0,248311.0,60
2026-08-28T11:00:00+0530,248188.0,248440.0,248030.0,248100.0,135
2026-08-28T11:05:00+0530,248148.0,248247.0,248025.0,248147.0,133
2026-08-28T11:10:00+0530,248120.0,248190.0,247910.0,248049.0,178
2026-08-28T11:15:00+0530,248049.0,248274.0,247936.0,248109.0,128
2026-08-28T11:20:00+0530,248177.0,248284.0,248125.0,248234.0,132
2026-08-28T11:25:00+0530,248243.0,248349.0,248110.0,248200.0,188
2026-08-28T11:30:00+0530,248200.0,248219.0,247853.0,248127.0,289
2026-08-28T11:35:00+0530,248168.0,248450.0,248000.0,248410.0,179
2026-08-28T11:40:00+0530,248411.0,248600.0,248381.0,248476.0,248
2026-08-28T11:45:00+0530,248400.0,249075.0,248400.0,248783.0,413
2026-08-28T11:50:00+0530,248805.0,248999.0,248776.0,248906.0,203
2026-08-28T11:55:00+0530,248857.0,249371.0,248814.0,249294.0,356
2026-08-28T12:00:00+0530,249267.0,249497.0,248800.0,248968.0,409
2026-08-28T12:05:00+0530,249010.0,249281.0,248981.0,249113.0,175
2026-08-28T12:10:00+0530,249175.0,249393.0,249011.0,249280.0,251
2026-08-28T12:15:00+0530,249278.0,250635.0,249247.0,250563.0,1328
2026-08-28T12:20:00+0530,250467.0,251186.0,250191.0,250959.0,1143
2026-08-28T12:25:00+0530,250965.0,251586.0,250901.0,251531.0,913
2026-08-28T12:30:00+0530,251580.0,251977.0,251257.0,251741.0,1111
2026-08-28T12:35:00+0530,251715.0,251842.0,250910.0,251151.0,589
2026-08-28T12:40:00+0530,251116.0,251800.0,251053.0,251541.0,509
2026-08-28T12:45:00+0530,251550.0,252479.0,251344.0,252222.0,1077
2026-08-28T12:50:00+0530,252251.0,252525.0,252200.0,252285.0,641
2026-08-28T12:55:00+0530,252340.0,252551.0,252235.0,252258.0,391
2026-08-28T13:00:00+0530,252383.0,253150.0,252315.0,253057.0,979
2026-08-28T13:05:00+0530,253130.0,253600.0,252801.0,252952.0,1090
2026-08-28T13:10:00+0530,253000.0,253000.0,252400.0,252613.0,489
2026-08-28T13:15:00+0530,252656.0,252884.0,252500.0,252705.0,270
2026-08-28T13:20:00+0530,252718.0,252858.0,252555.0,252803.0,298
2026-08-28T13:25:00+0530,252753.0,253000.0,252705.0,252953.0,221
2026-08-28T13:30:00+0530,252781.0,253078.0,252726.0,252771.0,316
2026-08-28T13:35:00+0530,252726.0,252840.0,252300.0,252730.0,261
2026-08-28T13:40:00+0530,252726.0,252759.0,252400.0,252601.0,228
2026-08-28T13:45:00+0530,252555.0,252601.0,252185.0,252238.0,465
2026-08-28T13:50:00+0530,252196.0,252800.0,252111.0,252799.0,240
2026-08-28T13:55:00+0530,252800.0,252800.0,252576.0,252576.0,103
2026-08-28T14:00:00+0530,252576.0,252742.0,252565.0,252630.0,87
2026-08-28T14:05:00+0530,252661.0,252737.0,252150.0,252150.0,134
2026-08-28T14:10:00+0530,252188.0,252274.0,251751.0,251751.0,263
2026-08-28T14:15:00+0530,251751.0,252144.0,251634.0,252100.0,363
2026-08-28T14:20:00+0530,252121.0,252700.0,252121.0,252406.0,215
2026-08-28T14:25:00+0530,252405.0,252453.0,251980.0,252000.0,154
2026-08-28T14:30:00+0530,252021.0,252394.0,251969.0,252375.0,91
2026-08-28T14:35:00+0530,252392.0,252487.0,252054.0,252054.0,83
2026-08-28T14:40:00+0530,252129.0,252189.0,252000.0,252140.0,113
2026-08-28T14:45:00+0530,252200.0,252340.0,251976.0,251976.0,71
2026-08-28T14:50:00+0530,252072.0,252423.0,251991.0,252397.0,71
2026-08-28T14:55:00+0530,252420.0,252420.0,252153.0,252227.0,87
2026-08-28T15:00:00+0530,252232.0,252399.0,252171.0,252300.0,80
2026-08-28T15:05:00+0530,252280.0,252421.0,252242.0,252400.0,92
2026-08-28T15:10:00+0530,252422.0,252759.0,252373.0,252527.0,233
2026-08-28T15:15:00+0530,252528.0,252600.0,252344.0,252383.0,199
2026-08-28T15:20:00+0530,252314.0,252536.0,252314.0,252533.0,137
2026-08-28T15:25:00+0530,252500.0,252500.0,252317.0,252397.0,129
2026-08-28T15:30:00+0530,252399.0,252560.0,252251.0,252550.0,186
2026-08-28T15:35:00+0530,252531.0,252950.0,252513.0,252941.0,224
2026-08-28T15:40:00+0530,252950.0,253082.0,252778.0,252950.0,205
2026-08-28T15:45:00+0530,252950.0,253000.0,252551.0,252593.0,187
2026-08-28T15:50:00+0530,252552.0,252690.0,252440.0,252550.0,153
2026-08-28T15:55:00+0530,252571.0,252642.0,252452.0,252642.0,74
2026-08-28T16:00:00+0530,252650.0,252715.0,252561.0,252688.0,60
2026-08-28T16:05:00+0530,252700.0,252740.0,252492.0,252550.0,45
2026-08-28T16:10:00+0530,252585.0,252599.0,252480.0,252549.0,42
2026-08-28T16:15:00+0530,252549.0,252599.0,252351.0,252353.0,92
2026-08-28T16:20:00+0530,252311.0,252365.0,252048.0,252365.0,248
2026-08-28T16:25:00+0530,252409.0,252545.0,252300.0,252545.0,92
2026-08-28T16:30:00+0530,252519.0,252519.0,252111.0,252272.0,201
2026-08-28T16:35:00+0530,252300.0,252374.0,252000.0,252063.0,130
2026-08-28T16:40:00+0530,252080.0,252299.0,252005.0,252299.0,104
2026-08-28T16:45:00+0530,252290.0,252563.0,252226.0,252509.0,98
2026-08-28T16:50:00+0530,252509.0,252537.0,252349.0,252480.0,77
2026-08-28T16:55:00+0530,252529.0,252537.0,252245.0,252333.0,109
2026-08-28T17:00:00+0530,252362.0,252446.0,252115.0,252235.0,83
2026-08-28T17:05:00+0530,252200.0,252235.0,252050.0,252195.0,105
2026-08-28T17:10:00+0530,252112.0,252292.0,252016.0,252292.0,91
2026-08-28T17:15:00+0530,252286.0,252606.0,252246.0,252500.0,195
2026-08-28T17:20:00+0530,252470.0,252470.0,252300.0,252325.0,80
2026-08-28T17:25:00+0530,252311.0,252400.0,252101.0,252257.0,185
2026-08-28T17:30:00+0530,252192.0,252672.0,252192.0,252607.0,240
2026-08-28T17:35:00+0530,252623.0,252940.0,252576.0,252900.0,289
2026-08-28T17:40:00+0530,252856.0,252940.0,252786.0,252798.0,123
2026-08-28T17:45:00+0530,252673.0,252802.0,252544.0,252773.0,127
2026-08-28T17:50:00+0530,252800.0,253391.0,252800.0,253311.0,512
2026-08-28T17:55:00+0530,253336.0,253800.0,253300.0,253339.0,745
2026-08-28T18:00:00+0530,253452.0,253639.0,253254.0,253414.0,343
2026-08-28T18:05:00+0530,253489.0,253489.0,252800.0,252889.0,365
2026-08-28T18:10:00+0530,252873.0,253159.0,252822.0,253159.0,164
2026-08-28T18:15:00+0530,253094.0,253402.0,253000.0,253305.0,264
2026-08-28T18:20:00+0530,253348.0,253555.0,253170.0,253270.0,191
2026-08-28T18:25:00+0530,253270.0,253690.0,253270.0,253612.0,269
2026-08-28T18:30:00+0530,253605.0,253800.0,253227.0,253373.0,343
2026-08-28T18:35:00+0530,253440.0,253650.0,253133.0,253133.0,235
2026-08-28T18:40:00+0530,253083.0,253500.0,253083.0,253451.0,209
2026-08-28T18:45:00+0530,253501.0,253540.0,253113.0,253254.0,96
2026-08-28T18:50:00+0530,253232.0,253232.0,252853.0,253135.0,212
2026-08-28T18:55:00+0530,253147.0,253586.0,253139.0,253479.0,233
2026-08-28T19:00:00+0530,253400.0,253443.0,252936.0,253140.0,293
2026-08-28T19:05:00+0530,253110.0,253350.0,253058.0,253199.0,126
2026-08-28T19:10:00+0530,253150.0,253298.0,252900.0,253258.0,226
2026-08-28T19:15:00+0530,253238.0,253695.0,253238.0,253523.0,567
2026-08-28T19:20:00+0530,253510.0,253678.0,253416.0,253617.0,194
2026-08-28T19:25:00+0530,253649.0,254350.0,253400.0,253400.0,797
2026-08-28T19:30:00+0530,253502.0,254450.0,251650.0,251650.0,2568
2026-08-28T19:35:00+0530,251798.0,252200.0,250257.0,251511.0,3250
2026-08-28T19:40:00+0530,251600.0,251600.0,250010.0,250111.0,1962
2026-08-28T19:45:00+0530,250132.0,251200.0,250112.0,250645.0,1109
2026-08-28T19:50:00+0530,250600.0,250905.0,249672.0,250200.0,1211
2026-08-28T19:55:00+0530,250100.0,250199.0,248378.0,249341.0,2337
2026-08-28T20:00:00+0530,249400.0,250626.0,249271.0,250550.0,1482
2026-08-28T20:05:00+0530,250558.0,251250.0,250241.0,250241.0,1140
2026-08-28T20:10:00+0530,250333.0,250642.0,250231.0,250360.0,417
2026-08-28T20:15:00+0530,250400.0,250556.0,250075.0,250300.0,284
2026-08-28T20:20:00+0530,250300.0,251260.0,250154.0,251203.0,502
2026-08-28T20:25:00+0530,251173.0,251600.0,250904.0,251277.0,794
2026-08-28T20:30:00+0530,251308.0,251550.0,251055.0,251425.0,419
2026-08-28T20:35:00+0530,251400.0,251400.0,251000.0,251062.0,202
2026-08-28T20:40:00+0530,251097.0,251100.0,250411.0,250546.0,458
2026-08-28T20:45:00+0530,250515.0,250978.0,250400.0,250422.0,295
2026-08-28T20:50:00+0530,250560.0,250771.0,250338.0,250771.0,161
2026-08-28T20:55:00+0530,250788.0,251135.0,250480.0,250571.0,244
2026-08-28T21:00:00+0530,250639.0,250767.0,250188.0,250301.0,221
2026-08-28T21:05:00+0530,250364.0,250760.0,250000.0,250044.0,392
2026-08-28T21:10:00+0530,250011.0,250011.0,249225.0,249517.0,960
2026-08-28T21:15:00+0530,249524.0,249728.0,249076.0,249188.0,496
2026-08-28T21:20:00+0530,249148.0,249655.0,249080.0,249333.0,382
2026-08-28T21:25:00+0530,249360.0,249435.0,247700.0,247880.0,2165
2026-08-28T21:30:00+0530,247800.0,248250.0,247555.0,247800.0,1074
2026-08-28T21:35:00+0530,247724.0,247803.0,247133.0,247150.0,1211
2026-08-28T21:40:00+0530,247036.0,247801.0,246724.0,246724.0,1379
2026-08-28T21:45:00+0530,246753.0,246969.0,245810.0,245868.0,1633
2026-08-28T21:50:00+0530,245732.0,245813.0,244244.0,244681.0,2423
2026-08-28T21:55:00+0530,244681.0,245791.0,244346.0,245215.0,1780
2026-08-28T22:00:00+0530,245188.0,245543.0,244005.0,244176.0,1431
2026-08-28T22:05:00+0530,244099.0,245162.0,244096.0,244809.0,1108
2026-08-28T22:10:00+0530,244839.0,244885.0,243375.0,243375.0,1467
2026-08-28T22:15:00+0530,243372.0,244780.0,243300.0,244780.0,948
2026-08-28T22:20:00+0530,244780.0,245187.0,244363.0,244491.0,843
2026-08-28T22:25:00+0530,244582.0,244777.0,244056.0,244550.0,587
2026-08-28T22:30:00+0530,244525.0,244775.0,244251.0,244688.0,333
2026-08-28T22:35:00+0530,244677.0,244798.0,244243.0,244299.0,469
2026-08-28T22:40:00+0530,244222.0,244279.0,243752.0,243989.0,599
2026-08-28T22:45:00+0530,244116.0,244550.0,244000.0,244542.0,577
2026-08-28T22:50:00+0530,244561.0,245200.0,244376.0,244605.0,607
2026-08-28T22:55:00+0530,244700.0,244816.0,244300.0,244561.0,266
2026-08-28T23:00:00+0530,244600.0,244700.0,244430.0,244678.0,207
2026-08-28T23:05:00+0530,244680.0,244877.0,244412.0,244415.0,238
2026-08-28T23:10:00+0530,244412.0,244462.0,243800.0,244123.0,666
2026-08-28T23:15:00+0530,244187.0,244398.0,244118.0,244289.0,470
2026-08-28T23:20:00+0530,244285.0,244498.0,244250.0,244400.0,445
2026-08-28T23:25:00+0530,244400.0,244468.0,244350.0,244395.0,561
2026-08-31T09:00:00+0530,242774.0,243016.0,240700.0,241184.0,1809
2026-08-31T09:05:00+0530,241112.0,241481.0,241079.0,241350.0,522
2026-08-31T09:10:00+0530,241364.0,241659.0,241232.0,241524.0,410
2026-08-31T09:15:00+0530,241500.0,241924.0,241408.0,241725.0,477
2026-08-31T09:20:00+0530,241769.0,241991.0,241571.0,241662.0,335
2026-08-31T09:25:00+0530,241662.0,241789.0,241630.0,241720.0,158
2026-08-31T09:30:00+0530,241729.0,241749.0,240853.0,241024.0,773
2026-08-31T09:35:00+0530,241081.0,241347.0,240834.0,241058.0,394
2026-08-31T09:40:00+0530,241061.0,241800.0,241040.0,241726.0,380
2026-08-31T09:45:00+0530,241750.0,241794.0,241615.0,241675.0,128
2026-08-31T09:50:00+0530,241647.0,241678.0,241319.0,241461.0,182
2026-08-31T09:55:00+0530,241468.0,241580.0,241223.0,241261.0,142
2026-08-31T10:00:00+0530,241222.0,241352.0,241000.0,241352.0,229
2026-08-31T10:05:00+0530,241354.0,241816.0,241354.0,241701.0,220
2026-08-31T10:10:00+0530,241715.0,241739.0,241300.0,241487.0,105
2026-08-31T10:15:00+0530,241487.0,241549.0,241425.0,241425.0,64
2026-08-31T10:20:00+0530,241444.0,241639.0,241444.0,241583.0,89
2026-08-31T10:25:00+0530,241621.0,241800.0,241502.0,241749.0,114
2026-08-31T10:30:00+0530,241744.0,242298.0,241654.0,242072.0,408
2026-08-31T10:35:00+0530,242076.0,242163.0,241750.0,241786.0,156
2026-08-31T10:40:00+0530,241860.0,242067.0,241815.0,242047.0,121
2026-08-31T10:45:00+0530,242050.0,242183.0,242000.0,242145.0,119
2026-08-31T10:50:00+0530,242147.0,242300.0,242089.0,242300.0,265
2026-08-31T10:55:00+0530,242338.0,242789.0,242268.0,242785.0,445
2026-08-31T11:00:00+0530,242801.0,242810.0,242012.0,242317.0,284
2026-08-31T11:05:00+0530,242322.0,242590.0,242322.0,242424.0,121
2026-08-31T11:10:00+0530,242439.0,242676.0,242254.0,242487.0,121
2026-08-31T11:15:00+0530,242457.0,242548.0,242350.0,242413.0,122
2026-08-31T11:20:00+0530,242350.0,242674.0,242267.0,242562.0,186
2026-08-31T11:25:00+0530,242625.0,242900.0,242506.0,242881.0,236
2026-08-31T11:30:00+0530,242899.0,242899.0,242300.0,242312.0,146
2026-08-31T11:35:00+0530,242377.0,242377.0,242025.0,242190.0,181
2026-08-31T11:40:00+0530,242240.0,242450.0,242160.0,242333.0,99
2026-08-31T11:45:00+0530,242305.0,242585.0,242217.0,242585.0,130
2026-08-31T11:50:00+0530,242588.0,242990.0,242507.0,242765.0,304
2026-08-31T11:55:00+0530,242777.0,242777.0,242580.0,242580.0,93
2026-08-31T12:00:00+0530,242550.0,242790.0,242318.0,242602.0,86
2026-08-31T12:05:00+0530,242571.0,242847.0,242571.0,242800.0,89
2026-08-31T12:10:00+0530,242889.0,242898.0,242601.0,242700.0,84
2026-08-31T12:15:00+0530,242697.0,243066.0,242697.0,243034.0,181
2026-08-31T12:20:00+0530,243086.0,243124.0,242800.0,242857.0,119
2026-08-31T12:25:00+0530,242898.0,242899.0,242823.0,242842.0,45
2026-08-31T12:30:00+0530,242898.0,243001.0,242883.0,243000.0,98
2026-08-31T12:35:00+0530,243000.0,243000.0,242750.0,242795.0,89
2026-08-31T12:40:00+0530,242754.0,242915.0,242664.0,242664.0,96
2026-08-31T12:45:00+0530,242682.0,242811.0,242582.0,242726.0,82
2026-08-31T12:50:00+0530,242726.0,243160.0,242680.0,243160.0,103
2026-08-31T12:55:00+0530,243101.0,243364.0,243011.0,243282.0,214
2026-08-31T13:00:00+0530,243242.0,243462.0,243125.0,243456.0,249
2026-08-31T13:05:00+0530,243467.0,243470.0,243168.0,243250.0,112
2026-08-31T13:10:00+0530,243326.0,243326.0,243125.0,243280.0,82
2026-08-31T13:15:00+0530,243231.0,243300.0,243115.0,243132.0,66
2026-08-31T13:20:00+0530,243103.0,243127.0,242961.0,243041.0,130
2026-08-31T13:25:00+0530,243054.0,243200.0,242730.0,243000.0,225
2026-08-31T13:30:00+0530,242950.0,243600.0,242950.0,243568.0,244
2026-08-31T13:35:00+0530,243512.0,243568.0,243182.0,243268.0,107
2026-08-31T13:40:00+0530,243300.0,243413.0,243161.0,243270.0,194
2026-08-31T13:45:00+0530,243187.0,243538.0,243149.0,243455.0,167
2026-08-31T13:50:00+0530,243500.0,243500.0,243201.0,243262.0,107
2026-08-31T13:55:00+0530,243272.0,243550.0,243247.0,243550.0,131
2026-08-31T14:00:00+0530,243433.0,243501.0,243259.0,243360.0,87
2026-08-31T14:05:00+0530,243301.0,243384.0,242950.0,242999.0,156
2026-08-31T14:10:00+0530,242978.0,242978.0,242670.0,242763.0,242
2026-08-31T14:15:00+0530,242764.0,243218.0,242764.0,243209.0,130
2026-08-31T14:20:00+0530,243200.0,243298.0,243034.0,243034.0,88
2026-08-31T14:25:00+0530,243052.0,243150.0,242938.0,242938.0,79
2026-08-31T14:30:00+0530,243056.0,243200.0,243056.0,243198.0,69
2026-08-31T14:35:00+0530,243190.0,243230.0,243043.0,243114.0,112
2026-08-31T14:40:00+0530,243182.0,243430.0,243182.0,243317.0,130
2026-08-31T14:45:00+0530,243394.0,243500.0,243325.0,243390.0,138
2026-08-31T14:50:00+0530,243395.0,243498.0,243329.0,243429.0,173
2026-08-31T14:55:00+0530,243448.0,243478.0,243200.0,243250.0,75
2026-08-31T15:00:00+0530,243285.0,243474.0,243270.0,243463.0,150
2026-08-31T15:05:00+0530,243461.0,243526.0,243221.0,243221.0,88
2026-08-31T15:10:00+0530,243230.0,243422.0,243230.0,243351.0,36
2026-08-31T15:15:00+0530,243351.0,243442.0,243351.0,243351.0,47
2026-08-31T15:20:00+0530,243352.0,243352.0,243200.0,243300.0,88
2026-08-31T15:25:00+0530,243294.0,243382.0,243246.0,243341.0,51
2026-08-31T15:30:00+0530,243427.0,243849.0,243394.0,243713.0,286
2026-08-31T15:35:00+0530,243737.0,244126.0,243639.0,243712.0,380
2026-08-31T15:40:00+0530,243713.0,243862.0,243668.0,243820.0,124
2026-08-31T15:45:00+0530,243800.0,243900.0,243621.0,243661.0,136
2026-08-31T15:50:00+0530,243634.0,243737.0,243603.0,243603.0,83
2026-08-31T15:55:00+0530,243612.0,243883.0,243593.0,243821.0,98
2026-08-31T16:00:00+0530,243890.0,243999.0,243762.0,243762.0,150
2026-08-31T16:05:00+0530,243782.0,243888.0,243767.0,243809.0,40
2026-08-31T16:10:00+0530,243848.0,243850.0,243777.0,243821.0,33
2026-08-31T16:15:00+0530,243800.0,243980.0,243800.0,243878.0,73
2026-08-31T16:20:00+0530,243909.0,244380.0,243908.0,244209.0,245
2026-08-31T16:25:00+0530,244302.0,244350.0,244001.0,244100.0,143
2026-08-31T16:30:00+0530,244100.0,244357.0,244058.0,244300.0,101
2026-08-31T16:35:00+0530,244282.0,244400.0,244225.0,244322.0,250
2026-08-31T16:40:00+0530,244322.0,244377.0,244055.0,244055.0,113
2026-08-31T16:45:00+0530,244055.0,244538.0,243953.0,244499.0,273
2026-08-31T16:50:00+0530,244469.0,244629.0,244325.0,244393.0,214
2026-08-31T16:55:00+0530,244364.0,244599.0,244300.0,244574.0,123
2026-08-31T17:00:00+0530,244600.0,244640.0,244182.0,244182.0,254
2026-08-31T17:05:00+0530,244155.0,244192.0,243452.0,243513.0,524
2026-08-31T17:10:00+0530,243513.0,244000.0,243513.0,243921.0,299
2026-08-31T17:15:00+0530,243916.0,243921.0,243550.0,243779.0,338
2026-08-31T17:20:00+0530,243900.0,244124.0,243900.0,244019.0,147
2026-08-31T17:25:00+0530,244019.0,244290.0,244019.0,244211.0,143
2026-08-31T17:30:00+0530,244170.0,244555.0,244170.0,244477.0,288
2026-08-31T17:35:00+0530,244473.0,244530.0,243933.0,244250.0,376
2026-08-31T17:40:00+0530,244263.0,244550.0,244150.0,244311.0,170
2026-08-31T17:45:00+0530,244352.0,244403.0,244033.0,244367.0,171
2026-08-31T17:50:00+0530,244316.0,244400.0,243900.0,244046.0,210
2026-08-31T17:55:00+0530,243980.0,243980.0,243522.0,243529.0,397
2026-08-31T18:00:00+0530,243617.0,243778.0,243238.0,243423.0,389
2026-08-31T18:05:00+0530,243429.0,243620.0,242863.0,242882.0,450
2026-08-31T18:10:00+0530,242809.0,243038.0,242450.0,242857.0,699
2026-08-31T18:15:00+0530,242819.0,242845.0,242300.0,242420.0,459
2026-08-31T18:20:00+0530,242451.0,242928.0,242435.0,242800.0,269
2026-08-31T18:25:00+0530,242718.0,242895.0,242499.0,242500.0,177
2026-08-31T18:30:00+0530,242433.0,242620.0,242078.0,242522.0,466
2026-08-31T18:35:00+0530,242533.0,243129.0,242431.0,243005.0,343
2026-08-31T18:40:00+0530,243005.0,243081.0,242844.0,243048.0,122
2026-08-31T18:45:00+0530,243080.0,243304.0,242629.0,242743.0,310
2026-08-31T18:50:00+0530,242700.0,242772.0,242525.0,242711.0,133
2026-08-31T18:55:00+0530,242711.0,243180.0,242711.0,242982.0,189
2026-08-31T19:00:00+0530,243053.0,243180.0,242437.0,242500.0,298
2026-08-31T19:05:00+0530,242491.0,242750.0,242205.0,242479.0,308
2026-08-31T19:10:00+0530,242364.0,242468.0,242156.0,242232.0,260
2026-08-31T19:15:00+0530,242160.0,242160.0,241546.0,241776.0,710
2026-08-31T19:20:00+0530,241817.0,242299.0,241629.0,242273.0,384
2026-08-31T19:25:00+0530,242273.0,242301.0,241904.0,241914.0,191
2026-08-31T19:30:00+0530,242000.0,242289.0,241890.0,242090.0,211
2026-08-31T19:35:00+0530,242144.0,242390.0,242032.0,242169.0,164
2026-08-31T19:40:00+0530,242145.0,242163.0,241705.0,241917.0,266
2026-08-31T19:45:00+0530,241882.0,242099.0,241750.0,241981.0,191
2026-08-31T19:50:00+0530,241993.0,241993.0,241456.0,241566.0,376
2026-08-31T19:55:00+0530,241532.0,241799.0,241400.0,241638.0,200
2026-08-31T20:00:00+0530,241589.0,241781.0,241500.0,241609.0,298
2026-08-31T20:05:00+0530,241655.0,242399.0,241655.0,242302.0,383
2026-08-31T20:10:00+0530,242300.0,242477.0,242168.0,242250.0,185
2026-08-31T20:15:00+0530,242293.0,242690.0,242055.0,242108.0,357
2026-08-31T20:20:00+0530,242031.0,242248.0,241871.0,242240.0,249
2026-08-31T20:25:00+0530,242089.0,242495.0,242089.0,242140.0,182
2026-08-31T20:30:00+0530,242114.0,242461.0,241845.0,241845.0,193
2026-08-31T20:35:00+0530,241803.0,242200.0,241803.0,242200.0,133
2026-08-31T20:40:00+0530,242146.0,242318.0,242100.0,242268.0,97
2026-08-31T20:45:00+0530,242270.0,242337.0,241875.0,241979.0,95
2026-08-31T20:50:00+0530,242038.0,242200.0,241864.0,242165.0,79
2026-08-31T20:55:00+0530,242165.0,242273.0,242007.0,242131.0,62
2026-08-31T21:00:00+0530,242248.0,242469.0,242137.0,242206.0,174
2026-08-31T21:05:00+0530,242151.0,242246.0,241942.0,242087.0,116
2026-08-31T21:10:00+0530,242050.0,242070.0,241800.0,241906.0,114
2026-08-31T21:15:00+0530,241965.0,242200.0,241900.0,242087.0,149
2026-08-31T21:20:00+0530,242096.0,242200.0,241777.0,241810.0,148
2026-08-31T21:25:00+0530,241822.0,241850.0,241531.0,241654.0,296
2026-08-31T21:30:00+0530,241693.0,242085.0,241528.0,241830.0,237
2026-08-31T21:35:00+0530,241873.0,242199.0,241871.0,241970.0,107
2026-08-31T21:40:00+0530,241984.0,242281.0,241984.0,242189.0,141
2026-08-31T21:45:00+0530,242189.0,242214.0,242100.0,242100.0,30
2026-08-31T21:50:00+0530,242113.0,242215.0,242027.0,242051.0,52
2026-08-31T21:55:00+0530,242067.0,242245.0,241930.0,242245.0,79
2026-08-31T22:00:00+0530,242266.0,242369.0,242091.0,242122.0,156
2026-08-31T22:05:00+0530,242138.0,242148.0,241850.0,241954.0,90
2026-08-31T22:10:00+0530,241998.0,242225.0,241951.0,242180.0,67
2026-08-31T22:15:00+0530,242148.0,242200.0,241910.0,242088.0,76
2026-08-31T22:20:00+0530,242127.0,242240.0,242072.0,242120.0,43
2026-08-31T22:25:00+0530,242139.0,242139.0,242000.0,242051.0,41
2026-08-31T22:30:00+0530,242100.0,242125.0,241922.0,241980.0,81
2026-08-31T22:35:00+0530,241995.0,242079.0,241967.0,242047.0,36
2026-08-31T22:40:00+0530,242047.0,242128.0,241994.0,242076.0,37
2026-08-31T22:45:00+0530,242050.0,242225.0,242032.0,242225.0,81
2026-08-31T22:50:00+0530,242225.0,242299.0,242001.0,242001.0,144
2026-08-31T22:55:00+0530,242001.0,242022.0,241830.0,241899.0,121
2026-08-31T23:00:00+0530,242000.0,242000.0,241825.0,241926.0,131
2026-08-31T23:05:00+0530,241960.0,242050.0,241901.0,241946.0,114
2026-08-31T23:10:00+0530,241989.0,242100.0,241946.0,242100.0,148
2026-08-31T23:15:00+0530,242096.0,242179.0,241918.0,242129.0,317
2026-08-31T23:20:00+0530,242052.0,242174.0,242031.0,242174.0,183
2026-08-31T23:25:00+0530,242174.0,242400.0,242101.0,242350.0,278
2026-09-01T09:00:00+0530,242963.0,243070.0,241996.0,242690.0,350
2026-09-01T09:05:00+0530,242696.0,242952.0,242633.0,242952.0,423
2026-09-01T09:10:00+0530,243005.0,243586.0,243005.0,243500.0,523
2026-09-01T09:15:00+0530,243550.0,243826.0,242959.0,243473.0,585
2026-09-01T09:20:00+0530,243439.0,243753.0,243300.0,243395.0,284
2026-09-01T09:25:00+0530,243300.0,243369.0,243040.0,243165.0,321
2026-09-01T09:30:00+0530,243171.0,243350.0,242855.0,242905.0,292
2026-09-01T09:35:00+0530,242915.0,243111.0,242500.0,242500.0,283
2026-09-01T09:40:00+0530,242500.0,242745.0,242417.0,242698.0,226
2026-09-01T09:45:00+0530,242681.0,242687.0,242222.0,242222.0,292
2026-09-01T09:50:00+0530,242223.0,242280.0,242013.0,242112.0,189
2026-09-01T09:55:00+0530,242134.0,242389.0,242071.0,242100.0,112
2026-09-01T10:00:00+0530,242100.0,242100.0,241509.0,241754.0,647
2026-09-01T10:05:00+0530,241850.0,241982.0,241678.0,241720.0,350
2026-09-01T10:10:00+0530,241720.0,241771.0,241510.0,241638.0,308
2026-09-01T10:15:00+0530,241581.0,242104.0,241567.0,241836.0,149
2026-09-01T10:20:00+0530,241836.0,242210.0,241800.0,242158.0,164
2026-09-01T10:25:00+0530,242215.0,242215.0,241769.0,241800.0,124
2026-09-01T10:30:00+0530,241825.0,242085.0,241798.0,242075.0,140
2026-09-01T10:35:00+0530,242053.0,242136.0,242000.0,242044.0,112
2026-09-01T10:40:00+0530,242022.0,242044.0,241728.0,241753.0,95
2026-09-01T10:45:00+0530,241754.0,241857.0,241536.0,241576.0,138
2026-09-01T10:50:00+0530,241613.0,241740.0,241521.0,241581.0,86
2026-09-01T10:55:00+0530,241529.0,241740.0,241525.0,241602.0,101
2026-09-01T11:00:00+0530,241495.0,242146.0,241237.0,242130.0,545
2026-09-01T11:05:00+0530,242101.0,243142.0,241970.0,242976.0,536
2026-09-01T11:10:00+0530,242955.0,243130.0,242663.0,243108.0,461
2026-09-01T11:15:00+0530,243110.0,243439.0,242837.0,243166.0,427
2026-09-01T11:20:00+0530,243148.0,243232.0,242821.0,243059.0,174
2026-09-01T11:25:00+0530,243069.0,243260.0,242646.0,242648.0,247
2026-09-01T11:30:00+0530,242694.0,242917.0,242608.0,242697.0,137
2026-09-01T11:35:00+0530,242700.0,242974.0,242670.0,242670.0,112
2026-09-01T11:40:00+0530,242712.0,242749.0,242525.0,242667.0,151
2026-09-01T11:45:00+0530,242610.0,242923.0,242508.0,242814.0,105
2026-09-01T11:50:00+0530,242814.0,242975.0,242699.0,242802.0,202
2026-09-01T11:55:00+0530,242792.0,242792.0,242000.0,242109.0,326
2026-09-01T12:00:00+0530,242100.0,242468.0,242075.0,242373.0,175
2026-09-01T12:05:00+0530,242428.0,242555.0,242352.0,242482.0,82
2026-09-01T12:10:00+0530,242463.0,242552.0,242400.0,242547.0,57
2026-09-01T12:15:00+0530,242444.0,242452.0,241900.0,242150.0,190
2026-09-01T12:20:00+0530,242090.0,242250.0,242010.0,242200.0,33
2026-09-01T12:25:00+0530,242210.0,242325.0,242210.0,242290.0,32
2026-09-01T12:30:00+0530,242359.0,242700.0,242225.0,242550.0,91
2026-09-01T12:35:00+0530,242550.0,242700.0,242400.0,242409.0,124
2026-09-01T12:40:00+0530,242409.0,242600.0,242360.0,242600.0,27
2026-09-01T12:45:00+0530,242600.0,242600.0,242324.0,242418.0,53
2026-09-01T12:50:00+0530,242353.0,242585.0,242243.0,242328.0,41
2026-09-01T12:55:00+0530,242300.0,242341.0,242100.0,242101.0,67
2026-09-01T13:00:00+0530,242100.0,242188.0,241811.0,242066.0,283
2026-09-01T13:05:00+0530,242053.0,242053.0,241156.0,241213.0,524
2026-09-01T13:10:00+0530,241041.0,241440.0,240751.0,241139.0,937
2026-09-01T13:15:00+0530,241142.0,241575.0,240844.0,241477.0,434
2026-09-01T13:20:00+0530,241577.0,241616.0,241245.0,241326.0,167
2026-09-01T13:25:00+0530,241396.0,241600.0,241370.0,241600.0,133
2026-09-01T13:30:00+0530,241594.0,241594.0,241051.0,241140.0,245
2026-09-01T13:35:00+0530,241109.0,241638.0,240200.0,240411.0,853
2026-09-01T13:40:00+0530,240313.0,240949.0,240014.0,240772.0,998
2026-09-01T13:45:00+0530,240800.0,240816.0,240133.0,240238.0,288
2026-09-01T13:50:00+0530,240232.0,240459.0,239300.0,239320.0,890
2026-09-01T13:55:00+0530,239370.0,239510.0,238836.0,238990.0,914
2026-09-01T14:00:00+0530,238894.0,238894.0,238000.0,238246.0,1548
2026-09-01T14:05:00+0530,238204.0,238340.0,237761.0,238100.0,965
2026-09-01T14:10:00+0530,238172.0,238799.0,237859.0,237944.0,842
2026-09-01T14:15:00+0530,237913.0,238411.0,237734.0,238253.0,732
2026-09-01T14:20:00+0530,238300.0,238362.0,237989.0,238342.0,349
2026-09-01T14:25:00+0530,238388.0,238495.0,237793.0,237793.0,388
2026-09-01T14:30:00+0530,237822.0,238118.0,237318.0,237810.0,823
2026-09-01T14:35:00+0530,237806.0,237837.0,237360.0,237537.0,515
2026-09-01T14:40:00+0530,237476.0,237828.0,237327.0,237828.0,398
2026-09-01T14:45:00+0530,237879.0,237897.0,237500.0,237742.0,377
2026-09-01T14:50:00+0530,237742.0,237992.0,237727.0,237934.0,341
2026-09-01T14:55:00+0530,237904.0,237995.0,237757.0,237862.0,197
2026-09-01T15:00:00+0530,237817.0,237817.0,237561.0,237688.0,342
2026-09-01T15:05:00+0530,237722.0,237725.0,237251.0,237469.0,479
2026-09-01T15:10:00+0530,237447.0,237905.0,237250.0,237905.0,418
2026-09-01T15:15:00+0530,237944.0,238151.0,237800.0,237800.0,329
2026-09-01T15:20:00+0530,237780.0,237946.0,237570.0,237910.0,181
2026-09-01T15:25:00+0530,237899.0,237998.0,237539.0,237570.0,247
2026-09-01T15:30:00+0530,237569.0,237900.0,237467.0,237659.0,241
2026-09-01T15:35:00+0530,237781.0,237978.0,237628.0,237920.0,149
2026-09-01T15:40:00+0530,237898.0,238843.0,237875.0,238765.0,785
2026-09-01T15:45:00+0530,238774.0,239340.0,238774.0,239001.0,717
2026-09-01T15:50:00+0530,239000.0,239437.0,238854.0,239120.0,480
2026-09-01T15:55:00+0530,239150.0,239150.0,238888.0,239100.0,225
2026-09-01T16:00:00+0530,239096.0,239153.0,238912.0,239000.0,199
2026-09-01T16:05:00+0530,239000.0,239155.0,238900.0,239102.0,162
2026-09-01T16:10:00+0530,239060.0,239089.0,238650.0,238667.0,150
2026-09-01T16:15:00+0530,238650.0,238799.0,238402.0,238676.0,355
2026-09-01T16:20:00+0530,238554.0,238610.0,238284.0,238494.0,233
2026-09-01T16:25:00+0530,238527.0,238700.0,238478.0,238500.0,111
2026-09-01T16:30:00+0530,238471.0,238630.0,238324.0,238623.0,104
2026-09-01T16:35:00+0530,238627.0,238776.0,238335.0,238696.0,193
2026-09-01T16:40:00+0530,238747.0,238770.0,238353.0,238371.0,150
2026-09-01T16:45:00+0530,238323.0,238459.0,238173.0,238249.0,187
2026-09-01T16:50:00+0530,238219.0,238608.0,238202.0,238277.0,122
2026-09-01T16:55:00+0530,238301.0,238400.0,238087.0,238395.0,186
2026-09-01T17:00:00+0530,238350.0,238480.0,238253.0,238355.0,124
2026-09-01T17:05:00+0530,238314.0,238581.0,238283.0,238511.0,90
2026-09-01T17:10:00+0530,238516.0,238633.0,238516.0,238624.0,68
2026-09-01T17:15:00+0530,238633.0,239000.0,238600.0,238974.0,192
2026-09-01T17:20:00+0530,238965.0,238973.0,238371.0,238400.0,190
2026-09-01T17:25:00+0530,238377.0,238400.0,238052.0,238366.0,200
2026-09-01T17:30:00+0530,238400.0,238421.0,238104.0,238243.0,78
2026-09-01T17:35:00+0530,238243.0,238498.0,238217.0,238425.0,66
2026-09-01T17:40:00+0530,238400.0,238400.0,237727.0,238220.0,407
2026-09-01T17:45:00+0530,238236.0,238424.0,238185.0,238185.0,137
2026-09-01T17:50:00+0530,238139.0,238163.0,237903.0,238050.0,166
2026-09-01T17:55:00+0530,238100.0,238780.0,238100.0,238400.0,265
2026-09-01T18:00:00+0530,238360.0,238750.0,238109.0,238111.0,272
2026-09-01T18:05:00+0530,238000.0,238252.0,237570.0,238049.0,607
2026-09-01T18:10:00+0530,238032.0,238486.0,237851.0,238465.0,191
2026-09-01T18:15:00+0530,238495.0,238693.0,238238.0,238403.0,278
2026-09-01T18:20:00+0530,238351.0,238465.0,238280.0,238398.0,108
2026-09-01T18:25:00+0530,238393.0,238449.0,237813.0,237870.0,213
2026-09-01T18:30:00+0530,237988.0,238162.0,237310.0,237512.0,771
2026-09-01T18:35:00+0530,237500.0,237659.0,237075.0,237179.0,791
2026-09-01T18:40:00+0530,237146.0,237450.0,236777.0,236813.0,777
2026-09-01T18:45:00+0530,236804.0,237167.0,236700.0,237154.0,462
2026-09-01T18:50:00+0530,237104.0,237240.0,236910.0,237048.0,339
2026-09-01T18:55:00+0530,237047.0,237700.0,237026.0,237690.0,378
2026-09-01T19:00:00+0530,237590.0,238000.0,237314.0,238000.0,362
2026-09-01T19:05:00+0530,237959.0,237963.0,237500.0,237700.0,301
2026-09-01T19:10:00+0530,237700.0,237900.0,237400.0,237900.0,266
2026-09-01T19:15:00+0530,237789.0,237950.0,237505.0,237779.0,202
2026-09-01T19:20:00+0530,237882.0,237882.0,237322.0,237339.0,172
2026-09-01T19:25:00+0530,237400.0,238100.0,237383.0,237957.0,208
2026-09-01T19:30:00+0530,237991.0,238275.0,237519.0,237610.0,383
2026-09-01T19:35:00+0530,237701.0,238493.0,237701.0,238430.0,367
2026-09-01T19:40:00+0530,238395.0,238484.0,238103.0,238438.0,255
2026-09-01T19:45:00+0530,238455.0,238929.0,238372.0,238600.0,571
2026-09-01T19:50:00+0530,238600.0,238973.0,238550.0,238846.0,232
2026-09-01T19:55:00+0530,238870.0,238938.0,238352.0,238451.0,225
2026-09-01T20:00:00+0530,238452.0,238750.0,238400.0,238750.0,136
2026-09-01T20:05:00+0530,238750.0,238866.0,238147.0,238155.0,208
2026-09-01T20:10:00+0530,238151.0,238347.0,238147.0,238255.0,121
2026-09-01T20:15:00+0530,238315.0,238434.0,237868.0,237900.0,226
2026-09-01T20:20:00+0530,237900.0,238030.0,237653.0,237780.0,308
2026-09-01T20:25:00+0530,237799.0,237964.0,237550.0,237960.0,238
2026-09-01T20:30:00+0530,237960.0,238250.0,237705.0,237803.0,142
2026-09-01T20:35:00+0530,237800.0,237977.0,237800.0,237950.0,81
2026-09-01T20:40:00+0530,237900.0,238161.0,237871.0,238050.0,83
2026-09-01T20:45:00+0530,238050.0,238498.0,237948.0,238300.0,208
2026-09-01T20:50:00+0530,238300.0,238611.0,238300.0,238349.0,141
2026-09-01T20:55:00+0530,238269.0,238414.0,238100.0,238414.0,99
2026-09-01T21:00:00+0530,238413.0,238598.0,238194.0,238453.0,223
2026-09-01T21:05:00+0530,238420.0,238479.0,238316.0,238400.0,69
2026-09-01T21:10:00+0530,238400.0,238744.0,238395.0,238664.0,141
2026-09-01T21:15:00+0530,238750.0,238796.0,238622.0,238711.0,145
2026-09-01T21:20:00+0530,238699.0,239160.0,238672.0,239029.0,448
2026-09-01T21:25:00+0530,239040.0,239074.0,238634.0,238890.0,168
2026-09-01T21:30:00+0530,238843.0,239222.0,238843.0,239151.0,236
2026-09-01T21:35:00+0530,239190.0,239435.0,239000.0,239033.0,441
2026-09-01T21:40:00+0530,239023.0,239110.0,238608.0,238696.0,279
2026-09-01T21:45:00+0530,238665.0,238797.0,238251.0,238367.0,371
2026-09-01T21:50:00+0530,238335.0,238450.0,238200.0,238410.0,252
2026-09-01T21:55:00+0530,238410.0,238450.0,238015.0,238100.0,352
2026-09-01T22:00:00+0530,238032.0,238112.0,237750.0,237858.0,323
2026-09-01T22:05:00+0530,237858.0,238236.0,237800.0,238236.0,259
2026-09-01T22:10:00+0530,238213.0,238294.0,237901.0,238004.0,169
2026-09-01T22:15:00+0530,238036.0,238284.0,238036.0,238265.0,90
2026-09-01T22:20:00+0530,238265.0,238317.0,238177.0,238186.0,104
2026-09-01T22:25:00+0530,238150.0,238243.0,237902.0,237902.0,109
2026-09-01T22:30:00+0530,237947.0,238009.0,237596.0,237609.0,261
2026-09-01T22:35:00+0530,237650.0,237776.0,237503.0,237715.0,305
2026-09-01T22:40:00+0530,237746.0,237862.0,237515.0,237685.0,252
2026-09-01T22:45:00+0530,237670.0,237726.0,237387.0,237620.0,390
2026-09-01T22:50:00+0530,237586.0,237750.0,237403.0,237750.0,231
2026-09-01T22:55:00+0530,237746.0,237865.0,237508.0,237851.0,250
2026-09-01T23:00:00+0530,237834.0,237878.0,237550.0,237606.0,140
2026-09-01T23:05:00+0530,237654.0,238100.0,237615.0,237950.0,290
2026-09-01T23:10:00+0530,237998.0,238009.0,237601.0,237644.0,142
2026-09-01T23:15:00+0530,237643.0,237650.0,237524.0,237531.0,221
2026-09-01T23:20:00+0530,237525.0,237650.0,237505.0,237585.0,232
2026-09-01T23:25:00+0530,237591.0,237619.0,237237.0,237460.0,488
2026-09-02T09:00:00+0530,234841.0,235190.0,234208.0,234363.0,1922
2026-09-02T09:05:00+0530,234372.0,234600.0,234024.0,234551.0,727
2026-09-02T09:10:00+0530,234598.0,234598.0,234150.0,234262.0,353
2026-09-02T09:15:00+0530,234270.0,234887.0,234229.0,234792.0,470
2026-09-02T09:20:00+0530,234775.0,234775.0,234100.0,234456.0,379
2026-09-02T09:25:00+0530,234500.0,234648.0,234435.0,234473.0,253
2026-09-02T09:30:00+0530,234472.0,234823.0,234411.0,234820.0,344
2026-09-02T09:35:00+0530,234780.0,234840.0,234550.0,234601.0,192
2026-09-02T09:40:00+0530,234600.0,234791.0,234426.0,234587.0,143
2026-09-02T09:45:00+0530,234587.0,234682.0,234500.0,234600.0,100
2026-09-02T09:50:00+0530,234599.0,234600.0,234500.0,234599.0,47
2026-09-02T09:55:00+0530,234500.0,234579.0,234201.0,234280.0,176
2026-09-02T10:00:00+0530,234280.0,234500.0,234209.0,234430.0,189
2026-09-02T10:05:00+0530,234420.0,234459.0,234327.0,234392.0,104
2026-09-02T10:10:00+0530,234394.0,234435.0,234300.0,234428.0,69
2026-09-02T10:15:00+0530,234426.0,234491.0,234300.0,234426.0,81
2026-09-02T10:20:00+0530,234461.0,234750.0,234451.0,234688.0,206
2026-09-02T10:25:00+0530,234688.0,234890.0,234684.0,234890.0,135
2026-09-02T10:30:00+0530,234870.0,235074.0,234832.0,234991.0,351
2026-09-02T10:35:00+0530,235039.0,235070.0,234568.0,234568.0,131
2026-09-02T10:40:00+0530,234578.0,235079.0,234577.0,235020.0,128
2026-09-02T10:45:00+0530,235092.0,235484.0,235039.0,235200.0,395
2026-09-02T10:50:00+0530,235200.0,235200.0,234936.0,235150.0,161
2026-09-02T10:55:00+0530,235150.0,235485.0,235113.0,235485.0,120
2026-09-02T11:00:00+0530,235486.0,236293.0,235460.0,235981.0,868
2026-09-02T11:05:00+0530,235958.0,236071.0,235380.0,235398.0,323
2026-09-02T11:10:00+0530,235398.0,235755.0,235398.0,235735.0,127
2026-09-02T11:15:00+0530,235799.0,236089.0,235661.0,236089.0,217
2026-09-02T11:20:00+0530,236093.0,236093.0,235450.0,235526.0,156
2026-09-02T11:25:00+0530,235518.0,235800.0,235474.0,235612.0,105
2026-09-02T11:30:00+0530,235631.0,235709.0,235371.0,235390.0,152
2026-09-02T11:35:00+0530,235366.0,235603.0,235122.0,235603.0,211
2026-09-02T11:40:00+0530,235570.0,235973.0,235472.0,235961.0,135
2026-09-02T11:45:00+0530,235908.0,236179.0,235655.0,235751.0,248
2026-09-02T11:50:00+0530,235808.0,235808.0,235450.0,235692.0,77
2026-09-02T11:55:00+0530,235692.0,235836.0,235487.0,235487.0,57
2026-09-02T12:00:00+0530,235462.0,235525.0,235199.0,235406.0,157
2026-09-02T12:05:00+0530,235425.0,235668.0,235300.0,235657.0,115
2026-09-02T12:10:00+0530,235693.0,235949.0,235688.0,235718.0,150
2026-09-02T12:15:00+0530,235799.0,235813.0,235406.0,235440.0,106
2026-09-02T12:20:00+0530,235335.0,235440.0,235229.0,235371.0,110
2026-09-02T12:25:00+0530,235397.0,235739.0,235371.0,235655.0,80
2026-09-02T12:30:00+0530,235655.0,235980.0,235655.0,235858.0,145
2026-09-02T12:35:00+0530,235904.0,235990.0,235722.0,235950.0,78
2026-09-02T12:40:00+0530,235950.0,236223.0,235726.0,235792.0,249
2026-09-02T12:45:00+0530,235666.0,235986.0,235666.0,235986.0,89
2026-09-02T12:50:00+0530,235950.0,236031.0,235820.0,235947.0,62
2026-09-02T12:55:00+0530,235947.0,235947.0,235690.0,235795.0,68
2026-09-02T13:00:00+0530,235795.0,235963.0,235600.0,235879.0,112
2026-09-02T13:05:00+0530,235891.0,235990.0,235796.0,235863.0,122
2026-09-02T13:10:00+0530,235835.0,235876.0,235741.0,235811.0,43
2026-09-02T13:15:00+0530,235811.0,235919.0,235805.0,235890.0,65
2026-09-02T13:20:00+0530,235859.0,235890.0,235681.0,235890.0,88
2026-09-02T13:25:00+0530,235804.0,235883.0,235800.0,235831.0,51
2026-09-02T13:30:00+0530,235821.0,235957.0,235821.0,235939.0,53
2026-09-02T13:35:00+0530,235857.0,236050.0,235812.0,235998.0,74
2026-09-02T13:40:00+0530,236050.0,236249.0,236013.0,236013.0,128
2026-09-02T13:45:00+0530,236050.0,236139.0,235798.0,235798.0,141
2026-09-02T13:50:00+0530,235751.0,235839.0,235651.0,235809.0,103
2026-09-02T13:55:00+0530,235800.0,235800.0,235700.0,235791.0,56
2026-09-02T14:00:00+0530,235770.0,235830.0,235512.0,235550.0,128
2026-09-02T14:05:00+0530,235524.0,235899.0,235400.0,235852.0,166
2026-09-02T14:10:00+0530,235840.0,235885.0,235562.0,235686.0,62
2026-09-02T14:15:00+0530,235663.0,235683.0,235555.0,235683.0,49
2026-09-02T14:20:00+0530,235661.0,235661.0,234934.0,234954.0,306
2026-09-02T14:25:00+0530,234930.0,235290.0,234888.0,235059.0,307
2026-09-02T14:30:00+0530,235049.0,235350.0,234904.0,235350.0,110
2026-09-02T14:35:00+0530,235497.0,235717.0,235370.0,235414.0,132
2026-09-02T14:40:00+0530,235400.0,235404.0,235167.0,235167.0,77
2026-09-02T14:45:00+0530,235167.0,235343.0,235167.0,235288.0,32
2026-09-02T14:50:00+0530,235272.0,235272.0,234889.0,234973.0,130
2026-09-02T14:55:00+0530,234907.0,235062.0,234711.0,234969.0,226
2026-09-02T15:00:00+0530,234998.0,234998.0,234637.0,234812.0,120
2026-09-02T15:05:00+0530,234906.0,234940.0,234755.0,234906.0,95
2026-09-02T15:10:00+0530,234925.0,234990.0,234800.0,234884.0,91
2026-09-02T15:15:00+0530,234885.0,234993.0,234830.0,234868.0,71
2026-09-02T15:20:00+0530,234898.0,234898.0,234700.0,234766.0,100
2026-09-02T15:25:00+0530,234810.0,234985.0,234810.0,234983.0,86
2026-09-02T15:30:00+0530,234980.0,235170.0,234829.0,234835.0,109
2026-09-02T15:35:00+0530,234835.0,234835.0,234555.0,234750.0,150
2026-09-02T15:40:00+0530,234767.0,235064.0,234700.0,234985.0,83
2026-09-02T15:45:00+0530,234943.0,235194.0,234943.0,235058.0,91
2026-09-02T15:50:00+0530,235111.0,235422.0,235111.0,235279.0,192
2026-09-02T15:55:00+0530,235295.0,235295.0,235157.0,235157.0,67
2026-09-02T16:00:00+0530,235240.0,235270.0,234920.0,235020.0,80
2026-09-02T16:05:00+0530,235050.0,235100.0,234857.0,234863.0,68
2026-09-02T16:10:00+0530,234871.0,235056.0,234833.0,235056.0,55
2026-09-02T16:15:00+0530,235001.0,235099.0,235001.0,235099.0,76
2026-09-02T16:20:00+0530,235099.0,235099.0,234750.0,234912.0,102
2026-09-02T16:25:00+0530,234889.0,235075.0,234871.0,235023.0,48
2026-09-02T16:30:00+0530,235023.0,235238.0,234960.0,235200.0,134
2026-09-02T16:35:00+0530,235210.0,235354.0,235062.0,235291.0,181
2026-09-02T16:40:00+0530,235372.0,235891.0,235354.0,235891.0,328
2026-09-02T16:45:00+0530,235815.0,235890.0,235457.0,235666.0,355
2026-09-02T16:50:00+0530,235662.0,235800.0,235628.0,235671.0,132
2026-09-02T16:55:00+0530,235672.0,235785.0,235485.0,235698.0,112
2026-09-02T17:00:00+0530,235632.0,236488.0,235632.0,236415.0,622
2026-09-02T17:05:00+0530,236400.0,236950.0,236390.0,236809.0,731
2026-09-02T17:10:00+0530,236883.0,236979.0,236259.0,236476.0,544
2026-09-02T17:15:00+0530,236497.0,236800.0,236475.0,236733.0,294
2026-09-02T17:20:00+0530,236700.0,237200.0,236563.0,237164.0,349
2026-09-02T17:25:00+0530,237129.0,237347.0,236755.0,237058.0,557
2026-09-02T17:30:00+0530,237051.0,237365.0,236900.0,237294.0,622
2026-09-02T17:35:00+0530,237294.0,237550.0,237063.0,237174.0,388
2026-09-02T17:40:00+0530,237232.0,237249.0,236728.0,236942.0,224
2026-09-02T17:45:00+0530,237012.0,237100.0,236675.0,236712.0,200
2026-09-02T17:50:00+0530,236675.0,237821.0,236453.0,237800.0,1058
2026-09-02T17:55:00+0530,237789.0,238201.0,237378.0,237684.0,840
2026-09-02T18:00:00+0530,237694.0,238009.0,237195.0,237195.0,436
2026-09-02T18:05:00+0530,237200.0,237459.0,236900.0,237459.0,325
2026-09-02T18:10:00+0530,237500.0,237500.0,237050.0,237286.0,185
2026-09-02T18:15:00+0530,237300.0,237380.0,237000.0,237287.0,225
2026-09-02T18:20:00+0530,237290.0,237300.0,236800.0,236900.0,209
2026-09-02T18:25:00+0530,236923.0,236923.0,236442.0,236500.0,441
2026-09-02T18:30:00+0530,236531.0,237412.0,236438.0,237230.0,522
2026-09-02T18:35:00+0530,237300.0,237750.0,237250.0,237695.0,374
2026-09-02T18:40:00+0530,237725.0,237725.0,237264.0,237534.0,281
2026-09-02T18:45:00+0530,237475.0,237637.0,237364.0,237616.0,112
2026-09-02T18:50:00+0530,237600.0,237750.0,237500.0,237749.0,185
2026-09-02T18:55:00+0530,237750.0,238083.0,237680.0,237947.0,429
2026-09-02T19:00:00+0530,237947.0,238900.0,237947.0,238711.0,1308
2026-09-02T19:05:00+0530,238736.0,238864.0,238403.0,238700.0,564
2026-09-02T19:10:00+0530,238779.0,239290.0,238478.0,239238.0,667
2026-09-02T19:15:00+0530,239290.0,239315.0,238253.0,238253.0,861
2026-09-02T19:20:00+0530,238306.0,239049.0,238306.0,238951.0,395
2026-09-02T19:25:00+0530,238916.0,238950.0,238603.0,238950.0,228
2026-09-02T19:30:00+0530,238993.0,239115.0,238635.0,239100.0,481
2026-09-02T19:35:00+0530,239119.0,239490.0,239001.0,239142.0,639
2026-09-02T19:40:00+0530,239070.0,239225.0,238701.0,238800.0,403
2026-09-02T19:45:00+0530,238818.0,238947.0,238606.0,238944.0,254
2026-09-02T19:50:00+0530,238966.0,239296.0,238750.0,238806.0,288
2026-09-02T19:55:00+0530,238821.0,238947.0,238619.0,238876.0,190
2026-09-02T20:00:00+0530,238770.0,238957.0,238619.0,238677.0,263
2026-09-02T20:05:00+0530,238690.0,238750.0,238630.0,238718.0,116
2026-09-02T20:10:00+0530,238696.0,238888.0,238639.0,238828.0,153
2026-09-02T20:15:00+0530,238775.0,238830.0,238217.0,238400.0,323
2026-09-02T20:20:00+0530,238415.0,238415.0,237900.0,238155.0,492
2026-09-02T20:25:00+0530,238135.0,238300.0,238108.0,238240.0,152
2026-09-02T20:30:00+0530,238240.0,238704.0,238183.0,238640.0,357
2026-09-02T20:35:00+0530,238566.0,238834.0,238302.0,238437.0,209
2026-09-02T20:40:00+0530,238436.0,238514.0,238100.0,238100.0,134
2026-09-02T20:45:00+0530,238100.0,238117.0,237855.0,237982.0,238
2026-09-02T20:50:00+0530,237982.0,238083.0,237709.0,238000.0,454
2026-09-02T20:55:00+0530,237993.0,238325.0,237962.0,238309.0,158
2026-09-02T21:00:00+0530,238345.0,238496.0,238238.0,238382.0,205
2026-09-02T21:05:00+0530,238400.0,238468.0,238169.0,238335.0,232
2026-09-02T21:10:00+0530,238345.0,238428.0,237829.0,237829.0,258
2026-09-02T21:15:00+0530,237810.0,238099.0,237710.0,237960.0,271
2026-09-02T21:20:00+0530,237959.0,237973.0,237826.0,237919.0,46
2026-09-02T21:25:00+0530,237918.0,238350.0,237899.0,238349.0,226
2026-09-02T21:30:00+0530,238300.0,238380.0,238138.0,238364.0,181
2026-09-02T21:35:00+0530,238361.0,238379.0,238100.0,238361.0,127
2026-09-02T21:40:00+0530,238310.0,238365.0,238227.0,238300.0,35
2026-09-02T21:45:00+0530,238299.0,238299.0,238012.0,238095.0,137
2026-09-02T21:50:00+0530,238032.0,238142.0,237986.0,238140.0,68
2026-09-02T21:55:00+0530,238090.0,238150.0,238055.0,238092.0,42
2026-09-02T22:00:00+0530,238059.0,238278.0,238033.0,238054.0,77
2026-09-02T22:05:00+0530,238049.0,238093.0,237931.0,238076.0,67
2026-09-02T22:10:00+0530,238076.0,238076.0,237780.0,237780.0,121
2026-09-02T22:15:00+0530,237750.0,237750.0,237450.0,237681.0,552
2026-09-02T22:20:00+0530,237641.0,238092.0,237532.0,238000.0,251
2026-09-02T22:25:00+0530,238000.0,238060.0,237865.0,238060.0,111
2026-09-02T22:30:00+0530,238060.0,238300.0,238041.0,238200.0,374
2026-09-02T22:35:00+0530,238214.0,238214.0,237980.0,238050.0,95
2026-09-02T22:40:00+0530,238020.0,238070.0,237769.0,237928.0,294
2026-09-02T22:45:00+0530,237912.0,237967.0,237500.0,237720.0,176
2026-09-02T22:50:00+0530,237662.0,237816.0,237630.0,237777.0,121
2026-09-02T22:55:00+0530,237811.0,238150.0,237773.0,238150.0,176
2026-09-02T23:00:00+0530,238150.0,238292.0,238051.0,238051.0,140
2026-09-02T23:05:00+0530,238050.0,238073.0,237908.0,237965.0,105
2026-09-02T23:10:00+0530,237965.0,238490.0,237911.0,238414.0,425
2026-09-02T23:15:00+0530,238402.0,238517.0,238359.0,238420.0,369
2026-09-02T23:20:00+0530,238360.0,238500.0,238360.0,238490.0,247
2026-09-02T23:25:00+0530,238450.0,238809.0,238450.0,238769.0,439
2026-09-03T09:00:00+0530,238988.0,240699.0,239812.0,240370.0,1422
2026-09-03T09:05:00+0530,240301.0,240450.0,240022.0,240450.0,458
2026-09-03T09:10:00+0530,240424.0,240490.0,240118.0,240157.0,353
2026-09-03T09:15:00+0530,240164.0,240297.0,240000.0,240271.0,321
2026-09-03T09:20:00+0530,240289.0,240679.0,240217.0,240676.0,447
2026-09-03T09:25:00+0530,240689.0,240989.0,240595.0,240903.0,462
2026-09-03T09:30:00+0530,240929.0,241000.0,240543.0,240550.0,327
2026-09-03T09:35:00+0530,240550.0,240970.0,240450.0,240836.0,367
2026-09-03T09:40:00+0530,240817.0,240949.0,240650.0,240650.0,146
2026-09-03T09:45:00+0530,240661.0,240703.0,240600.0,240600.0,111
2026-09-03T09:50:00+0530,240574.0,240805.0,240555.0,240804.0,68
2026-09-03T09:55:00+0530,240804.0,241188.0,240804.0,241188.0,288
2026-09-03T10:00:00+0530,241182.0,241294.0,241011.0,241270.0,355
2026-09-03T10:05:00+0530,241268.0,241579.0,241216.0,241557.0,319
2026-09-03T10:10:00+0530,241500.0,241572.0,241210.0,241381.0,257
2026-09-03T10:15:00+0530,241381.0,241500.0,241210.0,241221.0,157
2026-09-03T10:20:00+0530,241231.0,241308.0,240905.0,241101.0,195
2026-09-03T10:25:00+0530,241104.0,241140.0,240910.0,240986.0,219
2026-09-03T10:30:00+0530,241017.0,241269.0,240526.0,240636.0,313
2026-09-03T10:35:00+0530,240600.0,240619.0,240346.0,240466.0,289
2026-09-03T10:40:00+0530,240500.0,240815.0,240500.0,240603.0,180
2026-09-03T10:45:00+0530,240640.0,240640.0,240300.0,240309.0,205
2026-09-03T10:50:00+0530,240290.0,240308.0,239870.0,240109.0,505
2026-09-03T10:55:00+0530,240150.0,240259.0,239827.0,240008.0,288
2026-09-03T11:00:00+0530,239964.0,240629.0,239725.0,240393.0,517
2026-09-03T11:05:00+0530,240400.0,240540.0,240000.0,240105.0,188
2026-09-03T11:10:00+0530,240044.0,240287.0,239914.0,240249.0,105
2026-09-03T11:15:00+0530,240208.0,240525.0,240094.0,240469.0,128
2026-09-03T11:20:00+0530,240511.0,240729.0,240439.0,240460.0,179
2026-09-03T11:25:00+0530,240439.0,240633.0,240334.0,240438.0,107
2026-09-03T11:30:00+0530,240457.0,240538.0,240340.0,240477.0,93
2026-09-03T11:35:00+0530,240477.0,241005.0,240400.0,240996.0,304
2026-09-03T11:40:00+0530,240999.0,241000.0,240508.0,240552.0,89
2026-09-03T11:45:00+0530,240566.0,240700.0,240423.0,240500.0,89
2026-09-03T11:50:00+0530,240490.0,240550.0,240028.0,240050.0,225
2026-09-03T11:55:00+0530,240055.0,240389.0,240018.0,240245.0,97
2026-09-03T12:00:00+0530,240270.0,240401.0,240201.0,240256.0,58
2026-09-03T12:05:00+0530,240250.0,240420.0,240205.0,240253.0,59
2026-09-03T12:10:00+0530,240315.0,240398.0,240315.0,240360.0,23
2026-09-03T12:15:00+0530,240385.0,240468.0,240326.0,240450.0,44
2026-09-03T12:20:00+0530,240418.0,240450.0,240143.0,240143.0,63
2026-09-03T12:25:00+0530,240143.0,240163.0,239805.0,239850.0,266
2026-09-03T12:30:00+0530,239889.0,240505.0,239648.0,240505.0,353
2026-09-03T12:35:00+0530,240485.0,240505.0,240100.0,240305.0,97
2026-09-03T12:40:00+0530,240281.0,240394.0,240188.0,240300.0,49
2026-09-03T12:45:00+0530,240311.0,240450.0,240200.0,240450.0,64
2026-09-03T12:50:00+0530,240468.0,240543.0,240308.0,240431.0,104
2026-09-03T12:55:00+0530,240499.0,240522.0,240250.0,240426.0,59
2026-09-03T13:00:00+0530,240450.0,240632.0,240436.0,240632.0,115
2026-09-03T13:05:00+0530,240712.0,240743.0,240368.0,240575.0,130
2026-09-03T13:10:00+0530,240499.0,240689.0,240322.0,240322.0,93
2026-09-03T13:15:00+0530,240321.0,240448.0,240268.0,240342.0,76
2026-09-03T13:20:00+0530,240351.0,240603.0,240251.0,240600.0,78
2026-09-03T13:25:00+0530,240589.0,240589.0,240406.0,240410.0,31
2026-09-03T13:30:00+0530,240360.0,240931.0,240323.0,240770.0,274
2026-09-03T13:35:00+0530,240800.0,241080.0,240650.0,240650.0,376
2026-09-03T13:40:00+0530,240676.0,240699.0,240505.0,240505.0,90
2026-09-03T13:45:00+0530,240500.0,240820.0,240413.0,240788.0,127
2026-09-03T13:50:00+0530,240817.0,240840.0,240500.0,240547.0,74
2026-09-03T13:55:00+0530,240581.0,240671.0,240498.0,240501.0,47
2026-09-03T14:00:00+0530,240544.0,240697.0,240544.0,240697.0,48
2026-09-03T14:05:00+0530,240654.0,240654.0,240444.0,240475.0,61
2026-09-03T14:10:00+0530,240440.0,240510.0,240350.0,240471.0,72
2026-09-03T14:15:00+0530,240477.0,240799.0,240477.0,240622.0,69
2026-09-03T14:20:00+0530,240640.0,240691.0,240313.0,240461.0,63
2026-09-03T14:25:00+0530,240461.0,240550.0,240405.0,240534.0,28
2026-09-03T14:30:00+0530,240455.0,240500.0,240350.0,240401.0,93
2026-09-03T14:35:00+0530,240371.0,240610.0,240332.0,240510.0,87
2026-09-03T14:40:00+0530,240455.0,240499.0,240391.0,240391.0,33
2026-09-03T14:45:00+0530,240360.0,240379.0,240178.0,240205.0,114
2026-09-03T14:50:00+0530,240240.0,240300.0,240125.0,240145.0,67
2026-09-03T14:55:00+0530,240145.0,240397.0,240122.0,240213.0,77
2026-09-03T15:00:00+0530,240300.0,240301.0,240172.0,240226.0,53
2026-09-03T15:05:00+0530,240201.0,240253.0,239921.0,240069.0,186
2026-09-03T15:10:00+0530,240070.0,240158.0,239908.0,239980.0,84
2026-09-03T15:15:00+0530,239936.0,240095.0,239812.0,239911.0,218
2026-09-03T15:20:00+0530,239928.0,240119.0,239850.0,239900.0,101
2026-09-03T15:25:00+0530,239900.0,239900.0,239459.0,239475.0,417
2026-09-03T15:30:00+0530,239466.0,239699.0,239369.0,239666.0,437
2026-09-03T15:35:00+0530,239695.0,239695.0,239462.0,239509.0,118
2026-09-03T15:40:00+0530,239441.0,239600.0,239305.0,239340.0,303
2026-09-03T15:45:00+0530,239312.0,239479.0,239057.0,239128.0,260
2026-09-03T15:50:00+0530,239100.0,239463.0,239000.0,239151.0,364
2026-09-03T15:55:00+0530,239187.0,239460.0,239152.0,239364.0,188
2026-09-03T16:00:00+0530,239325.0,239355.0,239050.0,239238.0,162
2026-09-03T16:05:00+0530,239278.0,239699.0,239278.0,239633.0,160
2026-09-03T16:10:00+0530,239633.0,239845.0,239605.0,239750.0,145
2026-09-03T16:15:00+0530,239713.0,239799.0,239415.0,239472.0,140
2026-09-03T16:20:00+0530,239453.0,239800.0,239453.0,239735.0,87
2026-09-03T16:25:00+0530,239760.0,239975.0,239651.0,239651.0,171
2026-09-03T16:30:00+0530,239507.0,239951.0,239507.0,239821.0,129
2026-09-03T16:35:00+0530,239821.0,240100.0,239715.0,240048.0,137
2026-09-03T16:40:00+0530,240098.0,240349.0,240087.0,240240.0,343
2026-09-03T16:45:00+0530,240234.0,240499.0,240050.0,240280.0,434
2026-09-03T16:50:00+0530,240280.0,240324.0,240056.0,240070.0,80
2026-09-03T16:55:00+0530,240073.0,240300.0,240073.0,240285.0,125
2026-09-03T17:00:00+0530,240226.0,240321.0,239727.0,239987.0,341
2026-09-03T17:05:00+0530,239987.0,239987.0,239687.0,239840.0,220
2026-09-03T17:10:00+0530,239800.0,239987.0,239792.0,239900.0,109
2026-09-03T17:15:00+0530,239917.0,239982.0,239651.0,239877.0,186
2026-09-03T17:20:00+0530,239797.0,239800.0,239555.0,239739.0,197
2026-09-03T17:25:00+0530,239759.0,240078.0,239687.0,240024.0,197
2026-09-03T17:30:00+0530,240052.0,240275.0,239772.0,240230.0,223
2026-09-03T17:35:00+0530,240221.0,240229.0,239906.0,240143.0,124
2026-09-03T17:40:00+0530,240101.0,240250.0,239908.0,239981.0,164
2026-09-03T17:45:00+0530,239901.0,239971.0,239720.0,239809.0,179
2026-09-03T17:50:00+0530,239893.0,240305.0,239768.0,240302.0,215
2026-09-03T17:55:00+0530,240231.0,240500.0,240218.0,240308.0,272
2026-09-03T18:00:00+0530,240400.0,241371.0,240400.0,241050.0,1625
2026-09-03T18:05:00+0530,241169.0,241900.0,240720.0,241470.0,1064
2026-09-03T18:10:00+0530,241418.0,241500.0,240850.0,240905.0,574
2026-09-03T18:15:00+0530,240910.0,241489.0,240904.0,241458.0,375
2026-09-03T18:20:00+0530,241493.0,242100.0,241469.0,242066.0,950
2026-09-03T18:25:00+0530,242050.0,242316.0,241891.0,242129.0,1220
2026-09-03T18:30:00+0530,242140.0,242200.0,241716.0,241720.0,924
2026-09-03T18:35:00+0530,241757.0,241941.0,241455.0,241748.0,515
2026-09-03T18:40:00+0530,241787.0,241882.0,241590.0,241700.0,197
2026-09-03T18:45:00+0530,241645.0,241775.0,241327.0,241399.0,266
2026-09-03T18:50:00+0530,241353.0,241846.0,241313.0,241812.0,241
2026-09-03T18:55:00+0530,241850.0,241865.0,241502.0,241700.0,189
2026-09-03T19:00:00+0530,241700.0,241788.0,241411.0,241491.0,221
2026-09-03T19:05:00+0530,241482.0,241526.0,241241.0,241274.0,150
2026-09-03T19:10:00+0530,241274.0,241287.0,240925.0,241023.0,440
2026-09-03T19:15:00+0530,241014.0,241073.0,240590.0,240859.0,454
2026-09-03T19:20:00+0530,240893.0,241380.0,240803.0,241349.0,399
2026-09-03T19:25:00+0530,241350.0,241550.0,241227.0,241490.0,268
2026-09-03T19:30:00+0530,241261.0,241326.0,240900.0,241056.0,470
2026-09-03T19:35:00+0530,241043.0,241369.0,240902.0,241048.0,130
2026-09-03T19:40:00+0530,241050.0,241300.0,240996.0,241219.0,117
2026-09-03T19:45:00+0530,241321.0,241750.0,241313.0,241750.0,391
2026-09-03T19:50:00+0530,241754.0,241930.0,241461.0,241660.0,404
2026-09-03T19:55:00+0530,241700.0,241769.0,241453.0,241711.0,160
2026-09-03T20:00:00+0530,241652.0,241750.0,241336.0,241353.0,174
2026-09-03T20:05:00+0530,241323.0,241439.0,241120.0,241380.0,220
2026-09-03T20:10:00+0530,241360.0,241440.0,241250.0,241337.0,78
2026-09-03T20:15:00+0530,241377.0,241932.0,241377.0,241619.0,301
2026-09-03T20:20:00+0530,241562.0,241799.0,241524.0,241638.0,156
2026-09-03T20:25:00+0530,241638.0,242100.0,241450.0,242000.0,579
2026-09-03T20:30:00+0530,242115.0,243125.0,242051.0,242900.0,1703
2026-09-03T20:35:00+0530,242800.0,243670.0,242800.0,243420.0,1756
2026-09-03T20:40:00+0530,243428.0,243697.0,243280.0,243635.0,795
2026-09-03T20:45:00+0530,243739.0,244050.0,243620.0,244038.0,1031
2026-09-03T20:50:00+0530,244000.0,244000.0,243473.0,243658.0,654
2026-09-03T20:55:00+0530,243654.0,244000.0,243631.0,243950.0,491
2026-09-03T21:00:00+0530,244000.0,244400.0,243602.0,243925.0,867
2026-09-03T21:05:00+0530,243912.0,244030.0,243205.0,243438.0,486
2026-09-03T21:10:00+0530,243383.0,243594.0,243330.0,243402.0,263
2026-09-03T21:15:00+0530,243401.0,243427.0,243035.0,243088.0,351
2026-09-03T21:20:00+0530,243065.0,243559.0,243001.0,243410.0,383
2026-09-03T21:25:00+0530,243388.0,243458.0,243198.0,243458.0,186
2026-09-03T21:30:00+0530,243480.0,243520.0,243260.0,243275.0,121
2026-09-03T21:35:00+0530,243208.0,243406.0,243110.0,243261.0,158
2026-09-03T21:40:00+0530,243279.0,243568.0,243279.0,243470.0,179
2026-09-03T21:45:00+0530,243490.0,243688.0,243490.0,243557.0,168
2026-09-03T21:50:00+0530,243598.0,243598.0,243350.0,243465.0,92
2026-09-03T21:55:00+0530,243500.0,243600.0,243465.0,243478.0,80
2026-09-03T22:00:00+0530,243479.0,243710.0,243358.0,243392.0,160
2026-09-03T22:05:00+0530,243350.0,243479.0,243300.0,243425.0,72
2026-09-03T22:10:00+0530,243459.0,243480.0,243143.0,243165.0,108
2026-09-03T22:15:00+0530,243237.0,243418.0,243170.0,243238.0,97
2026-09-03T22:20:00+0530,243228.0,243259.0,243101.0,243250.0,50
2026-09-03T22:25:00+0530,243202.0,243360.0,243202.0,243296.0,53
2026-09-03T22:30:00+0530,243314.0,243714.0,243314.0,243714.0,200
2026-09-03T22:35:00+0530,243625.0,243752.0,243511.0,243570.0,97
2026-09-03T22:40:00+0530,243555.0,243556.0,243450.0,243481.0,49
2026-09-03T22:45:00+0530,243497.0,243553.0,243330.0,243400.0,95
2026-09-03T22:50:00+0530,243400.0,243658.0,243369.0,243617.0,120
2026-09-03T22:55:00+0530,243604.0,243749.0,243497.0,243749.0,150
2026-09-03T23:00:00+0530,243730.0,243900.0,243661.0,243807.0,288
2026-09-03T23:05:00+0530,243839.0,244050.0,243810.0,244015.0,325
2026-09-03T23:10:00+0530,244015.0,244149.0,244000.0,244149.0,268
2026-09-03T23:15:00+0530,244148.0,244200.0,244100.0,244180.0,361
2026-09-03T23:20:00+0530,244132.0,244180.0,243926.0,244140.0,467
2026-09-03T23:25:00+0530,244140.0,244246.0,244102.0,244190.0,471
2026-09-03T23:30:00+0530,244190.0,244190.0,244190.0,244190.0,0
2026-09-04T09:00:00+0530,243334.0,243334.0,242203.0,242763.0,1098
2026-09-04T09:05:00+0530,242824.0,243157.0,242761.0,243039.0,264
2026-09-04T09:10:00+0530,242951.0,242960.0,242708.0,242775.0,219
2026-09-04T09:15:00+0530,242775.0,242776.0,242270.0,242535.0,515
2026-09-04T09:20:00+0530,242503.0,242530.0,242350.0,242428.0,263
2026-09-04T09:25:00+0530,242446.0,242671.0,242401.0,242537.0,209
2026-09-04T09:30:00+0530,242510.0,242540.0,242217.0,242539.0,249
2026-09-04T09:35:00+0530,242519.0,242599.0,242483.0,242599.0,88
2026-09-04T09:40:00+0530,242629.0,242777.0,242508.0,242508.0,239
2026-09-04T09:45:00+0530,242569.0,242750.0,242350.0,242651.0,153
2026-09-04T09:50:00+0530,242579.0,242730.0,242579.0,242700.0,89
2026-09-04T09:55:00+0530,242706.0,242951.0,242619.0,242904.0,135
2026-09-04T10:00:00+0530,242911.0,243174.0,242866.0,242957.0,224
2026-09-04T10:05:00+0530,242944.0,243105.0,242927.0,243034.0,169
2026-09-04T10:10:00+0530,243094.0,243118.0,242979.0,243061.0,83
2026-09-04T10:15:00+0530,243120.0,243157.0,242949.0,242949.0,116
2026-09-04T10:20:00+0530,242949.0,242962.0,242812.0,242865.0,74
2026-09-04T10:25:00+0530,242865.0,243001.0,242838.0,242965.0,60
2026-09-04T10:30:00+0530,242985.0,243120.0,242752.0,242856.0,82
2026-09-04T10:35:00+0530,242850.0,242850.0,242509.0,242604.0,157
2026-09-04T10:40:00+0530,242615.0,242625.0,242322.0,242605.0,191
2026-09-04T10:45:00+0530,242650.0,243085.0,242650.0,242995.0,217
2026-09-04T10:50:00+0530,242995.0,243014.0,242678.0,242702.0,61
2026-09-04T10:55:00+0530,242702.0,242728.0,242405.0,242405.0,127
2026-09-04T11:00:00+0530,242378.0,243066.0,242350.0,242899.0,259
2026-09-04T11:05:00+0530,242899.0,242958.0,242642.0,242910.0,79
2026-09-04T11:10:00+0530,242910.0,243050.0,242628.0,242659.0,104
2026-09-04T11:15:00+0530,242635.0,242805.0,242613.0,242803.0,49
2026-09-04T11:20:00+0530,242722.0,242722.0,242585.0,242585.0,65
2026-09-04T11:25:00+0530,242580.0,242700.0,242580.0,242640.0,69
2026-09-04T11:30:00+0530,242640.0,242720.0,242591.0,242638.0,78
2026-09-04T11:35:00+0530,242624.0,242647.0,242360.0,242555.0,165
2026-09-04T11:40:00+0530,242475.0,242612.0,242290.0,242408.0,147
2026-09-04T11:45:00+0530,242408.0,242427.0,242254.0,242262.0,100
2026-09-04T11:50:00+0530,242278.0,242479.0,242241.0,242269.0,112
2026-09-04T11:55:00+0530,242300.0,242475.0,242269.0,242400.0,68
2026-09-04T12:00:00+0530,242359.0,242401.0,241713.0,241766.0,587
2026-09-04T12:05:00+0530,241731.0,241900.0,241255.0,241782.0,618
2026-09-04T12:10:00+0530,241859.0,241991.0,241538.0,241725.0,152
2026-09-04T12:15:00+0530,241705.0,241799.0,241395.0,241605.0,248
2026-09-04T12:20:00+0530,241604.0,241959.0,241520.0,241933.0,140
2026-09-04T12:25:00+0530,242000.0,242249.0,241850.0,242206.0,147
2026-09-04T12:30:00+0530,242200.0,242483.0,242112.0,242432.0,117
2026-09-04T12:35:00+0530,242434.0,242645.0,242342.0,242513.0,191
2026-09-04T12:40:00+0530,242584.0,242611.0,242343.0,242372.0,146
2026-09-04T12:45:00+0530,242305.0,242440.0,242203.0,242386.0,83
2026-09-04T12:50:00+0530,242425.0,242541.0,242412.0,242541.0,61
2026-09-04T12:55:00+0530,242540.0,242890.0,242500.0,242875.0,214
2026-09-04T13:00:00+0530,242884.0,243000.0,242751.0,242800.0,263
2026-09-04T13:05:00+0530,242825.0,242975.0,242825.0,242858.0,84
2026-09-04T13:10:00+0530,242851.0,243500.0,242807.0,243375.0,454
2026-09-04T13:15:00+0530,243433.0,243750.0,243375.0,243508.0,569
2026-09-04T13:20:00+0530,243599.0,243674.0,243224.0,243341.0,226
2026-09-04T13:25:00+0530,243344.0,243429.0,243250.0,243426.0,97
2026-09-04T13:30:00+0530,243420.0,243880.0,243420.0,243766.0,235
2026-09-04T13:35:00+0530,243816.0,243825.0,243412.0,243412.0,157
2026-09-04T13:40:00+0530,243466.0,243682.0,243466.0,243527.0,118
2026-09-04T13:45:00+0530,243580.0,243870.0,243580.0,243641.0,162
2026-09-04T13:50:00+0530,243611.0,243680.0,243351.0,243351.0,133
2026-09-04T13:55:00+0530,243351.0,243500.0,243225.0,243499.0,162
2026-09-04T14:00:00+0530,243523.0,243688.0,243412.0,243510.0,109
2026-09-04T14:05:00+0530,243501.0,243520.0,243275.0,243275.0,77
2026-09-04T14:10:00+0530,243250.0,243323.0,243167.0,243290.0,77
2026-09-04T14:15:00+0530,243266.0,243350.0,243150.0,243150.0,60
2026-09-04T14:20:00+0530,243148.0,243410.0,243083.0,243398.0,86
2026-09-04T14:25:00+0530,243346.0,243600.0,243346.0,243504.0,82
2026-09-04T14:30:00+0530,243487.0,243573.0,243425.0,243425.0,43
2026-09-04T14:35:00+0530,243380.0,243380.0,243135.0,243156.0,126
2026-09-04T14:40:00+0530,243170.0,243229.0,242752.0,242875.0,223
2026-09-04T14:45:00+0530,242959.0,243000.0,242801.0,242801.0,128
2026-09-04T14:50:00+0530,242800.0,242800.0,242322.0,242542.0,272
2026-09-04T14:55:00+0530,242500.0,242640.0,242345.0,242578.0,161
2026-09-04T15:00:00+0530,242582.0,242948.0,242549.0,242796.0,172
2026-09-04T15:05:00+0530,242757.0,242849.0,242672.0,242709.0,96
2026-09-04T15:10:00+0530,242661.0,242693.0,242529.0,242625.0,71
2026-09-04T15:15:00+0530,242647.0,242885.0,242647.0,242885.0,66
2026-09-04T15:20:00+0530,242827.0,242874.0,242759.0,242759.0,61
2026-09-04T15:25:00+0530,242717.0,242767.0,242600.0,242666.0,63
2026-09-04T15:30:00+0530,242660.0,242720.0,242516.0,242579.0,93
2026-09-04T15:35:00+0530,242576.0,242830.0,242526.0,242830.0,107
2026-09-04T15:40:00+0530,242840.0,243101.0,242800.0,243056.0,178
2026-09-04T15:45:00+0530,243050.0,243134.0,242963.0,243130.0,177
2026-09-04T15:50:00+0530,243150.0,243250.0,242833.0,242896.0,211
2026-09-04T15:55:00+0530,242897.0,243158.0,242781.0,243100.0,127
2026-09-04T16:00:00+0530,243051.0,243330.0,243051.0,243213.0,201
2026-09-04T16:05:00+0530,243223.0,243223.0,242935.0,243130.0,92
2026-09-04T16:10:00+0530,243186.0,243250.0,243148.0,243148.0,80
2026-09-04T16:15:00+0530,243160.0,243426.0,243081.0,243200.0,125
2026-09-04T16:20:00+0530,243250.0,243273.0,243060.0,243139.0,53
2026-09-04T16:25:00+0530,243100.0,243184.0,242950.0,242950.0,63
2026-09-04T16:30:00+0530,242882.0,242969.0,242802.0,242966.0,98
2026-09-04T16:35:00+0530,242938.0,242955.0,242702.0,242777.0,149
2026-09-04T16:40:00+0530,242778.0,242964.0,242692.0,242964.0,66
2026-09-04T16:45:00+0530,242939.0,243079.0,242720.0,242758.0,71
2026-09-04T16:50:00+0530,242758.0,242951.0,242733.0,242926.0,48
2026-09-04T16:55:00+0530,242810.0,242844.0,242601.0,242663.0,90
2026-09-04T17:00:00+0530,242663.0,242757.0,242478.0,242482.0,205
2026-09-04T17:05:00+0530,242483.0,242783.0,242427.0,242731.0,151
2026-09-04T17:10:00+0530,242722.0,242792.0,242551.0,242688.0,52
2026-09-04T17:15:00+0530,242720.0,242881.0,242720.0,242790.0,61
2026-09-04T17:20:00+0530,242790.0,243200.0,242779.0,243100.0,249
2026-09-04T17:25:00+0530,243100.0,243190.0,242832.0,242866.0,158
2026-09-04T17:30:00+0530,242928.0,243039.0,242642.0,242952.0,143
2026-09-04T17:35:00+0530,242953.0,242953.0,242682.0,242682.0,104
2026-09-04T17:40:00+0530,242683.0,242796.0,242394.0,242460.0,406
2026-09-04T17:45:00+0530,242581.0,242813.0,242525.0,242725.0,224
2026-09-04T17:50:00+0530,242778.0,242974.0,242700.0,242926.0,186
2026-09-04T17:55:00+0530,242870.0,243548.0,242800.0,243354.0,528
2026-09-04T18:00:00+0530,243329.0,243329.0,238100.0,239011.0,7373
2026-09-04T18:05:00+0530,239026.0,239495.0,238582.0,238928.0,1688
2026-09-04T18:10:00+0530,238881.0,239680.0,238625.0,238687.0,1426
2026-09-04T18:15:00+0530,238570.0,238912.0,237495.0,238895.0,2052
2026-09-04T18:20:00+0530,238806.0,239585.0,238628.0,239255.0,912
2026-09-04T18:25:00+0530,239205.0,239350.0,238402.0,238418.0,1005
2026-09-04T18:30:00+0530,238405.0,238405.0,236648.0,237420.0,2671
2026-09-04T18:35:00+0530,237363.0,237873.0,237128.0,237770.0,802
2026-09-04T18:40:00+0530,237748.0,238367.0,237450.0,238171.0,520
2026-09-04T18:45:00+0530,238185.0,238500.0,237837.0,238328.0,437
2026-09-04T18:50:00+0530,238316.0,238751.0,238085.0,238579.0,494
2026-09-04T18:55:00+0530,238506.0,238653.0,238322.0,238570.0,265
2026-09-04T19:00:00+0530,238450.0,239171.0,238290.0,238652.0,847
2026-09-04T19:05:00+0530,238775.0,239000.0,238400.0,238400.0,387
2026-09-04T19:10:00+0530,238450.0,239234.0,238219.0,239234.0,657
2026-09-04T19:15:00+0530,239189.0,239755.0,239018.0,239537.0,826
2026-09-04T19:20:00+0530,239586.0,239780.0,239142.0,239164.0,544
2026-09-04T19:25:00+0530,239245.0,239289.0,238508.0,238508.0,503
2026-09-04T19:30:00+0530,238510.0,238900.0,238500.0,238900.0,401
2026-09-04T19:35:00+0530,238900.0,239555.0,238864.0,239550.0,405
2026-09-04T19:40:00+0530,239547.0,240183.0,239220.0,240134.0,737
2026-09-04T19:45:00+0530,240131.0,240290.0,239711.0,239738.0,535
2026-09-04T19:50:00+0530,239702.0,239859.0,239450.0,239638.0,297
2026-09-04T19:55:00+0530,239662.0,239997.0,239650.0,239728.0,245
2026-09-04T20:00:00+0530,239710.0,240250.0,239624.0,240107.0,398
2026-09-04T20:05:00+0530,240106.0,240200.0,239433.0,239493.0,327
2026-09-04T20:10:00+0530,239497.0,239608.0,239054.0,239385.0,441
2026-09-04T20:15:00+0530,239315.0,239545.0,239071.0,239350.0,215
2026-09-04T20:20:00+0530,239350.0,239452.0,238810.0,238823.0,260
2026-09-04T20:25:00+0530,238811.0,239757.0,238811.0,239696.0,286
2026-09-04T20:30:00+0530,239652.0,239760.0,239332.0,239760.0,145
2026-09-04T20:35:00+0530,239800.0,240090.0,239760.0,239916.0,254
2026-09-04T20:40:00+0530,239950.0,240060.0,239739.0,240027.0,212
2026-09-04T20:45:00+0530,240010.0,240384.0,239951.0,240384.0,394
2026-09-04T20:50:00+0530,240392.0,240395.0,239721.0,239962.0,312
2026-09-04T20:55:00+0530,239966.0,240200.0,239750.0,239750.0,156
2026-09-04T21:00:00+0530,239720.0,240146.0,239700.0,240011.0,210
2026-09-04T21:05:00+0530,239953.0,240000.0,239801.0,239937.0,95
2026-09-04T21:10:00+0530,239881.0,240329.0,239800.0,240069.0,263
2026-09-04T21:15:00+0530,240078.0,240171.0,239902.0,240026.0,110
2026-09-04T21:20:00+0530,240011.0,240200.0,239842.0,239842.0,174
2026-09-04T21:25:00+0530,239800.0,239868.0,239600.0,239742.0,137
2026-09-04T21:30:00+0530,239800.0,240095.0,239795.0,239951.0,87
2026-09-04T21:35:00+0530,239952.0,239974.0,239475.0,239475.0,320
2026-09-04T21:40:00+0530,239478.0,239816.0,239350.0,239766.0,168
2026-09-04T21:45:00+0530,239801.0,240100.0,239653.0,239975.0,119
2026-09-04T21:50:00+0530,239991.0,240000.0,239590.0,239721.0,122
2026-09-04T21:55:00+0530,239785.0,239860.0,239702.0,239800.0,57
2026-09-04T22:00:00+0530,239860.0,239999.0,239827.0,239985.0,91
2026-09-04T22:05:00+0530,240000.0,240017.0,239783.0,239811.0,161
2026-09-04T22:10:00+0530,239815.0,239865.0,239611.0,239822.0,134
2026-09-04T22:15:00+0530,239800.0,240014.0,239800.0,239966.0,154
2026-09-04T22:20:00+0530,239968.0,239968.0,239772.0,239843.0,93
2026-09-04T22:25:00+0530,239777.0,239847.0,239717.0,239815.0,74
2026-09-04T22:30:00+0530,239782.0,239782.0,239400.0,239599.0,208
2026-09-04T22:35:00+0530,239559.0,239795.0,239516.0,239700.0,63
2026-09-04T22:40:00+0530,239720.0,239769.0,239650.0,239710.0,50
2026-09-04T22:45:00+0530,239690.0,240075.0,239659.0,239950.0,165
2026-09-04T22:50:00+0530,240000.0,240199.0,239782.0,239904.0,311
2026-09-04T22:55:00+0530,239877.0,239922.0,239677.0,239677.0,107
2026-09-04T23:00:00+0530,239651.0,239777.0,239500.0,239541.0,179
2026-09-04T23:05:00+0530,239570.0,239666.0,239550.0,239620.0,73
2026-09-04T23:10:00+0530,239650.0,239650.0,239263.0,239339.0,291
2026-09-04T23:15:00+0530,239341.0,239393.0,239226.0,239289.0,292
2026-09-04T23:20:00+0530,239300.0,239599.0,239266.0,239550.0,311
2026-09-04T23:25:00+0530,239542.0,239597.0,239400.0,239495.0,473
